"Taxonomy","k","p","c","o","f","g","s","RE-HU_8_SCAT","NE-FL_NA_1_SCAT","PE-PO_11_SCAT","PE-PO_11_R_SCAT","PE-PO_26_SCAT","RE-HU_8_SWAB","NE-FL_NA_1_SWAB","PE-PO_11_SWAB","PE-PO_11_R_SWAB","PE-PO_26_SWAB"
"k__Fungi;p__Ascomycota;c__Arthoniomycetes;o__Lichenostigmatales;f__Phaeococcomycetaceae;g__Phaeococcomyces;s__NA","Fungi","Ascomycota","Arthoniomycetes","Lichenostigmatales","Phaeococcomycetaceae","Phaeococcomyces",NA,0,0,0,0,0,0,0,0,0,0
"k__Fungi;p__Ascomycota;c__Arthoniomycetes;o__Lichenostigmatales;f__Phaeococcomycetaceae;g__Phaeococcomyces;s__rothmanniae","Fungi","Ascomycota","Arthoniomycetes","Lichenostigmatales","Phaeococcomycetaceae","Phaeococcomyces","rothmanniae",0,0,0,0,0,13,0,0,0,0
"k__Fungi;p__Ascomycota;c__Dothideomycetes;o__Botryosphaeriales;f__Botryosphaeriaceae;g__Botryosphaeria;s__agaves","Fungi","Ascomycota","Dothideomycetes","Botryosphaeriales","Botryosphaeriaceae","Botryosphaeria","agaves",0,0,0,0,0,0,0,0,0,0
"k__Fungi;p__Ascomycota;c__Dothideomycetes;o__Botryosphaeriales;f__Botryosphaeriaceae;g__Diplodia;s__africana-cupressi","Fungi","Ascomycota","Dothideomycetes","Botryosphaeriales","Botryosphaeriaceae","Diplodia","africana-cupressi",0,0,0,0,0,0,0,0,0,0
"k__Fungi;p__Ascomycota;c__Dothideomycetes;o__Botryosphaeriales;f__Botryosphaeriaceae;g__Diplodia;s__pseudoseriata","Fungi","Ascomycota","Dothideomycetes","Botryosphaeriales","Botryosphaeriaceae","Diplodia","pseudoseriata",0,0,0,0,30,0,0,0,0,0
"k__Fungi;p__Ascomycota;c__Dothideomycetes;o__Botryosphaeriales;f__Botryosphaeriaceae;g__Dothiorella;s__vinea-gemmae","Fungi","Ascomycota","Dothideomycetes","Botryosphaeriales","Botryosphaeriaceae","Dothiorella","vinea-gemmae",0,0,0,0,0,0,0,0,0,0
"k__Fungi;p__Ascomycota;c__Dothideomycetes;o__Botryosphaeriales;f__Botryosphaeriaceae;g__Lasiodiplodia;s__NA","Fungi","Ascomycota","Dothideomycetes","Botryosphaeriales","Botryosphaeriaceae","Lasiodiplodia",NA,0,0,166,0,0,0,0,0,0,0
"k__Fungi;p__Ascomycota;c__Dothideomycetes;o__Botryosphaeriales;f__Botryosphaeriaceae;g__Lasiodiplodia;s__mediterranea-viticola","Fungi","Ascomycota","Dothideomycetes","Botryosphaeriales","Botryosphaeriaceae","Lasiodiplodia","mediterranea-viticola",0,0,0,0,0,0,0,0,0,0
"k__Fungi;p__Ascomycota;c__Dothideomycetes;o__Botryosphaeriales;f__Botryosphaeriaceae;g__Lasiodiplodia;s__missouriana","Fungi","Ascomycota","Dothideomycetes","Botryosphaeriales","Botryosphaeriaceae","Lasiodiplodia","missouriana",0,0,0,0,0,0,0,0,0,0
"k__Fungi;p__Ascomycota;c__Dothideomycetes;o__Botryosphaeriales;f__Botryosphaeriaceae;g__Lasiodiplodia;s__sterculiae-thailandica","Fungi","Ascomycota","Dothideomycetes","Botryosphaeriales","Botryosphaeriaceae","Lasiodiplodia","sterculiae-thailandica",0,0,0,0,0,0,0,0,0,0
"k__Fungi;p__Ascomycota;c__Dothideomycetes;o__Botryosphaeriales;f__Botryosphaeriaceae;g__Tiarosporella;s__tritici","Fungi","Ascomycota","Dothideomycetes","Botryosphaeriales","Botryosphaeriaceae","Tiarosporella","tritici",0,0,226,0,0,0,0,0,0,0
"k__Fungi;p__Ascomycota;c__Dothideomycetes;o__Botryosphaeriales;f__NA;g__NA;s__NA","Fungi","Ascomycota","Dothideomycetes","Botryosphaeriales",NA,NA,NA,0,0,0,0,0,0,0,0,0,0
"k__Fungi;p__Ascomycota;c__Dothideomycetes;o__Botryosphaeriales;f__Phyllostictaceae;g__Phyllosticta;s__capitalensis","Fungi","Ascomycota","Dothideomycetes","Botryosphaeriales","Phyllostictaceae","Phyllosticta","capitalensis",0,0,0,0,0,0,0,0,0,0
"k__Fungi;p__Ascomycota;c__Dothideomycetes;o__Botryosphaeriales;f__Phyllostictaceae;g__Phyllosticta;s__paviae","Fungi","Ascomycota","Dothideomycetes","Botryosphaeriales","Phyllostictaceae","Phyllosticta","paviae",0,0,0,0,0,0,0,0,0,0
"k__Fungi;p__Ascomycota;c__Dothideomycetes;o__Capnodiales;f__Capnodiaceae;g__Polychaeton;s__citri","Fungi","Ascomycota","Dothideomycetes","Capnodiales","Capnodiaceae","Polychaeton","citri",0,0,0,0,0,0,0,0,0,0
"k__Fungi;p__Ascomycota;c__Dothideomycetes;o__Capnodiales;f__Cladosporiaceae;g__Cladosporium;s__NA","Fungi","Ascomycota","Dothideomycetes","Capnodiales","Cladosporiaceae","Cladosporium",NA,32,0,2463,233,117,5604,363,2107,3363,4384
"k__Fungi;p__Ascomycota;c__Dothideomycetes;o__Capnodiales;f__Cladosporiaceae;g__Cladosporium;s__aciculare","Fungi","Ascomycota","Dothideomycetes","Capnodiales","Cladosporiaceae","Cladosporium","aciculare",0,0,0,0,0,0,0,0,0,0
"k__Fungi;p__Ascomycota;c__Dothideomycetes;o__Capnodiales;f__Cladosporiaceae;g__Cladosporium;s__aphidis","Fungi","Ascomycota","Dothideomycetes","Capnodiales","Cladosporiaceae","Cladosporium","aphidis",0,0,0,0,0,0,0,0,0,0
"k__Fungi;p__Ascomycota;c__Dothideomycetes;o__Capnodiales;f__Cladosporiaceae;g__Cladosporium;s__cladosporioides-delicatulum-pseudocladosporioides","Fungi","Ascomycota","Dothideomycetes","Capnodiales","Cladosporiaceae","Cladosporium","cladosporioides-delicatulum-pseudocladosporioides",0,0,0,0,0,0,0,0,0,0
"k__Fungi;p__Ascomycota;c__Dothideomycetes;o__Capnodiales;f__Cladosporiaceae;g__Cladosporium;s__cycadicola","Fungi","Ascomycota","Dothideomycetes","Capnodiales","Cladosporiaceae","Cladosporium","cycadicola",0,0,0,0,0,0,0,0,0,0
"k__Fungi;p__Ascomycota;c__Dothideomycetes;o__Capnodiales;f__Cladosporiaceae;g__Cladosporium;s__dominicanum","Fungi","Ascomycota","Dothideomycetes","Capnodiales","Cladosporiaceae","Cladosporium","dominicanum",0,0,0,0,0,0,0,0,0,0
"k__Fungi;p__Ascomycota;c__Dothideomycetes;o__Capnodiales;f__Cladosporiaceae;g__Cladosporium;s__fusiforme","Fungi","Ascomycota","Dothideomycetes","Capnodiales","Cladosporiaceae","Cladosporium","fusiforme",0,0,0,0,0,22,0,0,0,0
"k__Fungi;p__Ascomycota;c__Dothideomycetes;o__Capnodiales;f__Cladosporiaceae;g__Cladosporium;s__grevilleae","Fungi","Ascomycota","Dothideomycetes","Capnodiales","Cladosporiaceae","Cladosporium","grevilleae",0,0,0,0,0,0,0,0,0,0
"k__Fungi;p__Ascomycota;c__Dothideomycetes;o__Capnodiales;f__Cladosporiaceae;g__Cladosporium;s__halotolerans-sphaerospermum","Fungi","Ascomycota","Dothideomycetes","Capnodiales","Cladosporiaceae","Cladosporium","halotolerans-sphaerospermum",0,0,0,0,0,179,0,131,82,0
"k__Fungi;p__Ascomycota;c__Dothideomycetes;o__Capnodiales;f__Cladosporiaceae;g__Cladosporium;s__langeronii-psychrotolerans","Fungi","Ascomycota","Dothideomycetes","Capnodiales","Cladosporiaceae","Cladosporium","langeronii-psychrotolerans",0,0,0,0,0,0,0,0,0,0
"k__Fungi;p__Ascomycota;c__Dothideomycetes;o__Capnodiales;f__Cladosporiaceae;g__Cladosporium;s__lignicola-sphaerospermum","Fungi","Ascomycota","Dothideomycetes","Capnodiales","Cladosporiaceae","Cladosporium","lignicola-sphaerospermum",0,0,0,0,0,0,0,0,0,0
"k__Fungi;p__Ascomycota;c__Dothideomycetes;o__Capnodiales;f__Cladosporiaceae;g__Cladosporium;s__sphaerospermum","Fungi","Ascomycota","Dothideomycetes","Capnodiales","Cladosporiaceae","Cladosporium","sphaerospermum",0,0,0,0,0,0,0,0,0,0
"k__Fungi;p__Ascomycota;c__Dothideomycetes;o__Capnodiales;f__Cladosporiaceae;g__Cladosporium;s__velox","Fungi","Ascomycota","Dothideomycetes","Capnodiales","Cladosporiaceae","Cladosporium","velox",0,0,0,0,0,0,0,0,0,0
"k__Fungi;p__Ascomycota;c__Dothideomycetes;o__Capnodiales;f__Cladosporiaceae;g__Davidiellomyces;s__australiensis","Fungi","Ascomycota","Dothideomycetes","Capnodiales","Cladosporiaceae","Davidiellomyces","australiensis",26,0,63,0,0,23,0,0,0,53
"k__Fungi;p__Ascomycota;c__Dothideomycetes;o__Capnodiales;f__Cladosporiaceae;g__Rachicladosporium;s__NA","Fungi","Ascomycota","Dothideomycetes","Capnodiales","Cladosporiaceae","Rachicladosporium",NA,0,0,0,0,0,0,102,0,0,0
"k__Fungi;p__Ascomycota;c__Dothideomycetes;o__Capnodiales;f__Cladosporiaceae;g__Rachicladosporium;s__americanum","Fungi","Ascomycota","Dothideomycetes","Capnodiales","Cladosporiaceae","Rachicladosporium","americanum",0,0,0,0,0,0,0,0,0,66
"k__Fungi;p__Ascomycota;c__Dothideomycetes;o__Capnodiales;f__Cladosporiaceae;g__Rachicladosporium;s__americanum-luculiae","Fungi","Ascomycota","Dothideomycetes","Capnodiales","Cladosporiaceae","Rachicladosporium","americanum-luculiae",0,0,0,0,0,0,0,0,0,0
"k__Fungi;p__Ascomycota;c__Dothideomycetes;o__Capnodiales;f__Cladosporiaceae;g__Toxicocladosporium;s__NA","Fungi","Ascomycota","Dothideomycetes","Capnodiales","Cladosporiaceae","Toxicocladosporium",NA,0,0,0,0,0,0,0,0,0,0
"k__Fungi;p__Ascomycota;c__Dothideomycetes;o__Capnodiales;f__Cladosporiaceae;g__Toxicocladosporium;s__posoqueriae","Fungi","Ascomycota","Dothideomycetes","Capnodiales","Cladosporiaceae","Toxicocladosporium","posoqueriae",0,0,39,0,0,0,0,701,154,0
"k__Fungi;p__Ascomycota;c__Dothideomycetes;o__Capnodiales;f__Cladosporiaceae;g__Toxicocladosporium;s__posoqueriae-strelitziae","Fungi","Ascomycota","Dothideomycetes","Capnodiales","Cladosporiaceae","Toxicocladosporium","posoqueriae-strelitziae",0,0,46,0,0,0,0,510,0,0
"k__Fungi;p__Ascomycota;c__Dothideomycetes;o__Capnodiales;f__Cladosporiaceae;g__Toxicocladosporium;s__pseudoveloxum","Fungi","Ascomycota","Dothideomycetes","Capnodiales","Cladosporiaceae","Toxicocladosporium","pseudoveloxum",0,0,0,0,0,0,0,0,74,0
"k__Fungi;p__Ascomycota;c__Dothideomycetes;o__Capnodiales;f__Cladosporiaceae;g__Toxicocladosporium;s__pseudoveloxum-rubrigenum","Fungi","Ascomycota","Dothideomycetes","Capnodiales","Cladosporiaceae","Toxicocladosporium","pseudoveloxum-rubrigenum",0,0,48,31,0,50,0,0,54,0
"k__Fungi;p__Ascomycota;c__Dothideomycetes;o__Capnodiales;f__Cladosporiaceae;g__Toxicocladosporium;s__rubrigenum","Fungi","Ascomycota","Dothideomycetes","Capnodiales","Cladosporiaceae","Toxicocladosporium","rubrigenum",0,0,0,0,0,0,15,0,0,70
"k__Fungi;p__Ascomycota;c__Dothideomycetes;o__Capnodiales;f__Cladosporiaceae;g__Toxicocladosporium;s__strelitziae","Fungi","Ascomycota","Dothideomycetes","Capnodiales","Cladosporiaceae","Toxicocladosporium","strelitziae",0,0,281,261,0,0,76,267,188,273
"k__Fungi;p__Ascomycota;c__Dothideomycetes;o__Capnodiales;f__Cladosporiaceae;g__Verrucocladosporium;s__dirinae","Fungi","Ascomycota","Dothideomycetes","Capnodiales","Cladosporiaceae","Verrucocladosporium","dirinae",0,0,0,0,0,0,0,0,0,0
"k__Fungi;p__Ascomycota;c__Dothideomycetes;o__Capnodiales;f__Dissoconiaceae;g__Dissoconium;s__NA","Fungi","Ascomycota","Dothideomycetes","Capnodiales","Dissoconiaceae","Dissoconium",NA,0,0,0,0,0,0,0,0,0,0
"k__Fungi;p__Ascomycota;c__Dothideomycetes;o__Capnodiales;f__Dissoconiaceae;g__Ramichloridium;s__NA","Fungi","Ascomycota","Dothideomycetes","Capnodiales","Dissoconiaceae","Ramichloridium",NA,0,0,0,0,0,0,0,0,0,0
"k__Fungi;p__Ascomycota;c__Dothideomycetes;o__Capnodiales;f__Dissoconiaceae;g__Ramichloridium;s__apiculatum","Fungi","Ascomycota","Dothideomycetes","Capnodiales","Dissoconiaceae","Ramichloridium","apiculatum",0,0,0,0,0,0,0,0,0,0
"k__Fungi;p__Ascomycota;c__Dothideomycetes;o__Capnodiales;f__Dissoconiaceae;g__Ramichloridium;s__eucleae","Fungi","Ascomycota","Dothideomycetes","Capnodiales","Dissoconiaceae","Ramichloridium","eucleae",0,0,0,0,0,19,0,162,0,0
"k__Fungi;p__Ascomycota;c__Dothideomycetes;o__Capnodiales;f__Dissoconiaceae;g__Uwebraunia;s__musae","Fungi","Ascomycota","Dothideomycetes","Capnodiales","Dissoconiaceae","Uwebraunia","musae",0,0,0,0,0,0,12,0,0,0
"k__Fungi;p__Ascomycota;c__Dothideomycetes;o__Capnodiales;f__Extremaceae;g__NA;s__NA","Fungi","Ascomycota","Dothideomycetes","Capnodiales","Extremaceae",NA,NA,0,0,0,0,0,0,0,0,0,0
"k__Fungi;p__Ascomycota;c__Dothideomycetes;o__Capnodiales;f__Mycosphaerellaceae;g__Cercospora;s__canescens","Fungi","Ascomycota","Dothideomycetes","Capnodiales","Mycosphaerellaceae","Cercospora","canescens",0,0,0,0,0,20,0,0,0,0
"k__Fungi;p__Ascomycota;c__Dothideomycetes;o__Capnodiales;f__Mycosphaerellaceae;g__Cercosporella;s__virgaureae","Fungi","Ascomycota","Dothideomycetes","Capnodiales","Mycosphaerellaceae","Cercosporella","virgaureae",0,0,0,0,0,0,0,0,0,0
"k__Fungi;p__Ascomycota;c__Dothideomycetes;o__Capnodiales;f__Mycosphaerellaceae;g__Mycosphaerella-Sphaerulina;s__flageoletiana-pelargonii","Fungi","Ascomycota","Dothideomycetes","Capnodiales","Mycosphaerellaceae","Mycosphaerella-Sphaerulina","flageoletiana-pelargonii",0,0,0,0,0,0,0,0,0,0
"k__Fungi;p__Ascomycota;c__Dothideomycetes;o__Capnodiales;f__Mycosphaerellaceae;g__Mycosphaerella;s__NA","Fungi","Ascomycota","Dothideomycetes","Capnodiales","Mycosphaerellaceae","Mycosphaerella",NA,0,0,34,0,0,0,0,0,0,0
"k__Fungi;p__Ascomycota;c__Dothideomycetes;o__Capnodiales;f__Mycosphaerellaceae;g__Mycosphaerella;s__flageoletiana","Fungi","Ascomycota","Dothideomycetes","Capnodiales","Mycosphaerellaceae","Mycosphaerella","flageoletiana",0,0,0,0,0,0,0,0,0,0
"k__Fungi;p__Ascomycota;c__Dothideomycetes;o__Capnodiales;f__Mycosphaerellaceae;g__NA;s__NA","Fungi","Ascomycota","Dothideomycetes","Capnodiales","Mycosphaerellaceae",NA,NA,0,0,246,354,0,92,0,557,144,103
"k__Fungi;p__Ascomycota;c__Dothideomycetes;o__Capnodiales;f__Mycosphaerellaceae;g__Pseudocercospora;s__NA","Fungi","Ascomycota","Dothideomycetes","Capnodiales","Mycosphaerellaceae","Pseudocercospora",NA,0,0,0,0,0,0,0,0,0,0
"k__Fungi;p__Ascomycota;c__Dothideomycetes;o__Capnodiales;f__Mycosphaerellaceae;g__Pseudocercospora;s__chamaecristae","Fungi","Ascomycota","Dothideomycetes","Capnodiales","Mycosphaerellaceae","Pseudocercospora","chamaecristae",0,0,0,0,0,0,0,0,0,0
"k__Fungi;p__Ascomycota;c__Dothideomycetes;o__Capnodiales;f__Mycosphaerellaceae;g__Pseudocercospora;s__mapelanensis","Fungi","Ascomycota","Dothideomycetes","Capnodiales","Mycosphaerellaceae","Pseudocercospora","mapelanensis",0,0,0,0,0,0,0,107,0,0
"k__Fungi;p__Ascomycota;c__Dothideomycetes;o__Capnodiales;f__Mycosphaerellaceae;g__Pseudocercospora;s__sphaerellae-eugeniae","Fungi","Ascomycota","Dothideomycetes","Capnodiales","Mycosphaerellaceae","Pseudocercospora","sphaerellae-eugeniae",0,0,0,0,0,0,0,0,0,0
"k__Fungi;p__Ascomycota;c__Dothideomycetes;o__Capnodiales;f__Mycosphaerellaceae;g__Pseudocercosporella;s__bakeri","Fungi","Ascomycota","Dothideomycetes","Capnodiales","Mycosphaerellaceae","Pseudocercosporella","bakeri",0,0,0,0,0,0,0,0,0,0
"k__Fungi;p__Ascomycota;c__Dothideomycetes;o__Capnodiales;f__Mycosphaerellaceae;g__Ramularia;s__NA","Fungi","Ascomycota","Dothideomycetes","Capnodiales","Mycosphaerellaceae","Ramularia",NA,0,0,0,0,0,0,28,0,0,0
"k__Fungi;p__Ascomycota;c__Dothideomycetes;o__Capnodiales;f__Mycosphaerellaceae;g__Ramularia;s__collo-cygni","Fungi","Ascomycota","Dothideomycetes","Capnodiales","Mycosphaerellaceae","Ramularia","collo-cygni",0,0,0,0,0,0,0,0,0,0
"k__Fungi;p__Ascomycota;c__Dothideomycetes;o__Capnodiales;f__Mycosphaerellaceae;g__Ramularia;s__eucalypti","Fungi","Ascomycota","Dothideomycetes","Capnodiales","Mycosphaerellaceae","Ramularia","eucalypti",0,0,0,0,0,0,0,0,0,0
"k__Fungi;p__Ascomycota;c__Dothideomycetes;o__Capnodiales;f__Mycosphaerellaceae;g__Ramularia;s__vizellae","Fungi","Ascomycota","Dothideomycetes","Capnodiales","Mycosphaerellaceae","Ramularia","vizellae",0,0,0,0,0,0,0,0,0,0
"k__Fungi;p__Ascomycota;c__Dothideomycetes;o__Capnodiales;f__Mycosphaerellaceae;g__Septoria;s__NA","Fungi","Ascomycota","Dothideomycetes","Capnodiales","Mycosphaerellaceae","Septoria",NA,0,0,0,0,0,0,0,0,0,0
"k__Fungi;p__Ascomycota;c__Dothideomycetes;o__Capnodiales;f__Mycosphaerellaceae;g__Sphaerulina;s__NA","Fungi","Ascomycota","Dothideomycetes","Capnodiales","Mycosphaerellaceae","Sphaerulina",NA,0,0,0,0,0,0,0,0,0,0
"k__Fungi;p__Ascomycota;c__Dothideomycetes;o__Capnodiales;f__Mycosphaerellaceae;g__Sphaerulina;s__pelargonii","Fungi","Ascomycota","Dothideomycetes","Capnodiales","Mycosphaerellaceae","Sphaerulina","pelargonii",0,0,0,0,0,0,0,0,0,0
"k__Fungi;p__Ascomycota;c__Dothideomycetes;o__Capnodiales;f__Mycosphaerellaceae;g__Teratoramularia;s__NA","Fungi","Ascomycota","Dothideomycetes","Capnodiales","Mycosphaerellaceae","Teratoramularia",NA,0,0,0,0,0,0,0,0,0,0
"k__Fungi;p__Ascomycota;c__Dothideomycetes;o__Capnodiales;f__Mycosphaerellaceae;g__Xenosonderhenia;s__eucalypti","Fungi","Ascomycota","Dothideomycetes","Capnodiales","Mycosphaerellaceae","Xenosonderhenia","eucalypti",0,0,0,0,0,0,0,0,0,0
"k__Fungi;p__Ascomycota;c__Dothideomycetes;o__Capnodiales;f__Mycosphaerellaceae;g__Xenosonderhenia;s__syzygii","Fungi","Ascomycota","Dothideomycetes","Capnodiales","Mycosphaerellaceae","Xenosonderhenia","syzygii",0,0,0,0,0,0,22,0,0,0
"k__Fungi;p__Ascomycota;c__Dothideomycetes;o__Capnodiales;f__Mycosphaerellaceae;g__Zasmidium;s__eucalyptigenum","Fungi","Ascomycota","Dothideomycetes","Capnodiales","Mycosphaerellaceae","Zasmidium","eucalyptigenum",0,0,0,0,0,0,11,0,0,0
"k__Fungi;p__Ascomycota;c__Dothideomycetes;o__Capnodiales;f__Mycosphaerellaceae;g__Zasmidium;s__nocoxi","Fungi","Ascomycota","Dothideomycetes","Capnodiales","Mycosphaerellaceae","Zasmidium","nocoxi",0,0,0,0,0,0,107,0,112,0
"k__Fungi;p__Ascomycota;c__Dothideomycetes;o__Capnodiales;f__Mycosphaerellaceae;g__Zasmidium;s__syzygii","Fungi","Ascomycota","Dothideomycetes","Capnodiales","Mycosphaerellaceae","Zasmidium","syzygii",0,0,0,0,0,0,0,0,0,0
"k__Fungi;p__Ascomycota;c__Dothideomycetes;o__Capnodiales;f__Mycosphaerellaceae;g__Zymoseptoria;s__halophila","Fungi","Ascomycota","Dothideomycetes","Capnodiales","Mycosphaerellaceae","Zymoseptoria","halophila",0,0,0,0,0,0,0,0,0,0
"k__Fungi;p__Ascomycota;c__Dothideomycetes;o__Capnodiales;f__NA;g__NA;s__NA","Fungi","Ascomycota","Dothideomycetes","Capnodiales",NA,NA,NA,0,0,0,0,0,0,314,335,0,255
"k__Fungi;p__Ascomycota;c__Dothideomycetes;o__Capnodiales;f__Neodevriesiaceae;g__NA;s__NA","Fungi","Ascomycota","Dothideomycetes","Capnodiales","Neodevriesiaceae",NA,NA,0,0,0,0,0,0,0,0,0,0
"k__Fungi;p__Ascomycota;c__Dothideomycetes;o__Capnodiales;f__Neodevriesiaceae;g__Neodevriesia;s__hilliana","Fungi","Ascomycota","Dothideomycetes","Capnodiales","Neodevriesiaceae","Neodevriesia","hilliana",0,0,0,0,0,0,0,0,0,0
"k__Fungi;p__Ascomycota;c__Dothideomycetes;o__Capnodiales;f__Neodevriesiaceae;g__Neodevriesia;s__hilliana-xanthorrhoeae","Fungi","Ascomycota","Dothideomycetes","Capnodiales","Neodevriesiaceae","Neodevriesia","hilliana-xanthorrhoeae",0,0,0,0,0,0,0,0,0,0
"k__Fungi;p__Ascomycota;c__Dothideomycetes;o__Capnodiales;f__Neodevriesiaceae;g__Neodevriesia;s__knoxdaviesii","Fungi","Ascomycota","Dothideomycetes","Capnodiales","Neodevriesiaceae","Neodevriesia","knoxdaviesii",0,0,0,0,0,0,0,0,0,0
"k__Fungi;p__Ascomycota;c__Dothideomycetes;o__Capnodiales;f__Neodevriesiaceae;g__Neodevriesia;s__lagerstroemiae","Fungi","Ascomycota","Dothideomycetes","Capnodiales","Neodevriesiaceae","Neodevriesia","lagerstroemiae",0,0,0,0,0,0,0,0,0,0
"k__Fungi;p__Ascomycota;c__Dothideomycetes;o__Capnodiales;f__Neodevriesiaceae;g__Neodevriesia;s__xanthorrhoeae","Fungi","Ascomycota","Dothideomycetes","Capnodiales","Neodevriesiaceae","Neodevriesia","xanthorrhoeae",0,0,0,0,0,0,0,0,0,0
"k__Fungi;p__Ascomycota;c__Dothideomycetes;o__Capnodiales;f__Schizothyriaceae;g__NA;s__NA","Fungi","Ascomycota","Dothideomycetes","Capnodiales","Schizothyriaceae",NA,NA,0,0,0,0,0,0,21,0,0,0
"k__Fungi;p__Ascomycota;c__Dothideomycetes;o__Capnodiales;f__Teratosphaeriaceae;g__Apenidiella;s__strumelloidea","Fungi","Ascomycota","Dothideomycetes","Capnodiales","Teratosphaeriaceae","Apenidiella","strumelloidea",0,0,0,0,0,0,0,0,0,0
"k__Fungi;p__Ascomycota;c__Dothideomycetes;o__Capnodiales;f__Teratosphaeriaceae;g__Camarosporula;s__persooniae","Fungi","Ascomycota","Dothideomycetes","Capnodiales","Teratosphaeriaceae","Camarosporula","persooniae",0,0,0,0,0,0,0,0,0,0
"k__Fungi;p__Ascomycota;c__Dothideomycetes;o__Capnodiales;f__Teratosphaeriaceae;g__Capnobotryella;s__NA","Fungi","Ascomycota","Dothideomycetes","Capnodiales","Teratosphaeriaceae","Capnobotryella",NA,0,0,0,0,0,0,0,0,0,0
"k__Fungi;p__Ascomycota;c__Dothideomycetes;o__Capnodiales;f__Teratosphaeriaceae;g__Catenulostroma;s__hermanusense","Fungi","Ascomycota","Dothideomycetes","Capnodiales","Teratosphaeriaceae","Catenulostroma","hermanusense",0,0,0,0,0,0,0,0,0,0
"k__Fungi;p__Ascomycota;c__Dothideomycetes;o__Capnodiales;f__Teratosphaeriaceae;g__Catenulostroma;s__lignicola","Fungi","Ascomycota","Dothideomycetes","Capnodiales","Teratosphaeriaceae","Catenulostroma","lignicola",0,0,0,0,0,27,0,0,0,0
"k__Fungi;p__Ascomycota;c__Dothideomycetes;o__Capnodiales;f__Teratosphaeriaceae;g__Devriesia;s__NA","Fungi","Ascomycota","Dothideomycetes","Capnodiales","Teratosphaeriaceae","Devriesia",NA,0,0,0,0,0,0,101,0,0,0
"k__Fungi;p__Ascomycota;c__Dothideomycetes;o__Capnodiales;f__Teratosphaeriaceae;g__Devriesia;s__tardicrescens","Fungi","Ascomycota","Dothideomycetes","Capnodiales","Teratosphaeriaceae","Devriesia","tardicrescens",0,0,0,0,0,0,0,0,0,0
"k__Fungi;p__Ascomycota;c__Dothideomycetes;o__Capnodiales;f__Teratosphaeriaceae;g__Lapidomyces;s__NA","Fungi","Ascomycota","Dothideomycetes","Capnodiales","Teratosphaeriaceae","Lapidomyces",NA,0,0,0,0,0,0,38,0,0,0
"k__Fungi;p__Ascomycota;c__Dothideomycetes;o__Capnodiales;f__Teratosphaeriaceae;g__NA;s__NA","Fungi","Ascomycota","Dothideomycetes","Capnodiales","Teratosphaeriaceae",NA,NA,0,0,0,0,0,21,0,0,0,121
"k__Fungi;p__Ascomycota;c__Dothideomycetes;o__Capnodiales;f__Teratosphaeriaceae;g__Neocatenulostroma;s__NA","Fungi","Ascomycota","Dothideomycetes","Capnodiales","Teratosphaeriaceae","Neocatenulostroma",NA,0,0,0,0,0,12,0,0,0,0
"k__Fungi;p__Ascomycota;c__Dothideomycetes;o__Capnodiales;f__Teratosphaeriaceae;g__Parateratosphaeria;s__persoonii","Fungi","Ascomycota","Dothideomycetes","Capnodiales","Teratosphaeriaceae","Parateratosphaeria","persoonii",0,0,0,0,0,329,0,0,0,0
"k__Fungi;p__Ascomycota;c__Dothideomycetes;o__Capnodiales;f__Teratosphaeriaceae;g__Penidiella;s__NA","Fungi","Ascomycota","Dothideomycetes","Capnodiales","Teratosphaeriaceae","Penidiella",NA,0,0,0,0,0,0,0,0,0,0
"k__Fungi;p__Ascomycota;c__Dothideomycetes;o__Capnodiales;f__Teratosphaeriaceae;g__Penidiella;s__aggregata","Fungi","Ascomycota","Dothideomycetes","Capnodiales","Teratosphaeriaceae","Penidiella","aggregata",0,0,0,0,0,0,0,0,0,0
"k__Fungi;p__Ascomycota;c__Dothideomycetes;o__Capnodiales;f__Teratosphaeriaceae;g__Recurvomyces;s__NA","Fungi","Ascomycota","Dothideomycetes","Capnodiales","Teratosphaeriaceae","Recurvomyces",NA,0,0,0,0,0,0,0,0,0,0
"k__Fungi;p__Ascomycota;c__Dothideomycetes;o__Capnodiales;f__Teratosphaeriaceae;g__Recurvomyces;s__mirabilis","Fungi","Ascomycota","Dothideomycetes","Capnodiales","Teratosphaeriaceae","Recurvomyces","mirabilis",0,0,0,32,0,87,0,0,0,0
"k__Fungi;p__Ascomycota;c__Dothideomycetes;o__Capnodiales;f__Teratosphaeriaceae;g__Teratosphaeria;s__NA","Fungi","Ascomycota","Dothideomycetes","Capnodiales","Teratosphaeriaceae","Teratosphaeria",NA,0,0,29,0,0,16,0,0,0,0
"k__Fungi;p__Ascomycota;c__Dothideomycetes;o__Capnodiales;f__Teratosphaeriaceae;g__Teratosphaeria;s__encephalarti","Fungi","Ascomycota","Dothideomycetes","Capnodiales","Teratosphaeriaceae","Teratosphaeria","encephalarti",0,0,0,0,0,0,0,210,0,0
"k__Fungi;p__Ascomycota;c__Dothideomycetes;o__Capnodiales;f__Teratosphaeriaceae;g__Xenopenidiella;s__rigidophora","Fungi","Ascomycota","Dothideomycetes","Capnodiales","Teratosphaeriaceae","Xenopenidiella","rigidophora",0,0,84,16,0,0,0,0,0,167
"k__Fungi;p__Ascomycota;c__Dothideomycetes;o__Capnodiales;f__Teratosphaeriaceae;g__Xenoteratosphaeria;s__jonkershoekensis","Fungi","Ascomycota","Dothideomycetes","Capnodiales","Teratosphaeriaceae","Xenoteratosphaeria","jonkershoekensis",0,0,0,71,0,0,0,0,50,0
"k__Fungi;p__Ascomycota;c__Dothideomycetes;o__Dothideales;f__Dothideaceae;g__Coniozyma;s__leucospermi","Fungi","Ascomycota","Dothideomycetes","Dothideales","Dothideaceae","Coniozyma","leucospermi",0,0,0,0,0,0,0,0,0,0
"k__Fungi;p__Ascomycota;c__Dothideomycetes;o__Dothideales;f__Dothideaceae;g__Endoconidioma;s__populi","Fungi","Ascomycota","Dothideomycetes","Dothideales","Dothideaceae","Endoconidioma","populi",0,0,0,0,0,0,0,0,0,0
"k__Fungi;p__Ascomycota;c__Dothideomycetes;o__Dothideales;f__Dothideaceae;g__NA;s__NA","Fungi","Ascomycota","Dothideomycetes","Dothideales","Dothideaceae",NA,NA,0,141,275,0,0,0,0,0,0,85
"k__Fungi;p__Ascomycota;c__Dothideomycetes;o__Dothideales;f__Dothideaceae;g__Rhizosphaera;s__kalkhoffii","Fungi","Ascomycota","Dothideomycetes","Dothideales","Dothideaceae","Rhizosphaera","kalkhoffii",0,0,52,0,0,0,37,0,0,0
"k__Fungi;p__Ascomycota;c__Dothideomycetes;o__Dothideales;f__Dothioraceae;g__NA;s__NA","Fungi","Ascomycota","Dothideomycetes","Dothideales","Dothioraceae",NA,NA,0,0,0,0,0,0,0,0,0,0
"k__Fungi;p__Ascomycota;c__Dothideomycetes;o__Dothideales;f__Dothioraceae;g__Pringsheimia;s__smilacis","Fungi","Ascomycota","Dothideomycetes","Dothideales","Dothioraceae","Pringsheimia","smilacis",0,0,39,0,0,0,0,0,0,0
"k__Fungi;p__Ascomycota;c__Dothideomycetes;o__Dothideales;f__NA;g__NA;s__NA","Fungi","Ascomycota","Dothideomycetes","Dothideales",NA,NA,NA,0,0,58,0,0,278,85,0,0,0
"k__Fungi;p__Ascomycota;c__Dothideomycetes;o__Dothideales;f__Saccotheciaceae;g__Aureobasidium;s__iranianum","Fungi","Ascomycota","Dothideomycetes","Dothideales","Saccotheciaceae","Aureobasidium","iranianum",0,0,0,0,0,32,0,214,52,0
"k__Fungi;p__Ascomycota;c__Dothideomycetes;o__Dothideales;f__Saccotheciaceae;g__Aureobasidium;s__leucospermi","Fungi","Ascomycota","Dothideomycetes","Dothideales","Saccotheciaceae","Aureobasidium","leucospermi",0,15,0,0,0,0,0,736,0,43
"k__Fungi;p__Ascomycota;c__Dothideomycetes;o__Dothideales;f__Saccotheciaceae;g__Aureobasidium;s__lini","Fungi","Ascomycota","Dothideomycetes","Dothideales","Saccotheciaceae","Aureobasidium","lini",0,0,0,0,0,0,0,0,0,0
"k__Fungi;p__Ascomycota;c__Dothideomycetes;o__Dothideales;f__Saccotheciaceae;g__Aureobasidium;s__lini-proteae-pullulans","Fungi","Ascomycota","Dothideomycetes","Dothideales","Saccotheciaceae","Aureobasidium","lini-proteae-pullulans",0,0,0,0,0,0,0,0,0,0
"k__Fungi;p__Ascomycota;c__Dothideomycetes;o__Dothideales;f__Saccotheciaceae;g__Aureobasidium;s__melanogenum","Fungi","Ascomycota","Dothideomycetes","Dothideales","Saccotheciaceae","Aureobasidium","melanogenum",35,0,2185,425,0,573,30,1541,142,533
"k__Fungi;p__Ascomycota;c__Dothideomycetes;o__Dothideales;f__Saccotheciaceae;g__Aureobasidium;s__namibiae","Fungi","Ascomycota","Dothideomycetes","Dothideales","Saccotheciaceae","Aureobasidium","namibiae",0,0,63,0,0,0,0,0,0,0
"k__Fungi;p__Ascomycota;c__Dothideomycetes;o__Dothideales;f__Saccotheciaceae;g__Aureobasidium;s__proteae-pullulans","Fungi","Ascomycota","Dothideomycetes","Dothideales","Saccotheciaceae","Aureobasidium","proteae-pullulans",0,0,0,0,0,0,0,0,0,0
"k__Fungi;p__Ascomycota;c__Dothideomycetes;o__Dothideales;f__Saccotheciaceae;g__Aureobasidium;s__subglaciale","Fungi","Ascomycota","Dothideomycetes","Dothideales","Saccotheciaceae","Aureobasidium","subglaciale",0,0,0,0,0,14,0,0,0,0
"k__Fungi;p__Ascomycota;c__Dothideomycetes;o__Hysteriales;f__Hysteriaceae;g__Rhytidhysteron;s__NA","Fungi","Ascomycota","Dothideomycetes","Hysteriales","Hysteriaceae","Rhytidhysteron",NA,0,0,0,0,0,0,0,0,0,0
"k__Fungi;p__Ascomycota;c__Dothideomycetes;o__Hysteriales;f__NA;g__NA;s__NA","Fungi","Ascomycota","Dothideomycetes","Hysteriales",NA,NA,NA,0,0,0,0,0,0,0,0,0,0
"k__Fungi;p__Ascomycota;c__Dothideomycetes;o__Kirschsteiniotheliales;f__Kirschsteiniotheliaceae;g__Kirschsteiniothelia;s__NA","Fungi","Ascomycota","Dothideomycetes","Kirschsteiniotheliales","Kirschsteiniotheliaceae","Kirschsteiniothelia",NA,0,0,0,0,0,0,0,0,0,0
"k__Fungi;p__Ascomycota;c__Dothideomycetes;o__Myriangiales;f__Elsinoaceae;g__NA;s__NA","Fungi","Ascomycota","Dothideomycetes","Myriangiales","Elsinoaceae",NA,NA,0,0,0,0,0,0,0,0,0,0
"k__Fungi;p__Ascomycota;c__Dothideomycetes;o__Myriangiales;f__Myriangiaceae;g__NA;s__NA","Fungi","Ascomycota","Dothideomycetes","Myriangiales","Myriangiaceae",NA,NA,0,0,0,0,0,0,0,0,0,0
"k__Fungi;p__Ascomycota;c__Dothideomycetes;o__Mytilinidiales;f__Mytilinidiaceae;g__Lophium;s__NA","Fungi","Ascomycota","Dothideomycetes","Mytilinidiales","Mytilinidiaceae","Lophium",NA,0,0,0,0,0,0,0,0,0,0
"k__Fungi;p__Ascomycota;c__Dothideomycetes;o__Mytilinidiales;f__NA;g__Halokirschsteiniothelia;s__maritima","Fungi","Ascomycota","Dothideomycetes","Mytilinidiales",NA,"Halokirschsteiniothelia","maritima",0,0,0,0,0,0,0,0,0,0
"k__Fungi;p__Ascomycota;c__Dothideomycetes;o__NA;f__Eremomycetaceae;g__Arthrographis;s__kalrae","Fungi","Ascomycota","Dothideomycetes",NA,"Eremomycetaceae","Arthrographis","kalrae",0,0,0,0,0,0,33,0,0,0
"k__Fungi;p__Ascomycota;c__Dothideomycetes;o__NA;f__Gloniaceae;g__Cenococcum;s__NA","Fungi","Ascomycota","Dothideomycetes",NA,"Gloniaceae","Cenococcum",NA,0,0,0,0,0,0,0,0,0,0
"k__Fungi;p__Ascomycota;c__Dothideomycetes;o__NA;f__Gloniaceae;g__Cenococcum;s__geophilum","Fungi","Ascomycota","Dothideomycetes",NA,"Gloniaceae","Cenococcum","geophilum",0,0,0,0,0,0,0,0,0,0
"k__Fungi;p__Ascomycota;c__Dothideomycetes;o__NA;f__Micropeltidaceae;g__Stomiopeltis;s__NA","Fungi","Ascomycota","Dothideomycetes",NA,"Micropeltidaceae","Stomiopeltis",NA,0,0,0,0,0,0,0,0,0,0
"k__Fungi;p__Ascomycota;c__Dothideomycetes;o__NA;f__NA;g__Coniosporium;s__uncinatum","Fungi","Ascomycota","Dothideomycetes",NA,NA,"Coniosporium","uncinatum",0,0,0,0,0,0,0,0,0,0
"k__Fungi;p__Ascomycota;c__Dothideomycetes;o__NA;f__NA;g__Gonatophragmium;s__triuniae","Fungi","Ascomycota","Dothideomycetes",NA,NA,"Gonatophragmium","triuniae",0,0,0,0,0,0,0,0,0,0
"k__Fungi;p__Ascomycota;c__Dothideomycetes;o__NA;f__NA;g__Leptospora;s__NA","Fungi","Ascomycota","Dothideomycetes",NA,NA,"Leptospora",NA,0,0,0,0,0,0,0,0,0,0
"k__Fungi;p__Ascomycota;c__Dothideomycetes;o__NA;f__NA;g__NA;s__NA","Fungi","Ascomycota","Dothideomycetes",NA,NA,NA,NA,24,0,176,0,0,248,403,2145,164,111
"k__Fungi;p__Ascomycota;c__Dothideomycetes;o__NA;f__NA;g__Peltaster;s__NA","Fungi","Ascomycota","Dothideomycetes",NA,NA,"Peltaster",NA,0,0,0,0,0,0,0,0,0,0
"k__Fungi;p__Ascomycota;c__Dothideomycetes;o__NA;f__Phaeothecoidiellaceae;g__Chaetothyrina;s__guttulata","Fungi","Ascomycota","Dothideomycetes",NA,"Phaeothecoidiellaceae","Chaetothyrina","guttulata",0,0,0,0,0,0,0,0,0,0
"k__Fungi;p__Ascomycota;c__Dothideomycetes;o__Pleosporales;f__Biatriosporaceae;g__Biatriospora;s__NA","Fungi","Ascomycota","Dothideomycetes","Pleosporales","Biatriosporaceae","Biatriospora",NA,0,0,0,0,0,0,0,0,0,0
"k__Fungi;p__Ascomycota;c__Dothideomycetes;o__Pleosporales;f__Coniothyriaceae;g__Coniothyrium;s__NA","Fungi","Ascomycota","Dothideomycetes","Pleosporales","Coniothyriaceae","Coniothyrium",NA,0,0,0,0,0,0,0,485,26,0
"k__Fungi;p__Ascomycota;c__Dothideomycetes;o__Pleosporales;f__Cucurbitariaceae;g__NA;s__NA","Fungi","Ascomycota","Dothideomycetes","Pleosporales","Cucurbitariaceae",NA,NA,0,0,0,0,0,0,0,0,0,0
"k__Fungi;p__Ascomycota;c__Dothideomycetes;o__Pleosporales;f__Cucurbitariaceae;g__Pyrenochaeta;s__NA","Fungi","Ascomycota","Dothideomycetes","Pleosporales","Cucurbitariaceae","Pyrenochaeta",NA,0,0,0,0,0,0,0,0,0,0
"k__Fungi;p__Ascomycota;c__Dothideomycetes;o__Pleosporales;f__Dictyosporiaceae;g__Dendryphiella;s__NA","Fungi","Ascomycota","Dothideomycetes","Pleosporales","Dictyosporiaceae","Dendryphiella",NA,0,0,0,0,0,0,0,0,0,0
"k__Fungi;p__Ascomycota;c__Dothideomycetes;o__Pleosporales;f__Dictyosporiaceae;g__Dictyosporium;s__heptasporum","Fungi","Ascomycota","Dothideomycetes","Pleosporales","Dictyosporiaceae","Dictyosporium","heptasporum",0,0,0,0,0,0,0,0,0,0
"k__Fungi;p__Ascomycota;c__Dothideomycetes;o__Pleosporales;f__Dictyosporiaceae;g__NA;s__NA","Fungi","Ascomycota","Dothideomycetes","Pleosporales","Dictyosporiaceae",NA,NA,0,0,0,0,0,0,0,0,0,0
"k__Fungi;p__Ascomycota;c__Dothideomycetes;o__Pleosporales;f__Dictyosporiaceae;g__Pseudocoleophoma;s__NA","Fungi","Ascomycota","Dothideomycetes","Pleosporales","Dictyosporiaceae","Pseudocoleophoma",NA,0,0,0,0,0,0,0,0,0,0
"k__Fungi;p__Ascomycota;c__Dothideomycetes;o__Pleosporales;f__Didymellaceae;g__Ascochyta;s__NA","Fungi","Ascomycota","Dothideomycetes","Pleosporales","Didymellaceae","Ascochyta",NA,0,0,0,0,0,0,0,0,0,0
"k__Fungi;p__Ascomycota;c__Dothideomycetes;o__Pleosporales;f__Didymellaceae;g__Boeremia-Didymella;s__exigua","Fungi","Ascomycota","Dothideomycetes","Pleosporales","Didymellaceae","Boeremia-Didymella","exigua",0,0,0,0,0,0,0,0,0,0
"k__Fungi;p__Ascomycota;c__Dothideomycetes;o__Pleosporales;f__Didymellaceae;g__Didymella;s__NA","Fungi","Ascomycota","Dothideomycetes","Pleosporales","Didymellaceae","Didymella",NA,0,0,0,0,0,0,0,0,0,0
"k__Fungi;p__Ascomycota;c__Dothideomycetes;o__Pleosporales;f__Didymellaceae;g__Didymella;s__glomerata","Fungi","Ascomycota","Dothideomycetes","Pleosporales","Didymellaceae","Didymella","glomerata",0,0,0,0,21,0,0,0,108,0
"k__Fungi;p__Ascomycota;c__Dothideomycetes;o__Pleosporales;f__Didymellaceae;g__Leptosphaerulina;s__NA","Fungi","Ascomycota","Dothideomycetes","Pleosporales","Didymellaceae","Leptosphaerulina",NA,0,0,0,0,0,0,0,0,0,0
"k__Fungi;p__Ascomycota;c__Dothideomycetes;o__Pleosporales;f__Didymellaceae;g__NA;s__NA","Fungi","Ascomycota","Dothideomycetes","Pleosporales","Didymellaceae",NA,NA,0,0,0,0,0,0,0,0,0,0
"k__Fungi;p__Ascomycota;c__Dothideomycetes;o__Pleosporales;f__Didymellaceae;g__Neoascochyta;s__desmazieri","Fungi","Ascomycota","Dothideomycetes","Pleosporales","Didymellaceae","Neoascochyta","desmazieri",0,0,0,0,0,0,0,0,0,0
"k__Fungi;p__Ascomycota;c__Dothideomycetes;o__Pleosporales;f__Didymellaceae;g__Phoma;s__NA","Fungi","Ascomycota","Dothideomycetes","Pleosporales","Didymellaceae","Phoma",NA,0,0,813,153,0,0,0,221,0,102
"k__Fungi;p__Ascomycota;c__Dothideomycetes;o__Pleosporales;f__Didymellaceae;g__Phoma;s__herbarum","Fungi","Ascomycota","Dothideomycetes","Pleosporales","Didymellaceae","Phoma","herbarum",0,0,0,0,0,0,0,0,0,0
"k__Fungi;p__Ascomycota;c__Dothideomycetes;o__Pleosporales;f__Didymellaceae;g__Phoma;s__leveillei","Fungi","Ascomycota","Dothideomycetes","Pleosporales","Didymellaceae","Phoma","leveillei",0,0,0,0,0,0,0,0,0,0
"k__Fungi;p__Ascomycota;c__Dothideomycetes;o__Pleosporales;f__Didymellaceae;g__Stagonosporopsis;s__cucurbitacearum","Fungi","Ascomycota","Dothideomycetes","Pleosporales","Didymellaceae","Stagonosporopsis","cucurbitacearum",0,0,0,0,0,17,0,0,0,0
"k__Fungi;p__Ascomycota;c__Dothideomycetes;o__Pleosporales;f__Didymosphaeriaceae;g__Didymosphaeria;s__futilis","Fungi","Ascomycota","Dothideomycetes","Pleosporales","Didymosphaeriaceae","Didymosphaeria","futilis",0,0,0,0,0,0,0,0,0,0
"k__Fungi;p__Ascomycota;c__Dothideomycetes;o__Pleosporales;f__Didymosphaeriaceae;g__Kalmusia;s__NA","Fungi","Ascomycota","Dothideomycetes","Pleosporales","Didymosphaeriaceae","Kalmusia",NA,0,0,0,0,0,0,0,0,0,0
"k__Fungi;p__Ascomycota;c__Dothideomycetes;o__Pleosporales;f__Didymosphaeriaceae;g__Kalmusia;s__italica","Fungi","Ascomycota","Dothideomycetes","Pleosporales","Didymosphaeriaceae","Kalmusia","italica",0,0,0,0,0,0,0,0,0,0
"k__Fungi;p__Ascomycota;c__Dothideomycetes;o__Pleosporales;f__Didymosphaeriaceae;g__Montagnula;s__aloes","Fungi","Ascomycota","Dothideomycetes","Pleosporales","Didymosphaeriaceae","Montagnula","aloes",0,0,0,0,0,0,0,0,0,0
"k__Fungi;p__Ascomycota;c__Dothideomycetes;o__Pleosporales;f__Didymosphaeriaceae;g__NA;s__NA","Fungi","Ascomycota","Dothideomycetes","Pleosporales","Didymosphaeriaceae",NA,NA,0,0,78,0,0,0,0,0,0,0
"k__Fungi;p__Ascomycota;c__Dothideomycetes;o__Pleosporales;f__Didymosphaeriaceae;g__Paracamarosporium-Paraconiothyrium;s__fagi-hakeae","Fungi","Ascomycota","Dothideomycetes","Pleosporales","Didymosphaeriaceae","Paracamarosporium-Paraconiothyrium","fagi-hakeae",0,0,0,0,0,0,0,0,0,0
"k__Fungi;p__Ascomycota;c__Dothideomycetes;o__Pleosporales;f__Didymosphaeriaceae;g__Paracamarosporium;s__hawaiiense-leucadendri-psoraleae","Fungi","Ascomycota","Dothideomycetes","Pleosporales","Didymosphaeriaceae","Paracamarosporium","hawaiiense-leucadendri-psoraleae",0,0,0,0,0,0,0,0,0,0
"k__Fungi;p__Ascomycota;c__Dothideomycetes;o__Pleosporales;f__Didymosphaeriaceae;g__Paraconiothyrium-Pseudocamarosporium;s__brabeji-brasiliense","Fungi","Ascomycota","Dothideomycetes","Pleosporales","Didymosphaeriaceae","Paraconiothyrium-Pseudocamarosporium","brabeji-brasiliense",0,0,0,0,0,0,0,0,0,0
"k__Fungi;p__Ascomycota;c__Dothideomycetes;o__Pleosporales;f__Didymosphaeriaceae;g__Paraconiothyrium;s__archidendri","Fungi","Ascomycota","Dothideomycetes","Pleosporales","Didymosphaeriaceae","Paraconiothyrium","archidendri",0,0,0,0,0,0,0,0,0,0
"k__Fungi;p__Ascomycota;c__Dothideomycetes;o__Pleosporales;f__Didymosphaeriaceae;g__Paraconiothyrium;s__cyclothyrioides-thysanolaenae","Fungi","Ascomycota","Dothideomycetes","Pleosporales","Didymosphaeriaceae","Paraconiothyrium","cyclothyrioides-thysanolaenae",0,0,0,0,0,0,0,0,0,0
"k__Fungi;p__Ascomycota;c__Dothideomycetes;o__Pleosporales;f__Didymosphaeriaceae;g__Paraconiothyrium;s__estuarinum","Fungi","Ascomycota","Dothideomycetes","Pleosporales","Didymosphaeriaceae","Paraconiothyrium","estuarinum",0,0,0,0,0,0,0,0,0,0
"k__Fungi;p__Ascomycota;c__Dothideomycetes;o__Pleosporales;f__Didymosphaeriaceae;g__Paraconiothyrium;s__fuckelii-rosae","Fungi","Ascomycota","Dothideomycetes","Pleosporales","Didymosphaeriaceae","Paraconiothyrium","fuckelii-rosae",0,0,0,0,0,0,0,0,0,0
"k__Fungi;p__Ascomycota;c__Dothideomycetes;o__Pleosporales;f__Didymosphaeriaceae;g__Paraconiothyrium;s__fungicola","Fungi","Ascomycota","Dothideomycetes","Pleosporales","Didymosphaeriaceae","Paraconiothyrium","fungicola",0,0,0,0,0,0,0,0,0,0
"k__Fungi;p__Ascomycota;c__Dothideomycetes;o__Pleosporales;f__Didymosphaeriaceae;g__Paraphaeosphaeria;s__angularis-pilleata","Fungi","Ascomycota","Dothideomycetes","Pleosporales","Didymosphaeriaceae","Paraphaeosphaeria","angularis-pilleata",0,0,0,0,0,0,0,0,0,0
"k__Fungi;p__Ascomycota;c__Dothideomycetes;o__Pleosporales;f__Didymosphaeriaceae;g__Paraphaeosphaeria;s__neglecta","Fungi","Ascomycota","Dothideomycetes","Pleosporales","Didymosphaeriaceae","Paraphaeosphaeria","neglecta",0,0,0,0,0,0,0,0,0,0
"k__Fungi;p__Ascomycota;c__Dothideomycetes;o__Pleosporales;f__Didymosphaeriaceae;g__Paraphaeosphaeria;s__parmeliae","Fungi","Ascomycota","Dothideomycetes","Pleosporales","Didymosphaeriaceae","Paraphaeosphaeria","parmeliae",0,0,95,0,0,0,0,0,0,0
"k__Fungi;p__Ascomycota;c__Dothideomycetes;o__Pleosporales;f__Didymosphaeriaceae;g__Paraphaeosphaeria;s__parmeliae-sporulosa","Fungi","Ascomycota","Dothideomycetes","Pleosporales","Didymosphaeriaceae","Paraphaeosphaeria","parmeliae-sporulosa",0,0,33,0,0,0,0,0,0,0
"k__Fungi;p__Ascomycota;c__Dothideomycetes;o__Pleosporales;f__Didymosphaeriaceae;g__Paraphaeosphaeria;s__recurvifoliae","Fungi","Ascomycota","Dothideomycetes","Pleosporales","Didymosphaeriaceae","Paraphaeosphaeria","recurvifoliae",0,0,287,0,0,0,35,0,0,0
"k__Fungi;p__Ascomycota;c__Dothideomycetes;o__Pleosporales;f__Didymosphaeriaceae;g__Paraphaeosphaeria;s__sardoa-sporulosa","Fungi","Ascomycota","Dothideomycetes","Pleosporales","Didymosphaeriaceae","Paraphaeosphaeria","sardoa-sporulosa",0,0,0,0,0,0,0,0,34,0
"k__Fungi;p__Ascomycota;c__Dothideomycetes;o__Pleosporales;f__Didymosphaeriaceae;g__Paraphaeosphaeria;s__sporulosa","Fungi","Ascomycota","Dothideomycetes","Pleosporales","Didymosphaeriaceae","Paraphaeosphaeria","sporulosa",0,0,0,0,0,0,0,0,0,0
"k__Fungi;p__Ascomycota;c__Dothideomycetes;o__Pleosporales;f__Didymosphaeriaceae;g__Spegazzinia;s__NA","Fungi","Ascomycota","Dothideomycetes","Pleosporales","Didymosphaeriaceae","Spegazzinia",NA,0,0,512,0,23,228,0,0,0,0
"k__Fungi;p__Ascomycota;c__Dothideomycetes;o__Pleosporales;f__Didymosphaeriaceae;g__Xenocamarosporium;s__acaciae","Fungi","Ascomycota","Dothideomycetes","Pleosporales","Didymosphaeriaceae","Xenocamarosporium","acaciae",0,0,0,0,0,0,0,0,0,0
"k__Fungi;p__Ascomycota;c__Dothideomycetes;o__Pleosporales;f__Lentitheciaceae;g__Keissleriella-Lentithecium;s__cladophila-pseudoclioninum","Fungi","Ascomycota","Dothideomycetes","Pleosporales","Lentitheciaceae","Keissleriella-Lentithecium","cladophila-pseudoclioninum",0,0,0,0,0,0,0,0,0,0
"k__Fungi;p__Ascomycota;c__Dothideomycetes;o__Pleosporales;f__Lentitheciaceae;g__Keissleriella;s__cirsii-poagena","Fungi","Ascomycota","Dothideomycetes","Pleosporales","Lentitheciaceae","Keissleriella","cirsii-poagena",0,0,0,0,0,0,0,0,0,0
"k__Fungi;p__Ascomycota;c__Dothideomycetes;o__Pleosporales;f__Lentitheciaceae;g__Keissleriella;s__quadriseptata","Fungi","Ascomycota","Dothideomycetes","Pleosporales","Lentitheciaceae","Keissleriella","quadriseptata",0,0,0,0,0,0,0,0,0,0
"k__Fungi;p__Ascomycota;c__Dothideomycetes;o__Pleosporales;f__Leptosphaeriaceae;g__Alternariaster;s__helianthi","Fungi","Ascomycota","Dothideomycetes","Pleosporales","Leptosphaeriaceae","Alternariaster","helianthi",0,0,0,0,0,116,0,0,52,76
"k__Fungi;p__Ascomycota;c__Dothideomycetes;o__Pleosporales;f__Leptosphaeriaceae;g__Ampelomyces;s__NA","Fungi","Ascomycota","Dothideomycetes","Pleosporales","Leptosphaeriaceae","Ampelomyces",NA,0,0,0,0,0,0,0,0,0,0
"k__Fungi;p__Ascomycota;c__Dothideomycetes;o__Pleosporales;f__Leptosphaeriaceae;g__Leptosphaeria;s__NA","Fungi","Ascomycota","Dothideomycetes","Pleosporales","Leptosphaeriaceae","Leptosphaeria",NA,0,0,0,0,0,0,0,0,0,0
"k__Fungi;p__Ascomycota;c__Dothideomycetes;o__Pleosporales;f__Leptosphaeriaceae;g__NA;s__NA","Fungi","Ascomycota","Dothideomycetes","Pleosporales","Leptosphaeriaceae",NA,NA,0,0,0,0,0,0,0,0,0,0
"k__Fungi;p__Ascomycota;c__Dothideomycetes;o__Pleosporales;f__Leptosphaeriaceae;g__Neophaeosphaeria;s__NA","Fungi","Ascomycota","Dothideomycetes","Pleosporales","Leptosphaeriaceae","Neophaeosphaeria",NA,0,0,0,0,0,0,0,0,0,0
"k__Fungi;p__Ascomycota;c__Dothideomycetes;o__Pleosporales;f__Leptosphaeriaceae;g__Neophaeosphaeria;s__agaves","Fungi","Ascomycota","Dothideomycetes","Pleosporales","Leptosphaeriaceae","Neophaeosphaeria","agaves",0,0,0,0,0,0,0,0,53,0
"k__Fungi;p__Ascomycota;c__Dothideomycetes;o__Pleosporales;f__Leptosphaeriaceae;g__Plenodomus;s__biglobosus","Fungi","Ascomycota","Dothideomycetes","Pleosporales","Leptosphaeriaceae","Plenodomus","biglobosus",0,0,0,0,0,0,0,0,0,0
"k__Fungi;p__Ascomycota;c__Dothideomycetes;o__Pleosporales;f__Leptosphaeriaceae;g__Plenodomus;s__lindquistii","Fungi","Ascomycota","Dothideomycetes","Pleosporales","Leptosphaeriaceae","Plenodomus","lindquistii",0,0,20,44,0,204,0,133,76,504
"k__Fungi;p__Ascomycota;c__Dothideomycetes;o__Pleosporales;f__Leptosphaeriaceae;g__Sphaerellopsis;s__filum","Fungi","Ascomycota","Dothideomycetes","Pleosporales","Leptosphaeriaceae","Sphaerellopsis","filum",0,0,0,0,0,0,0,0,0,0
"k__Fungi;p__Ascomycota;c__Dothideomycetes;o__Pleosporales;f__Leptosphaeriaceae;g__Sphaerellopsis;s__macroconidialis","Fungi","Ascomycota","Dothideomycetes","Pleosporales","Leptosphaeriaceae","Sphaerellopsis","macroconidialis",0,0,0,0,0,0,0,0,0,0
"k__Fungi;p__Ascomycota;c__Dothideomycetes;o__Pleosporales;f__Lophiostomataceae;g__Biappendiculispora;s__japonica","Fungi","Ascomycota","Dothideomycetes","Pleosporales","Lophiostomataceae","Biappendiculispora","japonica",0,0,0,0,0,0,0,0,0,0
"k__Fungi;p__Ascomycota;c__Dothideomycetes;o__Pleosporales;f__Lophiostomataceae;g__Lophiostoma;s__NA","Fungi","Ascomycota","Dothideomycetes","Pleosporales","Lophiostomataceae","Lophiostoma",NA,0,11,0,0,0,0,0,0,0,0
"k__Fungi;p__Ascomycota;c__Dothideomycetes;o__Pleosporales;f__Lophiostomataceae;g__Lophiostoma;s__chamaecyparidis","Fungi","Ascomycota","Dothideomycetes","Pleosporales","Lophiostomataceae","Lophiostoma","chamaecyparidis",0,0,0,0,0,0,21,0,0,0
"k__Fungi;p__Ascomycota;c__Dothideomycetes;o__Pleosporales;f__Lophiostomataceae;g__Lophiostoma;s__cynaroidis","Fungi","Ascomycota","Dothideomycetes","Pleosporales","Lophiostomataceae","Lophiostoma","cynaroidis",0,0,0,0,0,0,0,0,0,0
"k__Fungi;p__Ascomycota;c__Dothideomycetes;o__Pleosporales;f__Lophiostomataceae;g__NA;s__NA","Fungi","Ascomycota","Dothideomycetes","Pleosporales","Lophiostomataceae",NA,NA,0,0,0,0,0,0,39,0,0,0
"k__Fungi;p__Ascomycota;c__Dothideomycetes;o__Pleosporales;f__Lophiostomataceae;g__Neovaginatispora;s__fuckelii","Fungi","Ascomycota","Dothideomycetes","Pleosporales","Lophiostomataceae","Neovaginatispora","fuckelii",0,0,0,0,37,0,0,0,0,0
"k__Fungi;p__Ascomycota;c__Dothideomycetes;o__Pleosporales;f__Lophiostomataceae;g__Pseudolophiostoma;s__NA","Fungi","Ascomycota","Dothideomycetes","Pleosporales","Lophiostomataceae","Pseudolophiostoma",NA,0,0,0,0,0,0,0,0,0,0
"k__Fungi;p__Ascomycota;c__Dothideomycetes;o__Pleosporales;f__Lophiostomataceae;g__Sigarispora;s__caulium","Fungi","Ascomycota","Dothideomycetes","Pleosporales","Lophiostomataceae","Sigarispora","caulium",0,0,0,0,0,0,0,0,0,0
"k__Fungi;p__Ascomycota;c__Dothideomycetes;o__Pleosporales;f__Lophiotremataceae;g__Lophiotrema;s__NA","Fungi","Ascomycota","Dothideomycetes","Pleosporales","Lophiotremataceae","Lophiotrema",NA,0,0,0,0,0,0,0,0,0,0
"k__Fungi;p__Ascomycota;c__Dothideomycetes;o__Pleosporales;f__Lophiotremataceae;g__Lophiotrema;s__eburnoides","Fungi","Ascomycota","Dothideomycetes","Pleosporales","Lophiotremataceae","Lophiotrema","eburnoides",0,0,0,0,0,0,0,0,0,0
"k__Fungi;p__Ascomycota;c__Dothideomycetes;o__Pleosporales;f__Massarinaceae;g__Helminthosporium;s__asterinum","Fungi","Ascomycota","Dothideomycetes","Pleosporales","Massarinaceae","Helminthosporium","asterinum",0,0,0,0,0,0,0,0,0,0
"k__Fungi;p__Ascomycota;c__Dothideomycetes;o__Pleosporales;f__Massarinaceae;g__Helminthosporium;s__velutinum","Fungi","Ascomycota","Dothideomycetes","Pleosporales","Massarinaceae","Helminthosporium","velutinum",0,0,0,0,0,0,0,0,0,0
"k__Fungi;p__Ascomycota;c__Dothideomycetes;o__Pleosporales;f__Massarinaceae;g__Massarina;s__NA","Fungi","Ascomycota","Dothideomycetes","Pleosporales","Massarinaceae","Massarina",NA,0,0,0,0,0,0,0,0,0,0
"k__Fungi;p__Ascomycota;c__Dothideomycetes;o__Pleosporales;f__Massarinaceae;g__Stagonospora;s__NA","Fungi","Ascomycota","Dothideomycetes","Pleosporales","Massarinaceae","Stagonospora",NA,0,0,0,0,0,0,0,0,0,0
"k__Fungi;p__Ascomycota;c__Dothideomycetes;o__Pleosporales;f__Massarinaceae;g__Stagonospora;s__pseudopaludosa","Fungi","Ascomycota","Dothideomycetes","Pleosporales","Massarinaceae","Stagonospora","pseudopaludosa",0,0,0,0,0,0,0,0,0,0
"k__Fungi;p__Ascomycota;c__Dothideomycetes;o__Pleosporales;f__Melanommataceae;g__Fusiconidium;s__NA","Fungi","Ascomycota","Dothideomycetes","Pleosporales","Melanommataceae","Fusiconidium",NA,0,0,0,0,0,0,0,0,0,0
"k__Fungi;p__Ascomycota;c__Dothideomycetes;o__Pleosporales;f__Morosphaeriaceae;g__Acrocalymma;s__fici","Fungi","Ascomycota","Dothideomycetes","Pleosporales","Morosphaeriaceae","Acrocalymma","fici",0,0,0,0,0,0,0,0,0,0
"k__Fungi;p__Ascomycota;c__Dothideomycetes;o__Pleosporales;f__NA;g__Camarographium;s__koreanum","Fungi","Ascomycota","Dothideomycetes","Pleosporales",NA,"Camarographium","koreanum",0,0,0,0,0,0,0,0,0,0
"k__Fungi;p__Ascomycota;c__Dothideomycetes;o__Pleosporales;f__NA;g__Cryptocoryneum;s__NA","Fungi","Ascomycota","Dothideomycetes","Pleosporales",NA,"Cryptocoryneum",NA,0,0,0,0,0,0,0,0,0,0
"k__Fungi;p__Ascomycota;c__Dothideomycetes;o__Pleosporales;f__NA;g__Latorua;s__caligans","Fungi","Ascomycota","Dothideomycetes","Pleosporales",NA,"Latorua","caligans",0,0,0,0,0,0,0,0,0,0
"k__Fungi;p__Ascomycota;c__Dothideomycetes;o__Pleosporales;f__NA;g__NA;s__NA","Fungi","Ascomycota","Dothideomycetes","Pleosporales",NA,NA,NA,75,0,2706,1270,0,417,80,2553,114,4775
"k__Fungi;p__Ascomycota;c__Dothideomycetes;o__Pleosporales;f__NA;g__Pseudochaetosphaeronema;s__NA","Fungi","Ascomycota","Dothideomycetes","Pleosporales",NA,"Pseudochaetosphaeronema",NA,0,0,0,0,0,0,0,0,0,0
"k__Fungi;p__Ascomycota;c__Dothideomycetes;o__Pleosporales;f__NA;g__Pseudorobillarda;s__NA","Fungi","Ascomycota","Dothideomycetes","Pleosporales",NA,"Pseudorobillarda",NA,0,0,0,0,0,0,0,0,0,0
"k__Fungi;p__Ascomycota;c__Dothideomycetes;o__Pleosporales;f__Nigrogranaceae;g__Nigrograna;s__mackinnonii","Fungi","Ascomycota","Dothideomycetes","Pleosporales","Nigrogranaceae","Nigrograna","mackinnonii",0,0,0,0,0,0,0,0,0,0
"k__Fungi;p__Ascomycota;c__Dothideomycetes;o__Pleosporales;f__Periconiaceae;g__Noosia-Periconia;s__banksiae-homothallica","Fungi","Ascomycota","Dothideomycetes","Pleosporales","Periconiaceae","Noosia-Periconia","banksiae-homothallica",0,0,0,0,0,0,0,0,0,0
"k__Fungi;p__Ascomycota;c__Dothideomycetes;o__Pleosporales;f__Periconiaceae;g__Periconia;s__NA","Fungi","Ascomycota","Dothideomycetes","Pleosporales","Periconiaceae","Periconia",NA,0,0,64,0,0,0,0,0,0,0
"k__Fungi;p__Ascomycota;c__Dothideomycetes;o__Pleosporales;f__Periconiaceae;g__Periconia;s__byssoides","Fungi","Ascomycota","Dothideomycetes","Pleosporales","Periconiaceae","Periconia","byssoides",0,0,476,46,0,0,98,0,0,0
"k__Fungi;p__Ascomycota;c__Dothideomycetes;o__Pleosporales;f__Periconiaceae;g__Periconia;s__cookei","Fungi","Ascomycota","Dothideomycetes","Pleosporales","Periconiaceae","Periconia","cookei",0,0,0,0,0,0,0,0,0,0
"k__Fungi;p__Ascomycota;c__Dothideomycetes;o__Pleosporales;f__Periconiaceae;g__Periconia;s__echinochloae","Fungi","Ascomycota","Dothideomycetes","Pleosporales","Periconiaceae","Periconia","echinochloae",14,0,432,162,0,86,0,0,4046,0
"k__Fungi;p__Ascomycota;c__Dothideomycetes;o__Pleosporales;f__Periconiaceae;g__Periconia;s__homothallica","Fungi","Ascomycota","Dothideomycetes","Pleosporales","Periconiaceae","Periconia","homothallica",0,0,0,0,0,0,0,0,0,0
"k__Fungi;p__Ascomycota;c__Dothideomycetes;o__Pleosporales;f__Periconiaceae;g__Periconia;s__homothallica-macrospinosa","Fungi","Ascomycota","Dothideomycetes","Pleosporales","Periconiaceae","Periconia","homothallica-macrospinosa",0,0,0,0,0,0,0,0,0,0
"k__Fungi;p__Ascomycota;c__Dothideomycetes;o__Pleosporales;f__Periconiaceae;g__Periconia;s__macrospinosa","Fungi","Ascomycota","Dothideomycetes","Pleosporales","Periconiaceae","Periconia","macrospinosa",11,0,481,466,0,0,0,0,29,0
"k__Fungi;p__Ascomycota;c__Dothideomycetes;o__Pleosporales;f__Phaeosphaeriaceae;g__Chaetosphaeronema;s__NA","Fungi","Ascomycota","Dothideomycetes","Pleosporales","Phaeosphaeriaceae","Chaetosphaeronema",NA,0,0,0,0,0,0,0,0,0,0
"k__Fungi;p__Ascomycota;c__Dothideomycetes;o__Pleosporales;f__Phaeosphaeriaceae;g__Didymocyrtis;s__cladoniicola","Fungi","Ascomycota","Dothideomycetes","Pleosporales","Phaeosphaeriaceae","Didymocyrtis","cladoniicola",0,0,0,0,0,0,0,0,0,0
"k__Fungi;p__Ascomycota;c__Dothideomycetes;o__Pleosporales;f__Phaeosphaeriaceae;g__NA;s__NA","Fungi","Ascomycota","Dothideomycetes","Pleosporales","Phaeosphaeriaceae",NA,NA,0,0,51,15,0,0,70,630,54,58
"k__Fungi;p__Ascomycota;c__Dothideomycetes;o__Pleosporales;f__Phaeosphaeriaceae;g__Paraphoma-Setomelanomma;s__chrysanthemicola-holmii","Fungi","Ascomycota","Dothideomycetes","Pleosporales","Phaeosphaeriaceae","Paraphoma-Setomelanomma","chrysanthemicola-holmii",0,0,50,0,0,0,0,0,0,0
"k__Fungi;p__Ascomycota;c__Dothideomycetes;o__Pleosporales;f__Phaeosphaeriaceae;g__Paraphoma;s__NA","Fungi","Ascomycota","Dothideomycetes","Pleosporales","Phaeosphaeriaceae","Paraphoma",NA,0,0,0,0,0,0,0,0,0,0
"k__Fungi;p__Ascomycota;c__Dothideomycetes;o__Pleosporales;f__Phaeosphaeriaceae;g__Paraphoma;s__chrysanthemicola","Fungi","Ascomycota","Dothideomycetes","Pleosporales","Phaeosphaeriaceae","Paraphoma","chrysanthemicola",0,0,0,0,0,0,0,0,0,0
"k__Fungi;p__Ascomycota;c__Dothideomycetes;o__Pleosporales;f__Phaeosphaeriaceae;g__Parastagonospora;s__nodorum","Fungi","Ascomycota","Dothideomycetes","Pleosporales","Phaeosphaeriaceae","Parastagonospora","nodorum",0,0,0,0,0,0,0,0,0,0
"k__Fungi;p__Ascomycota;c__Dothideomycetes;o__Pleosporales;f__Phaeosphaeriaceae;g__Phaeodothis;s__winteri","Fungi","Ascomycota","Dothideomycetes","Pleosporales","Phaeosphaeriaceae","Phaeodothis","winteri",0,0,0,0,0,0,0,0,0,0
"k__Fungi;p__Ascomycota;c__Dothideomycetes;o__Pleosporales;f__Phaeosphaeriaceae;g__Phaeosphaeria-Septoriella;s__leuchtmannii","Fungi","Ascomycota","Dothideomycetes","Pleosporales","Phaeosphaeriaceae","Phaeosphaeria-Septoriella","leuchtmannii",0,0,0,0,15,0,0,0,0,0
"k__Fungi;p__Ascomycota;c__Dothideomycetes;o__Pleosporales;f__Phaeosphaeriaceae;g__Phaeosphaeria;s__NA","Fungi","Ascomycota","Dothideomycetes","Pleosporales","Phaeosphaeriaceae","Phaeosphaeria",NA,0,0,0,0,0,0,103,0,0,0
"k__Fungi;p__Ascomycota;c__Dothideomycetes;o__Pleosporales;f__Phaeosphaeriaceae;g__Phaeosphaeria;s__fuckelii","Fungi","Ascomycota","Dothideomycetes","Pleosporales","Phaeosphaeriaceae","Phaeosphaeria","fuckelii",0,0,0,0,0,0,0,0,0,0
"k__Fungi;p__Ascomycota;c__Dothideomycetes;o__Pleosporales;f__Phaeosphaeriaceae;g__Phaeosphaeria;s__podocarpi","Fungi","Ascomycota","Dothideomycetes","Pleosporales","Phaeosphaeriaceae","Phaeosphaeria","podocarpi",0,0,0,0,0,0,0,0,0,0
"k__Fungi;p__Ascomycota;c__Dothideomycetes;o__Pleosporales;f__Phaeosphaeriaceae;g__Phaeosphaeriopsis;s__NA","Fungi","Ascomycota","Dothideomycetes","Pleosporales","Phaeosphaeriaceae","Phaeosphaeriopsis",NA,0,0,0,0,0,0,0,0,0,0
"k__Fungi;p__Ascomycota;c__Dothideomycetes;o__Pleosporales;f__Phaeosphaeriaceae;g__Sclerostagonospora;s__lathyri","Fungi","Ascomycota","Dothideomycetes","Pleosporales","Phaeosphaeriaceae","Sclerostagonospora","lathyri",0,0,0,0,0,0,0,0,0,0
"k__Fungi;p__Ascomycota;c__Dothideomycetes;o__Pleosporales;f__Phaeosphaeriaceae;g__Setomelanomma;s__NA","Fungi","Ascomycota","Dothideomycetes","Pleosporales","Phaeosphaeriaceae","Setomelanomma",NA,0,0,0,0,0,0,0,0,0,0
"k__Fungi;p__Ascomycota;c__Dothideomycetes;o__Pleosporales;f__Phaeosphaeriaceae;g__Setomelanomma;s__holmii","Fungi","Ascomycota","Dothideomycetes","Pleosporales","Phaeosphaeriaceae","Setomelanomma","holmii",0,0,0,0,0,0,0,0,0,0
"k__Fungi;p__Ascomycota;c__Dothideomycetes;o__Pleosporales;f__Phaeosphaeriaceae;g__Setophaeosphaeria;s__hemerocallidis","Fungi","Ascomycota","Dothideomycetes","Pleosporales","Phaeosphaeriaceae","Setophaeosphaeria","hemerocallidis",0,0,0,0,0,0,0,0,0,0
"k__Fungi;p__Ascomycota;c__Dothideomycetes;o__Pleosporales;f__Phaeosphaeriaceae;g__Setophoma;s__chromolaenae","Fungi","Ascomycota","Dothideomycetes","Pleosporales","Phaeosphaeriaceae","Setophoma","chromolaenae",0,0,0,0,0,0,0,0,0,0
"k__Fungi;p__Ascomycota;c__Dothideomycetes;o__Pleosporales;f__Phaeosphaeriaceae;g__Tintelnotia;s__destructans","Fungi","Ascomycota","Dothideomycetes","Pleosporales","Phaeosphaeriaceae","Tintelnotia","destructans",0,0,0,0,0,0,0,0,0,0
"k__Fungi;p__Ascomycota;c__Dothideomycetes;o__Pleosporales;f__Pleosporaceae;g__Alternaria;s__NA","Fungi","Ascomycota","Dothideomycetes","Pleosporales","Pleosporaceae","Alternaria",NA,0,0,659,908,0,7925,0,3210,4038,8615
"k__Fungi;p__Ascomycota;c__Dothideomycetes;o__Pleosporales;f__Pleosporaceae;g__Alternaria;s__alternata-cerasi-ellisii","Fungi","Ascomycota","Dothideomycetes","Pleosporales","Pleosporaceae","Alternaria","alternata-cerasi-ellisii",0,0,0,0,0,0,0,4466,0,0
"k__Fungi;p__Ascomycota;c__Dothideomycetes;o__Pleosporales;f__Pleosporaceae;g__Alternaria;s__cassiae","Fungi","Ascomycota","Dothideomycetes","Pleosporales","Pleosporaceae","Alternaria","cassiae",0,0,0,0,0,0,0,0,0,0
"k__Fungi;p__Ascomycota;c__Dothideomycetes;o__Pleosporales;f__Pleosporaceae;g__Alternaria;s__helianthiinficiens","Fungi","Ascomycota","Dothideomycetes","Pleosporales","Pleosporaceae","Alternaria","helianthiinficiens",0,0,0,0,0,31,0,0,107,0
"k__Fungi;p__Ascomycota;c__Dothideomycetes;o__Pleosporales;f__Pleosporaceae;g__Alternaria;s__incomplexa","Fungi","Ascomycota","Dothideomycetes","Pleosporales","Pleosporaceae","Alternaria","incomplexa",0,0,0,0,0,379,0,0,0,112
"k__Fungi;p__Ascomycota;c__Dothideomycetes;o__Pleosporales;f__Pleosporaceae;g__Alternaria;s__infectoria-rosae","Fungi","Ascomycota","Dothideomycetes","Pleosporales","Pleosporaceae","Alternaria","infectoria-rosae",0,0,0,0,0,0,0,0,136,0
"k__Fungi;p__Ascomycota;c__Dothideomycetes;o__Pleosporales;f__Pleosporaceae;g__Alternaria;s__longissima","Fungi","Ascomycota","Dothideomycetes","Pleosporales","Pleosporaceae","Alternaria","longissima",0,0,0,0,0,43,0,0,0,0
"k__Fungi;p__Ascomycota;c__Dothideomycetes;o__Pleosporales;f__Pleosporaceae;g__Alternaria;s__sesami","Fungi","Ascomycota","Dothideomycetes","Pleosporales","Pleosporaceae","Alternaria","sesami",0,0,0,0,0,0,0,0,0,0
"k__Fungi;p__Ascomycota;c__Dothideomycetes;o__Pleosporales;f__Pleosporaceae;g__Bipolaris;s__alocasiae-variabilis-zeae","Fungi","Ascomycota","Dothideomycetes","Pleosporales","Pleosporaceae","Bipolaris","alocasiae-variabilis-zeae",0,0,0,0,0,0,0,0,0,0
"k__Fungi;p__Ascomycota;c__Dothideomycetes;o__Pleosporales;f__Pleosporaceae;g__Bipolaris;s__bicolor","Fungi","Ascomycota","Dothideomycetes","Pleosporales","Pleosporaceae","Bipolaris","bicolor",0,0,0,0,0,339,0,0,0,0
"k__Fungi;p__Ascomycota;c__Dothideomycetes;o__Pleosporales;f__Pleosporaceae;g__Bipolaris;s__cynodontis","Fungi","Ascomycota","Dothideomycetes","Pleosporales","Pleosporaceae","Bipolaris","cynodontis",0,0,0,0,0,0,0,0,0,0
"k__Fungi;p__Ascomycota;c__Dothideomycetes;o__Pleosporales;f__Pleosporaceae;g__Bipolaris;s__micropus","Fungi","Ascomycota","Dothideomycetes","Pleosporales","Pleosporaceae","Bipolaris","micropus",0,0,19,0,0,0,0,0,0,0
"k__Fungi;p__Ascomycota;c__Dothideomycetes;o__Pleosporales;f__Pleosporaceae;g__Bipolaris;s__sorokiniana","Fungi","Ascomycota","Dothideomycetes","Pleosporales","Pleosporaceae","Bipolaris","sorokiniana",0,0,0,0,0,0,0,0,0,658
"k__Fungi;p__Ascomycota;c__Dothideomycetes;o__Pleosporales;f__Pleosporaceae;g__Cochliobolus-Curvularia;s__americana-pallescens","Fungi","Ascomycota","Dothideomycetes","Pleosporales","Pleosporaceae","Cochliobolus-Curvularia","americana-pallescens",0,0,0,35,0,0,0,0,0,0
"k__Fungi;p__Ascomycota;c__Dothideomycetes;o__Pleosporales;f__Pleosporaceae;g__Cochliobolus-Curvularia;s__coatesiae-pallescens-trifolii","Fungi","Ascomycota","Dothideomycetes","Pleosporales","Pleosporaceae","Cochliobolus-Curvularia","coatesiae-pallescens-trifolii",0,0,0,46,0,0,0,0,0,0
"k__Fungi;p__Ascomycota;c__Dothideomycetes;o__Pleosporales;f__Pleosporaceae;g__Curvularia;s__NA","Fungi","Ascomycota","Dothideomycetes","Pleosporales","Pleosporaceae","Curvularia",NA,0,0,608,0,0,0,0,0,0,0
"k__Fungi;p__Ascomycota;c__Dothideomycetes;o__Pleosporales;f__Pleosporaceae;g__Curvularia;s__affinis-alcornii","Fungi","Ascomycota","Dothideomycetes","Pleosporales","Pleosporaceae","Curvularia","affinis-alcornii",0,0,41,0,0,287,0,0,0,0
"k__Fungi;p__Ascomycota;c__Dothideomycetes;o__Pleosporales;f__Pleosporaceae;g__Curvularia;s__akaiiensis-andropogonis","Fungi","Ascomycota","Dothideomycetes","Pleosporales","Pleosporaceae","Curvularia","akaiiensis-andropogonis",0,0,31,0,0,231,0,0,0,0
"k__Fungi;p__Ascomycota;c__Dothideomycetes;o__Pleosporales;f__Pleosporaceae;g__Curvularia;s__australiensis-ellisii-subpapendorfii","Fungi","Ascomycota","Dothideomycetes","Pleosporales","Pleosporaceae","Curvularia","australiensis-ellisii-subpapendorfii",0,0,0,0,0,0,0,0,0,0
"k__Fungi;p__Ascomycota;c__Dothideomycetes;o__Pleosporales;f__Pleosporaceae;g__Curvularia;s__bannonii","Fungi","Ascomycota","Dothideomycetes","Pleosporales","Pleosporaceae","Curvularia","bannonii",0,0,133,0,0,0,0,0,0,0
"k__Fungi;p__Ascomycota;c__Dothideomycetes;o__Pleosporales;f__Pleosporaceae;g__Curvularia;s__beasleyi","Fungi","Ascomycota","Dothideomycetes","Pleosporales","Pleosporaceae","Curvularia","beasleyi",0,0,0,0,0,0,0,0,0,0
"k__Fungi;p__Ascomycota;c__Dothideomycetes;o__Pleosporales;f__Pleosporaceae;g__Curvularia;s__brachyspora-lunata","Fungi","Ascomycota","Dothideomycetes","Pleosporales","Pleosporaceae","Curvularia","brachyspora-lunata",33,0,1241,1578,0,114,0,0,0,0
"k__Fungi;p__Ascomycota;c__Dothideomycetes;o__Pleosporales;f__Pleosporaceae;g__Curvularia;s__buchloes-spicifera-tsudae","Fungi","Ascomycota","Dothideomycetes","Pleosporales","Pleosporaceae","Curvularia","buchloes-spicifera-tsudae",0,0,0,0,0,78,0,0,0,0
"k__Fungi;p__Ascomycota;c__Dothideomycetes;o__Pleosporales;f__Pleosporaceae;g__Curvularia;s__clavata","Fungi","Ascomycota","Dothideomycetes","Pleosporales","Pleosporaceae","Curvularia","clavata",236,0,7828,4356,0,1259,0,484,0,0
"k__Fungi;p__Ascomycota;c__Dothideomycetes;o__Pleosporales;f__Pleosporaceae;g__Curvularia;s__clavata-eragrostidis","Fungi","Ascomycota","Dothideomycetes","Pleosporales","Pleosporaceae","Curvularia","clavata-eragrostidis",0,0,0,0,93,76,0,0,0,0
"k__Fungi;p__Ascomycota;c__Dothideomycetes;o__Pleosporales;f__Pleosporaceae;g__Curvularia;s__coicicola-inaequalis-protuberata","Fungi","Ascomycota","Dothideomycetes","Pleosporales","Pleosporaceae","Curvularia","coicicola-inaequalis-protuberata",0,0,0,0,0,0,0,0,0,0
"k__Fungi;p__Ascomycota;c__Dothideomycetes;o__Pleosporales;f__Pleosporaceae;g__Curvularia;s__crassiseptum","Fungi","Ascomycota","Dothideomycetes","Pleosporales","Pleosporaceae","Curvularia","crassiseptum",0,0,0,0,0,0,0,0,0,0
"k__Fungi;p__Ascomycota;c__Dothideomycetes;o__Pleosporales;f__Pleosporaceae;g__Curvularia;s__ellisii","Fungi","Ascomycota","Dothideomycetes","Pleosporales","Pleosporaceae","Curvularia","ellisii",0,0,0,0,0,0,0,0,0,0
"k__Fungi;p__Ascomycota;c__Dothideomycetes;o__Pleosporales;f__Pleosporaceae;g__Curvularia;s__eragrostidis","Fungi","Ascomycota","Dothideomycetes","Pleosporales","Pleosporaceae","Curvularia","eragrostidis",0,0,0,0,0,0,0,0,0,0
"k__Fungi;p__Ascomycota;c__Dothideomycetes;o__Pleosporales;f__Pleosporaceae;g__Curvularia;s__graminicola","Fungi","Ascomycota","Dothideomycetes","Pleosporales","Pleosporaceae","Curvularia","graminicola",0,0,0,350,0,0,0,0,0,0
"k__Fungi;p__Ascomycota;c__Dothideomycetes;o__Pleosporales;f__Pleosporaceae;g__Curvularia;s__inaequalis","Fungi","Ascomycota","Dothideomycetes","Pleosporales","Pleosporaceae","Curvularia","inaequalis",0,0,0,0,0,0,0,0,0,0
"k__Fungi;p__Ascomycota;c__Dothideomycetes;o__Pleosporales;f__Pleosporaceae;g__Curvularia;s__intermedia","Fungi","Ascomycota","Dothideomycetes","Pleosporales","Pleosporaceae","Curvularia","intermedia",0,0,60,343,0,0,0,0,102,0
"k__Fungi;p__Ascomycota;c__Dothideomycetes;o__Pleosporales;f__Pleosporaceae;g__Curvularia;s__kusanoi","Fungi","Ascomycota","Dothideomycetes","Pleosporales","Pleosporaceae","Curvularia","kusanoi",42,0,1520,393,0,277,40,4774,2234,88
"k__Fungi;p__Ascomycota;c__Dothideomycetes;o__Pleosporales;f__Pleosporaceae;g__Curvularia;s__kusanoi-nodulosa","Fungi","Ascomycota","Dothideomycetes","Pleosporales","Pleosporaceae","Curvularia","kusanoi-nodulosa",0,0,0,0,0,42,0,0,0,0
"k__Fungi;p__Ascomycota;c__Dothideomycetes;o__Pleosporales;f__Pleosporaceae;g__Curvularia;s__kusanoi-sorghina","Fungi","Ascomycota","Dothideomycetes","Pleosporales","Pleosporaceae","Curvularia","kusanoi-sorghina",0,0,19,0,0,0,0,0,0,0
"k__Fungi;p__Ascomycota;c__Dothideomycetes;o__Pleosporales;f__Pleosporaceae;g__Curvularia;s__lunata","Fungi","Ascomycota","Dothideomycetes","Pleosporales","Pleosporaceae","Curvularia","lunata",25,0,0,47,0,0,0,0,0,0
"k__Fungi;p__Ascomycota;c__Dothideomycetes;o__Pleosporales;f__Pleosporaceae;g__Curvularia;s__lunata-papendorfii","Fungi","Ascomycota","Dothideomycetes","Pleosporales","Pleosporaceae","Curvularia","lunata-papendorfii",0,0,92,135,0,0,0,0,0,0
"k__Fungi;p__Ascomycota;c__Dothideomycetes;o__Pleosporales;f__Pleosporaceae;g__Curvularia;s__mebaldsii","Fungi","Ascomycota","Dothideomycetes","Pleosporales","Pleosporaceae","Curvularia","mebaldsii",0,0,0,0,0,0,0,0,0,0
"k__Fungi;p__Ascomycota;c__Dothideomycetes;o__Pleosporales;f__Pleosporaceae;g__Curvularia;s__nodulosa","Fungi","Ascomycota","Dothideomycetes","Pleosporales","Pleosporaceae","Curvularia","nodulosa",0,0,0,0,0,0,0,0,0,0
"k__Fungi;p__Ascomycota;c__Dothideomycetes;o__Pleosporales;f__Pleosporaceae;g__Curvularia;s__panici","Fungi","Ascomycota","Dothideomycetes","Pleosporales","Pleosporaceae","Curvularia","panici",0,0,0,23,0,0,0,0,0,0
"k__Fungi;p__Ascomycota;c__Dothideomycetes;o__Pleosporales;f__Pleosporaceae;g__Curvularia;s__papendorfii","Fungi","Ascomycota","Dothideomycetes","Pleosporales","Pleosporaceae","Curvularia","papendorfii",18,0,362,16,18,595,0,520,0,0
"k__Fungi;p__Ascomycota;c__Dothideomycetes;o__Pleosporales;f__Pleosporaceae;g__Curvularia;s__protuberata","Fungi","Ascomycota","Dothideomycetes","Pleosporales","Pleosporaceae","Curvularia","protuberata",82,0,1863,2343,84,874,0,2900,0,0
"k__Fungi;p__Ascomycota;c__Dothideomycetes;o__Pleosporales;f__Pleosporaceae;g__Curvularia;s__verruculosa","Fungi","Ascomycota","Dothideomycetes","Pleosporales","Pleosporaceae","Curvularia","verruculosa",0,0,0,0,0,0,0,0,0,0
"k__Fungi;p__Ascomycota;c__Dothideomycetes;o__Pleosporales;f__Pleosporaceae;g__Drechslera;s__NA","Fungi","Ascomycota","Dothideomycetes","Pleosporales","Pleosporaceae","Drechslera",NA,0,0,0,0,0,0,0,0,0,0
"k__Fungi;p__Ascomycota;c__Dothideomycetes;o__Pleosporales;f__Pleosporaceae;g__Drechslera;s__brizae","Fungi","Ascomycota","Dothideomycetes","Pleosporales","Pleosporaceae","Drechslera","brizae",0,0,0,0,0,0,0,0,0,0
"k__Fungi;p__Ascomycota;c__Dothideomycetes;o__Pleosporales;f__Pleosporaceae;g__Exserohilum;s__NA","Fungi","Ascomycota","Dothideomycetes","Pleosporales","Pleosporaceae","Exserohilum",NA,0,0,0,0,0,0,0,0,0,0
"k__Fungi;p__Ascomycota;c__Dothideomycetes;o__Pleosporales;f__Pleosporaceae;g__Exserohilum;s__fusiforme-oryzicola","Fungi","Ascomycota","Dothideomycetes","Pleosporales","Pleosporaceae","Exserohilum","fusiforme-oryzicola",0,0,0,0,0,0,0,0,0,0
"k__Fungi;p__Ascomycota;c__Dothideomycetes;o__Pleosporales;f__Pleosporaceae;g__Exserohilum;s__rostratum","Fungi","Ascomycota","Dothideomycetes","Pleosporales","Pleosporaceae","Exserohilum","rostratum",0,0,71,20,0,0,0,0,0,0
"k__Fungi;p__Ascomycota;c__Dothideomycetes;o__Pleosporales;f__Pleosporaceae;g__NA;s__NA","Fungi","Ascomycota","Dothideomycetes","Pleosporales","Pleosporaceae",NA,NA,0,0,0,0,0,0,0,0,40,0
"k__Fungi;p__Ascomycota;c__Dothideomycetes;o__Pleosporales;f__Pleosporaceae;g__Pyrenophora;s__dictyoides","Fungi","Ascomycota","Dothideomycetes","Pleosporales","Pleosporaceae","Pyrenophora","dictyoides",0,0,0,0,0,0,0,0,0,0
"k__Fungi;p__Ascomycota;c__Dothideomycetes;o__Pleosporales;f__Pleosporaceae;g__Pyrenophora;s__lolii","Fungi","Ascomycota","Dothideomycetes","Pleosporales","Pleosporaceae","Pyrenophora","lolii",0,0,0,0,0,0,0,0,0,0
"k__Fungi;p__Ascomycota;c__Dothideomycetes;o__Pleosporales;f__Pleosporaceae;g__Stemphylium;s__vesicarium","Fungi","Ascomycota","Dothideomycetes","Pleosporales","Pleosporaceae","Stemphylium","vesicarium",0,0,0,0,0,24,0,0,0,140
"k__Fungi;p__Ascomycota;c__Dothideomycetes;o__Pleosporales;f__Sporormiaceae;g__NA;s__NA","Fungi","Ascomycota","Dothideomycetes","Pleosporales","Sporormiaceae",NA,NA,11,202,57,0,0,0,0,0,0,0
"k__Fungi;p__Ascomycota;c__Dothideomycetes;o__Pleosporales;f__Sporormiaceae;g__Preussia;s__NA","Fungi","Ascomycota","Dothideomycetes","Pleosporales","Sporormiaceae","Preussia",NA,0,0,50,107,0,0,0,0,0,0
"k__Fungi;p__Ascomycota;c__Dothideomycetes;o__Pleosporales;f__Sporormiaceae;g__Preussia;s__flanaganii","Fungi","Ascomycota","Dothideomycetes","Pleosporales","Sporormiaceae","Preussia","flanaganii",0,0,0,0,0,0,0,0,0,0
"k__Fungi;p__Ascomycota;c__Dothideomycetes;o__Pleosporales;f__Teichosporaceae;g__NA;s__NA","Fungi","Ascomycota","Dothideomycetes","Pleosporales","Teichosporaceae",NA,NA,0,0,48,0,0,0,0,0,0,0
"k__Fungi;p__Ascomycota;c__Dothideomycetes;o__Pleosporales;f__Teichosporaceae;g__Teichospora;s__austroafricana","Fungi","Ascomycota","Dothideomycetes","Pleosporales","Teichosporaceae","Teichospora","austroafricana",0,0,0,0,0,0,0,0,0,0
"k__Fungi;p__Ascomycota;c__Dothideomycetes;o__Pleosporales;f__Teichosporaceae;g__Teichospora;s__mariae","Fungi","Ascomycota","Dothideomycetes","Pleosporales","Teichosporaceae","Teichospora","mariae",0,0,0,0,0,0,0,0,0,0
"k__Fungi;p__Ascomycota;c__Dothideomycetes;o__Pleosporales;f__Tetraplosphaeriaceae;g__NA;s__NA","Fungi","Ascomycota","Dothideomycetes","Pleosporales","Tetraplosphaeriaceae",NA,NA,0,0,0,0,0,0,0,0,0,0
"k__Fungi;p__Ascomycota;c__Dothideomycetes;o__Pleosporales;f__Tetraplosphaeriaceae;g__Tetraploa-Tetraplosphaeria;s__sasicola","Fungi","Ascomycota","Dothideomycetes","Pleosporales","Tetraplosphaeriaceae","Tetraploa-Tetraplosphaeria","sasicola",0,0,0,0,0,0,0,0,0,0
"k__Fungi;p__Ascomycota;c__Dothideomycetes;o__Pleosporales;f__Tetraplosphaeriaceae;g__Tetraplosphaeria;s__NA","Fungi","Ascomycota","Dothideomycetes","Pleosporales","Tetraplosphaeriaceae","Tetraplosphaeria",NA,0,0,0,0,0,0,0,0,0,0
"k__Fungi;p__Ascomycota;c__Dothideomycetes;o__Pleosporales;f__Thyridariaceae;g__NA;s__NA","Fungi","Ascomycota","Dothideomycetes","Pleosporales","Thyridariaceae",NA,NA,0,0,0,0,0,0,0,0,0,0
"k__Fungi;p__Ascomycota;c__Dothideomycetes;o__Pleosporales;f__Thyridariaceae;g__Roussoella;s__NA","Fungi","Ascomycota","Dothideomycetes","Pleosporales","Thyridariaceae","Roussoella",NA,0,0,0,0,0,0,0,0,0,0
"k__Fungi;p__Ascomycota;c__Dothideomycetes;o__Pleosporales;f__Thyridariaceae;g__Roussoella;s__solani","Fungi","Ascomycota","Dothideomycetes","Pleosporales","Thyridariaceae","Roussoella","solani",0,0,0,0,0,0,0,0,0,0
"k__Fungi;p__Ascomycota;c__Dothideomycetes;o__Pleosporales;f__Torulaceae;g__Torula;s__NA","Fungi","Ascomycota","Dothideomycetes","Pleosporales","Torulaceae","Torula",NA,0,0,0,0,0,0,0,0,0,0
"k__Fungi;p__Ascomycota;c__Dothideomycetes;o__Pleosporales;f__Torulaceae;g__Torula;s__herbarum","Fungi","Ascomycota","Dothideomycetes","Pleosporales","Torulaceae","Torula","herbarum",0,0,0,0,0,0,0,0,0,0
"k__Fungi;p__Ascomycota;c__Dothideomycetes;o__Tubeufiales;f__Tubeufiaceae;g__Berkleasmium;s__NA","Fungi","Ascomycota","Dothideomycetes","Tubeufiales","Tubeufiaceae","Berkleasmium",NA,0,0,0,0,0,0,0,0,0,0
"k__Fungi;p__Ascomycota;c__Dothideomycetes;o__Tubeufiales;f__Tubeufiaceae;g__Helicoma;s__vaccinii","Fungi","Ascomycota","Dothideomycetes","Tubeufiales","Tubeufiaceae","Helicoma","vaccinii",0,0,0,0,0,0,0,0,0,0
"k__Fungi;p__Ascomycota;c__Dothideomycetes;o__Tubeufiales;f__Tubeufiaceae;g__Helicomyces;s__roseus","Fungi","Ascomycota","Dothideomycetes","Tubeufiales","Tubeufiaceae","Helicomyces","roseus",0,0,0,0,0,0,0,0,0,0
"k__Fungi;p__Ascomycota;c__Dothideomycetes;o__Tubeufiales;f__Tubeufiaceae;g__Helicosporium;s__gracile","Fungi","Ascomycota","Dothideomycetes","Tubeufiales","Tubeufiaceae","Helicosporium","gracile",0,0,0,0,0,0,0,0,0,0
"k__Fungi;p__Ascomycota;c__Dothideomycetes;o__Tubeufiales;f__Tubeufiaceae;g__NA;s__NA","Fungi","Ascomycota","Dothideomycetes","Tubeufiales","Tubeufiaceae",NA,NA,0,0,0,0,0,0,0,0,0,0
"k__Fungi;p__Ascomycota;c__Dothideomycetes;o__Tubeufiales;f__Tubeufiaceae;g__Tubeufia;s__helicomyces","Fungi","Ascomycota","Dothideomycetes","Tubeufiales","Tubeufiaceae","Tubeufia","helicomyces",0,0,0,0,0,0,0,0,0,0
"k__Fungi;p__Ascomycota;c__Dothideomycetes;o__Valsariales;f__Valsariaceae;g__Valsaria;s__insitiva","Fungi","Ascomycota","Dothideomycetes","Valsariales","Valsariaceae","Valsaria","insitiva",0,0,0,0,0,0,0,0,0,0
"k__Fungi;p__Ascomycota;c__Dothideomycetes;o__Venturiales;f__NA;g__Mycosisymbrium;s__cirrhosum","Fungi","Ascomycota","Dothideomycetes","Venturiales",NA,"Mycosisymbrium","cirrhosum",0,0,0,0,0,0,0,0,0,0
"k__Fungi;p__Ascomycota;c__Dothideomycetes;o__Venturiales;f__NA;g__NA;s__NA","Fungi","Ascomycota","Dothideomycetes","Venturiales",NA,NA,NA,0,0,39,0,0,0,0,476,0,0
"k__Fungi;p__Ascomycota;c__Dothideomycetes;o__Venturiales;f__Sympoventuriaceae;g__Fusicladium;s__cordae","Fungi","Ascomycota","Dothideomycetes","Venturiales","Sympoventuriaceae","Fusicladium","cordae",0,0,0,0,0,0,0,0,0,0
"k__Fungi;p__Ascomycota;c__Dothideomycetes;o__Venturiales;f__Sympoventuriaceae;g__NA;s__NA","Fungi","Ascomycota","Dothideomycetes","Venturiales","Sympoventuriaceae",NA,NA,0,0,0,0,0,0,0,0,0,0
"k__Fungi;p__Ascomycota;c__Dothideomycetes;o__Venturiales;f__Sympoventuriaceae;g__Ochroconis;s__NA","Fungi","Ascomycota","Dothideomycetes","Venturiales","Sympoventuriaceae","Ochroconis",NA,0,0,0,0,0,0,0,0,0,0
"k__Fungi;p__Ascomycota;c__Dothideomycetes;o__Venturiales;f__Sympoventuriaceae;g__Ochroconis;s__mirabilis","Fungi","Ascomycota","Dothideomycetes","Venturiales","Sympoventuriaceae","Ochroconis","mirabilis",0,0,0,0,0,0,0,0,0,0
"k__Fungi;p__Ascomycota;c__Dothideomycetes;o__Venturiales;f__Sympoventuriaceae;g__Veronaeopsis;s__NA","Fungi","Ascomycota","Dothideomycetes","Venturiales","Sympoventuriaceae","Veronaeopsis",NA,0,0,0,20,0,0,0,0,0,0
"k__Fungi;p__Ascomycota;c__Dothideomycetes;o__Venturiales;f__Venturiaceae;g__Cylindrosympodium;s__lauri","Fungi","Ascomycota","Dothideomycetes","Venturiales","Venturiaceae","Cylindrosympodium","lauri",0,0,0,0,0,0,0,0,0,0
"k__Fungi;p__Ascomycota;c__Dothideomycetes;o__Venturiales;f__Venturiaceae;g__NA;s__NA","Fungi","Ascomycota","Dothideomycetes","Venturiales","Venturiaceae",NA,NA,0,0,0,0,0,0,11,0,0,0
"k__Fungi;p__Ascomycota;c__Dothideomycetes;o__Venturiales;f__Venturiaceae;g__Venturia;s__NA","Fungi","Ascomycota","Dothideomycetes","Venturiales","Venturiaceae","Venturia",NA,0,0,0,0,0,0,0,0,0,0
"k__Fungi;p__Ascomycota;c__Eurotiomycetes;o__Chaetothyriales;f__Chaetothyriaceae;g__Ceramothyrium;s__podocarpi","Fungi","Ascomycota","Eurotiomycetes","Chaetothyriales","Chaetothyriaceae","Ceramothyrium","podocarpi",0,0,0,0,0,0,20,0,0,0
"k__Fungi;p__Ascomycota;c__Eurotiomycetes;o__Chaetothyriales;f__Chaetothyriaceae;g__NA;s__NA","Fungi","Ascomycota","Eurotiomycetes","Chaetothyriales","Chaetothyriaceae",NA,NA,0,0,0,0,0,0,0,0,0,0
"k__Fungi;p__Ascomycota;c__Eurotiomycetes;o__Chaetothyriales;f__Cyphellophoraceae;g__Cyphellophora;s__europaea","Fungi","Ascomycota","Eurotiomycetes","Chaetothyriales","Cyphellophoraceae","Cyphellophora","europaea",0,0,0,0,0,0,0,0,0,0
"k__Fungi;p__Ascomycota;c__Eurotiomycetes;o__Chaetothyriales;f__Cyphellophoraceae;g__Cyphellophora;s__fusarioides","Fungi","Ascomycota","Eurotiomycetes","Chaetothyriales","Cyphellophoraceae","Cyphellophora","fusarioides",0,0,0,0,0,0,0,0,0,0
"k__Fungi;p__Ascomycota;c__Eurotiomycetes;o__Chaetothyriales;f__Cyphellophoraceae;g__Cyphellophora;s__fusarioides-vermispora","Fungi","Ascomycota","Eurotiomycetes","Chaetothyriales","Cyphellophoraceae","Cyphellophora","fusarioides-vermispora",0,0,0,0,0,0,0,0,0,0
"k__Fungi;p__Ascomycota;c__Eurotiomycetes;o__Chaetothyriales;f__Cyphellophoraceae;g__Cyphellophora;s__guyanensis","Fungi","Ascomycota","Eurotiomycetes","Chaetothyriales","Cyphellophoraceae","Cyphellophora","guyanensis",0,0,0,0,0,0,0,0,0,0
"k__Fungi;p__Ascomycota;c__Eurotiomycetes;o__Chaetothyriales;f__Cyphellophoraceae;g__Cyphellophora;s__laciniata","Fungi","Ascomycota","Eurotiomycetes","Chaetothyriales","Cyphellophoraceae","Cyphellophora","laciniata",0,0,0,0,0,0,0,0,0,0
"k__Fungi;p__Ascomycota;c__Eurotiomycetes;o__Chaetothyriales;f__Cyphellophoraceae;g__Cyphellophora;s__olivacea","Fungi","Ascomycota","Eurotiomycetes","Chaetothyriales","Cyphellophoraceae","Cyphellophora","olivacea",0,0,0,0,0,0,0,0,0,0
"k__Fungi;p__Ascomycota;c__Eurotiomycetes;o__Chaetothyriales;f__Cyphellophoraceae;g__Cyphellophora;s__phyllostachydis","Fungi","Ascomycota","Eurotiomycetes","Chaetothyriales","Cyphellophoraceae","Cyphellophora","phyllostachydis",0,0,0,0,0,0,0,0,0,0
"k__Fungi;p__Ascomycota;c__Eurotiomycetes;o__Chaetothyriales;f__Cyphellophoraceae;g__Cyphellophora;s__pluriseptata","Fungi","Ascomycota","Eurotiomycetes","Chaetothyriales","Cyphellophoraceae","Cyphellophora","pluriseptata",0,0,0,0,0,0,0,0,0,0
"k__Fungi;p__Ascomycota;c__Eurotiomycetes;o__Chaetothyriales;f__Cyphellophoraceae;g__Cyphellophora;s__sessilis","Fungi","Ascomycota","Eurotiomycetes","Chaetothyriales","Cyphellophoraceae","Cyphellophora","sessilis",0,0,0,0,0,0,0,0,0,0
"k__Fungi;p__Ascomycota;c__Eurotiomycetes;o__Chaetothyriales;f__Cyphellophoraceae;g__Cyphellophora;s__suttonii","Fungi","Ascomycota","Eurotiomycetes","Chaetothyriales","Cyphellophoraceae","Cyphellophora","suttonii",0,0,0,0,0,0,0,0,0,0
"k__Fungi;p__Ascomycota;c__Eurotiomycetes;o__Chaetothyriales;f__Cyphellophoraceae;g__Cyphellophora;s__vermispora","Fungi","Ascomycota","Eurotiomycetes","Chaetothyriales","Cyphellophoraceae","Cyphellophora","vermispora",0,0,0,0,0,0,0,0,0,0
"k__Fungi;p__Ascomycota;c__Eurotiomycetes;o__Chaetothyriales;f__Herpotrichiellaceae;g__Capronia;s__NA","Fungi","Ascomycota","Eurotiomycetes","Chaetothyriales","Herpotrichiellaceae","Capronia",NA,0,94,156,16,0,0,0,0,0,0
"k__Fungi;p__Ascomycota;c__Eurotiomycetes;o__Chaetothyriales;f__Herpotrichiellaceae;g__Capronia;s__epimyces","Fungi","Ascomycota","Eurotiomycetes","Chaetothyriales","Herpotrichiellaceae","Capronia","epimyces",0,0,0,0,0,0,0,0,0,0
"k__Fungi;p__Ascomycota;c__Eurotiomycetes;o__Chaetothyriales;f__Herpotrichiellaceae;g__Capronia;s__kleinmondensis","Fungi","Ascomycota","Eurotiomycetes","Chaetothyriales","Herpotrichiellaceae","Capronia","kleinmondensis",0,0,0,0,0,0,0,0,0,0
"k__Fungi;p__Ascomycota;c__Eurotiomycetes;o__Chaetothyriales;f__Herpotrichiellaceae;g__Capronia;s__mansonii","Fungi","Ascomycota","Eurotiomycetes","Chaetothyriales","Herpotrichiellaceae","Capronia","mansonii",0,0,0,0,0,0,0,0,0,0
"k__Fungi;p__Ascomycota;c__Eurotiomycetes;o__Chaetothyriales;f__Herpotrichiellaceae;g__Capronia;s__pilosella","Fungi","Ascomycota","Eurotiomycetes","Chaetothyriales","Herpotrichiellaceae","Capronia","pilosella",0,0,0,0,0,0,0,0,0,0
"k__Fungi;p__Ascomycota;c__Eurotiomycetes;o__Chaetothyriales;f__Herpotrichiellaceae;g__Capronia;s__pilosella-pulcherrima","Fungi","Ascomycota","Eurotiomycetes","Chaetothyriales","Herpotrichiellaceae","Capronia","pilosella-pulcherrima",0,0,0,0,0,0,0,0,0,0
"k__Fungi;p__Ascomycota;c__Eurotiomycetes;o__Chaetothyriales;f__Herpotrichiellaceae;g__Cladophialophora;s__bantiana-emmonsii","Fungi","Ascomycota","Eurotiomycetes","Chaetothyriales","Herpotrichiellaceae","Cladophialophora","bantiana-emmonsii",0,0,0,0,0,0,0,0,0,0
"k__Fungi;p__Ascomycota;c__Eurotiomycetes;o__Chaetothyriales;f__Herpotrichiellaceae;g__Cladophialophora;s__chaetospira","Fungi","Ascomycota","Eurotiomycetes","Chaetothyriales","Herpotrichiellaceae","Cladophialophora","chaetospira",0,0,0,0,0,0,0,0,0,0
"k__Fungi;p__Ascomycota;c__Eurotiomycetes;o__Chaetothyriales;f__Herpotrichiellaceae;g__Exophiala-Veronaea;s__botryosa-compacta","Fungi","Ascomycota","Eurotiomycetes","Chaetothyriales","Herpotrichiellaceae","Exophiala-Veronaea","botryosa-compacta",0,0,0,0,0,0,0,0,0,0
"k__Fungi;p__Ascomycota;c__Eurotiomycetes;o__Chaetothyriales;f__Herpotrichiellaceae;g__Exophiala;s__NA","Fungi","Ascomycota","Eurotiomycetes","Chaetothyriales","Herpotrichiellaceae","Exophiala",NA,0,0,459,116,0,30,0,0,0,0
"k__Fungi;p__Ascomycota;c__Eurotiomycetes;o__Chaetothyriales;f__Herpotrichiellaceae;g__Exophiala;s__capensis","Fungi","Ascomycota","Eurotiomycetes","Chaetothyriales","Herpotrichiellaceae","Exophiala","capensis",0,0,0,0,0,0,0,0,0,0
"k__Fungi;p__Ascomycota;c__Eurotiomycetes;o__Chaetothyriales;f__Herpotrichiellaceae;g__Exophiala;s__castellanii","Fungi","Ascomycota","Eurotiomycetes","Chaetothyriales","Herpotrichiellaceae","Exophiala","castellanii",0,0,0,0,0,0,0,0,0,0
"k__Fungi;p__Ascomycota;c__Eurotiomycetes;o__Chaetothyriales;f__Herpotrichiellaceae;g__Exophiala;s__equina","Fungi","Ascomycota","Eurotiomycetes","Chaetothyriales","Herpotrichiellaceae","Exophiala","equina",0,0,0,0,0,0,0,0,0,0
"k__Fungi;p__Ascomycota;c__Eurotiomycetes;o__Chaetothyriales;f__Herpotrichiellaceae;g__Exophiala;s__hongkongensis","Fungi","Ascomycota","Eurotiomycetes","Chaetothyriales","Herpotrichiellaceae","Exophiala","hongkongensis",0,0,0,0,0,40,0,0,0,0
"k__Fungi;p__Ascomycota;c__Eurotiomycetes;o__Chaetothyriales;f__Herpotrichiellaceae;g__Exophiala;s__jeanselmei","Fungi","Ascomycota","Eurotiomycetes","Chaetothyriales","Herpotrichiellaceae","Exophiala","jeanselmei",0,0,0,0,0,0,0,0,0,0
"k__Fungi;p__Ascomycota;c__Eurotiomycetes;o__Chaetothyriales;f__Herpotrichiellaceae;g__Exophiala;s__jeanselmei-oligosperma","Fungi","Ascomycota","Eurotiomycetes","Chaetothyriales","Herpotrichiellaceae","Exophiala","jeanselmei-oligosperma",0,0,0,0,0,0,0,0,0,0
"k__Fungi;p__Ascomycota;c__Eurotiomycetes;o__Chaetothyriales;f__Herpotrichiellaceae;g__Exophiala;s__mesophila","Fungi","Ascomycota","Eurotiomycetes","Chaetothyriales","Herpotrichiellaceae","Exophiala","mesophila",0,0,0,0,0,0,0,0,0,0
"k__Fungi;p__Ascomycota;c__Eurotiomycetes;o__Chaetothyriales;f__Herpotrichiellaceae;g__Exophiala;s__moniliae","Fungi","Ascomycota","Eurotiomycetes","Chaetothyriales","Herpotrichiellaceae","Exophiala","moniliae",0,0,0,0,0,0,0,0,0,0
"k__Fungi;p__Ascomycota;c__Eurotiomycetes;o__Chaetothyriales;f__Herpotrichiellaceae;g__Exophiala;s__oligosperma","Fungi","Ascomycota","Eurotiomycetes","Chaetothyriales","Herpotrichiellaceae","Exophiala","oligosperma",0,0,13,0,0,0,0,0,0,0
"k__Fungi;p__Ascomycota;c__Eurotiomycetes;o__Chaetothyriales;f__Herpotrichiellaceae;g__Fonsecaea;s__multimorphosa","Fungi","Ascomycota","Eurotiomycetes","Chaetothyriales","Herpotrichiellaceae","Fonsecaea","multimorphosa",0,0,0,0,0,0,0,0,0,0
"k__Fungi;p__Ascomycota;c__Eurotiomycetes;o__Chaetothyriales;f__Herpotrichiellaceae;g__NA;s__NA","Fungi","Ascomycota","Eurotiomycetes","Chaetothyriales","Herpotrichiellaceae",NA,NA,0,0,0,0,0,0,0,0,0,0
"k__Fungi;p__Ascomycota;c__Eurotiomycetes;o__Chaetothyriales;f__Herpotrichiellaceae;g__Phialophora;s__NA","Fungi","Ascomycota","Eurotiomycetes","Chaetothyriales","Herpotrichiellaceae","Phialophora",NA,0,0,0,0,0,0,0,0,0,0
"k__Fungi;p__Ascomycota;c__Eurotiomycetes;o__Chaetothyriales;f__Herpotrichiellaceae;g__Phialophora;s__japonica","Fungi","Ascomycota","Eurotiomycetes","Chaetothyriales","Herpotrichiellaceae","Phialophora","japonica",0,0,0,0,0,0,0,0,0,0
"k__Fungi;p__Ascomycota;c__Eurotiomycetes;o__Chaetothyriales;f__Herpotrichiellaceae;g__Phialophora;s__livistonae","Fungi","Ascomycota","Eurotiomycetes","Chaetothyriales","Herpotrichiellaceae","Phialophora","livistonae",0,0,0,0,0,0,0,0,0,0
"k__Fungi;p__Ascomycota;c__Eurotiomycetes;o__Chaetothyriales;f__Herpotrichiellaceae;g__Rhinocladiella;s__NA","Fungi","Ascomycota","Eurotiomycetes","Chaetothyriales","Herpotrichiellaceae","Rhinocladiella",NA,0,0,0,0,0,0,0,0,0,0
"k__Fungi;p__Ascomycota;c__Eurotiomycetes;o__Chaetothyriales;f__Herpotrichiellaceae;g__Veronaea;s__NA","Fungi","Ascomycota","Eurotiomycetes","Chaetothyriales","Herpotrichiellaceae","Veronaea",NA,0,0,0,0,0,0,31,0,0,0
"k__Fungi;p__Ascomycota;c__Eurotiomycetes;o__Chaetothyriales;f__Herpotrichiellaceae;g__Veronaea;s__botryosa","Fungi","Ascomycota","Eurotiomycetes","Chaetothyriales","Herpotrichiellaceae","Veronaea","botryosa",0,0,0,0,0,0,0,0,0,0
"k__Fungi;p__Ascomycota;c__Eurotiomycetes;o__Chaetothyriales;f__NA;g__Melnikomyces;s__vietnamensis","Fungi","Ascomycota","Eurotiomycetes","Chaetothyriales",NA,"Melnikomyces","vietnamensis",0,0,0,0,0,0,0,0,0,0
"k__Fungi;p__Ascomycota;c__Eurotiomycetes;o__Chaetothyriales;f__NA;g__NA;s__NA","Fungi","Ascomycota","Eurotiomycetes","Chaetothyriales",NA,NA,NA,0,0,49,41,0,0,0,0,0,0
"k__Fungi;p__Ascomycota;c__Eurotiomycetes;o__Chaetothyriales;f__NA;g__Neophaeococcomyces;s__NA","Fungi","Ascomycota","Eurotiomycetes","Chaetothyriales",NA,"Neophaeococcomyces",NA,0,0,0,0,0,14,0,0,0,0
"k__Fungi;p__Ascomycota;c__Eurotiomycetes;o__Chaetothyriales;f__NA;g__Strelitziana;s__africana-malaysiana","Fungi","Ascomycota","Eurotiomycetes","Chaetothyriales",NA,"Strelitziana","africana-malaysiana",0,0,0,0,0,0,0,0,0,0
"k__Fungi;p__Ascomycota;c__Eurotiomycetes;o__Chaetothyriales;f__NA;g__Strelitziana;s__malaysiana","Fungi","Ascomycota","Eurotiomycetes","Chaetothyriales",NA,"Strelitziana","malaysiana",0,0,0,0,0,0,0,0,0,0
"k__Fungi;p__Ascomycota;c__Eurotiomycetes;o__Chaetothyriales;f__Trichomeriaceae;g__Alatosessilispora-Trichomerium;s__bibrachiata-dioscoreae","Fungi","Ascomycota","Eurotiomycetes","Chaetothyriales","Trichomeriaceae","Alatosessilispora-Trichomerium","bibrachiata-dioscoreae",0,0,0,0,0,0,0,0,0,0
"k__Fungi;p__Ascomycota;c__Eurotiomycetes;o__Chaetothyriales;f__Trichomeriaceae;g__Brycekendrickomyces;s__acaciae","Fungi","Ascomycota","Eurotiomycetes","Chaetothyriales","Trichomeriaceae","Brycekendrickomyces","acaciae",0,0,24,0,0,0,0,0,0,0
"k__Fungi;p__Ascomycota;c__Eurotiomycetes;o__Chaetothyriales;f__Trichomeriaceae;g__Trichomerium;s__dioscoreae","Fungi","Ascomycota","Eurotiomycetes","Chaetothyriales","Trichomeriaceae","Trichomerium","dioscoreae",0,0,0,0,0,0,0,0,0,0
"k__Fungi;p__Ascomycota;c__Eurotiomycetes;o__Coryneliales;f__Coryneliaceae;g__Caliciopsis;s__valentina","Fungi","Ascomycota","Eurotiomycetes","Coryneliales","Coryneliaceae","Caliciopsis","valentina",0,0,0,0,0,0,0,0,0,0
"k__Fungi;p__Ascomycota;c__Eurotiomycetes;o__Coryneliales;f__Coryneliaceae;g__Corynelia;s__uberata","Fungi","Ascomycota","Eurotiomycetes","Coryneliales","Coryneliaceae","Corynelia","uberata",0,0,0,0,0,0,0,0,0,0
"k__Fungi;p__Ascomycota;c__Eurotiomycetes;o__Eurotiales;f__Aspergillaceae;g__Aspergillus-Eurotium;s__NA","Fungi","Ascomycota","Eurotiomycetes","Eurotiales","Aspergillaceae","Aspergillus-Eurotium",NA,22,11,43,146,0,1383,0,331,701,1158
"k__Fungi;p__Ascomycota;c__Eurotiomycetes;o__Eurotiales;f__Aspergillaceae;g__Aspergillus-Penicillium;s__NA","Fungi","Ascomycota","Eurotiomycetes","Eurotiales","Aspergillaceae","Aspergillus-Penicillium",NA,0,0,0,0,0,0,0,0,0,0
"k__Fungi;p__Ascomycota;c__Eurotiomycetes;o__Eurotiales;f__Aspergillaceae;g__Aspergillus;s__NA","Fungi","Ascomycota","Eurotiomycetes","Eurotiales","Aspergillaceae","Aspergillus",NA,0,1234,1322,167,15,639,786,780,544,475
"k__Fungi;p__Ascomycota;c__Eurotiomycetes;o__Eurotiales;f__Aspergillaceae;g__Aspergillus;s__alabamensis","Fungi","Ascomycota","Eurotiomycetes","Eurotiales","Aspergillaceae","Aspergillus","alabamensis",0,0,690,0,0,0,0,0,0,0
"k__Fungi;p__Ascomycota;c__Eurotiomycetes;o__Eurotiales;f__Aspergillaceae;g__Aspergillus;s__alabamensis-hortai","Fungi","Ascomycota","Eurotiomycetes","Eurotiales","Aspergillaceae","Aspergillus","alabamensis-hortai",0,0,0,363,0,0,0,0,0,0
"k__Fungi;p__Ascomycota;c__Eurotiomycetes;o__Eurotiales;f__Aspergillaceae;g__Aspergillus;s__anthodesmis","Fungi","Ascomycota","Eurotiomycetes","Eurotiales","Aspergillaceae","Aspergillus","anthodesmis",0,0,0,0,0,0,0,0,0,0
"k__Fungi;p__Ascomycota;c__Eurotiomycetes;o__Eurotiales;f__Aspergillaceae;g__Aspergillus;s__aureolus-stramenius-udagawae","Fungi","Ascomycota","Eurotiomycetes","Eurotiales","Aspergillaceae","Aspergillus","aureolus-stramenius-udagawae",0,0,0,0,0,0,0,0,0,0
"k__Fungi;p__Ascomycota;c__Eurotiomycetes;o__Eurotiales;f__Aspergillaceae;g__Aspergillus;s__caesiellus","Fungi","Ascomycota","Eurotiomycetes","Eurotiales","Aspergillaceae","Aspergillus","caesiellus",0,0,0,0,0,0,0,0,0,0
"k__Fungi;p__Ascomycota;c__Eurotiomycetes;o__Eurotiales;f__Aspergillaceae;g__Aspergillus;s__candidus-tritici","Fungi","Ascomycota","Eurotiomycetes","Eurotiales","Aspergillaceae","Aspergillus","candidus-tritici",0,0,0,0,0,0,0,0,0,0
"k__Fungi;p__Ascomycota;c__Eurotiomycetes;o__Eurotiales;f__Aspergillaceae;g__Aspergillus;s__capensis-flavipes-iizukae","Fungi","Ascomycota","Eurotiomycetes","Eurotiales","Aspergillaceae","Aspergillus","capensis-flavipes-iizukae",0,0,0,0,0,0,0,0,0,0
"k__Fungi;p__Ascomycota;c__Eurotiomycetes;o__Eurotiales;f__Aspergillaceae;g__Aspergillus;s__citrinoterreus-terreus","Fungi","Ascomycota","Eurotiomycetes","Eurotiales","Aspergillaceae","Aspergillus","citrinoterreus-terreus",0,0,0,0,0,0,0,0,0,0
"k__Fungi;p__Ascomycota;c__Eurotiomycetes;o__Eurotiales;f__Aspergillaceae;g__Aspergillus;s__conicus","Fungi","Ascomycota","Eurotiomycetes","Eurotiales","Aspergillaceae","Aspergillus","conicus",0,0,0,0,0,0,0,0,0,0
"k__Fungi;p__Ascomycota;c__Eurotiomycetes;o__Eurotiales;f__Aspergillaceae;g__Aspergillus;s__egyptiacus","Fungi","Ascomycota","Eurotiomycetes","Eurotiales","Aspergillaceae","Aspergillus","egyptiacus",0,0,0,0,0,0,39,0,0,0
"k__Fungi;p__Ascomycota;c__Eurotiomycetes;o__Eurotiales;f__Aspergillaceae;g__Aspergillus;s__ferenczii","Fungi","Ascomycota","Eurotiomycetes","Eurotiales","Aspergillaceae","Aspergillus","ferenczii",0,0,92,0,0,0,0,0,0,0
"k__Fungi;p__Ascomycota;c__Eurotiomycetes;o__Eurotiales;f__Aspergillaceae;g__Aspergillus;s__flavus","Fungi","Ascomycota","Eurotiomycetes","Eurotiales","Aspergillaceae","Aspergillus","flavus",0,16,0,0,0,0,0,0,289,0
"k__Fungi;p__Ascomycota;c__Eurotiomycetes;o__Eurotiales;f__Aspergillaceae;g__Aspergillus;s__flavus-minisclerotigenes-subolivaceus","Fungi","Ascomycota","Eurotiomycetes","Eurotiales","Aspergillaceae","Aspergillus","flavus-minisclerotigenes-subolivaceus",0,0,69,0,0,455,0,881,0,454
"k__Fungi;p__Ascomycota;c__Eurotiomycetes;o__Eurotiales;f__Aspergillaceae;g__Aspergillus;s__gracilis","Fungi","Ascomycota","Eurotiomycetes","Eurotiales","Aspergillaceae","Aspergillus","gracilis",0,0,0,0,0,0,47,0,0,0
"k__Fungi;p__Ascomycota;c__Eurotiomycetes;o__Eurotiales;f__Aspergillaceae;g__Aspergillus;s__granulosus-monodii-sparsus","Fungi","Ascomycota","Eurotiomycetes","Eurotiales","Aspergillaceae","Aspergillus","granulosus-monodii-sparsus",0,0,0,0,0,0,0,0,0,0
"k__Fungi;p__Ascomycota;c__Eurotiomycetes;o__Eurotiales;f__Aspergillaceae;g__Aspergillus;s__halophilicus","Fungi","Ascomycota","Eurotiomycetes","Eurotiales","Aspergillaceae","Aspergillus","halophilicus",0,0,0,0,0,0,0,166,137,0
"k__Fungi;p__Ascomycota;c__Eurotiomycetes;o__Eurotiales;f__Aspergillaceae;g__Aspergillus;s__hongkongensis","Fungi","Ascomycota","Eurotiomycetes","Eurotiales","Aspergillaceae","Aspergillus","hongkongensis",0,0,0,0,0,0,33,0,0,0
"k__Fungi;p__Ascomycota;c__Eurotiomycetes;o__Eurotiales;f__Aspergillaceae;g__Aspergillus;s__inflatus","Fungi","Ascomycota","Eurotiomycetes","Eurotiales","Aspergillaceae","Aspergillus","inflatus",0,0,0,0,0,0,0,0,0,0
"k__Fungi;p__Ascomycota;c__Eurotiomycetes;o__Eurotiales;f__Aspergillaceae;g__Aspergillus;s__insuetus","Fungi","Ascomycota","Eurotiomycetes","Eurotiales","Aspergillaceae","Aspergillus","insuetus",0,0,0,0,0,0,0,0,0,0
"k__Fungi;p__Ascomycota;c__Eurotiomycetes;o__Eurotiales;f__Aspergillaceae;g__Aspergillus;s__keratitidis","Fungi","Ascomycota","Eurotiomycetes","Eurotiales","Aspergillaceae","Aspergillus","keratitidis",0,0,0,0,0,0,0,0,0,0
"k__Fungi;p__Ascomycota;c__Eurotiomycetes;o__Eurotiales;f__Aspergillaceae;g__Aspergillus;s__levisporus","Fungi","Ascomycota","Eurotiomycetes","Eurotiales","Aspergillaceae","Aspergillus","levisporus",0,0,0,0,0,0,0,0,0,0
"k__Fungi;p__Ascomycota;c__Eurotiomycetes;o__Eurotiales;f__Aspergillaceae;g__Aspergillus;s__nomius","Fungi","Ascomycota","Eurotiomycetes","Eurotiales","Aspergillaceae","Aspergillus","nomius",0,0,0,0,0,0,0,0,0,0
"k__Fungi;p__Ascomycota;c__Eurotiomycetes;o__Eurotiales;f__Aspergillaceae;g__Aspergillus;s__ochraceus-pallidofulvus","Fungi","Ascomycota","Eurotiomycetes","Eurotiales","Aspergillaceae","Aspergillus","ochraceus-pallidofulvus",0,0,0,0,0,12,0,0,0,0
"k__Fungi;p__Ascomycota;c__Eurotiomycetes;o__Eurotiales;f__Aspergillaceae;g__Aspergillus;s__ochraceus-pseudoelegans-westerdijkiae","Fungi","Ascomycota","Eurotiomycetes","Eurotiales","Aspergillaceae","Aspergillus","ochraceus-pseudoelegans-westerdijkiae",0,0,0,0,0,0,0,0,0,0
"k__Fungi;p__Ascomycota;c__Eurotiomycetes;o__Eurotiales;f__Aspergillaceae;g__Aspergillus;s__osmophilus","Fungi","Ascomycota","Eurotiomycetes","Eurotiales","Aspergillaceae","Aspergillus","osmophilus",0,0,0,0,0,60,0,0,0,0
"k__Fungi;p__Ascomycota;c__Eurotiomycetes;o__Eurotiales;f__Aspergillaceae;g__Aspergillus;s__penicillioides","Fungi","Ascomycota","Eurotiomycetes","Eurotiales","Aspergillaceae","Aspergillus","penicillioides",0,0,0,24,0,67,0,0,71,268
"k__Fungi;p__Ascomycota;c__Eurotiomycetes;o__Eurotiales;f__Aspergillaceae;g__Aspergillus;s__polyporicola","Fungi","Ascomycota","Eurotiomycetes","Eurotiales","Aspergillaceae","Aspergillus","polyporicola",0,0,0,0,0,0,51,0,0,0
"k__Fungi;p__Ascomycota;c__Eurotiomycetes;o__Eurotiales;f__Aspergillaceae;g__Aspergillus;s__pseudoviridinutans","Fungi","Ascomycota","Eurotiomycetes","Eurotiales","Aspergillaceae","Aspergillus","pseudoviridinutans",45,0,1966,2519,31,244,0,1000,68,0
"k__Fungi;p__Ascomycota;c__Eurotiomycetes;o__Eurotiales;f__Aspergillaceae;g__Aspergillus;s__puniceus-ustus","Fungi","Ascomycota","Eurotiomycetes","Eurotiales","Aspergillaceae","Aspergillus","puniceus-ustus",0,0,0,0,0,0,0,0,0,0
"k__Fungi;p__Ascomycota;c__Eurotiomycetes;o__Eurotiales;f__Aspergillaceae;g__Aspergillus;s__restrictus","Fungi","Ascomycota","Eurotiomycetes","Eurotiales","Aspergillaceae","Aspergillus","restrictus",0,0,0,0,0,0,0,0,0,0
"k__Fungi;p__Ascomycota;c__Eurotiomycetes;o__Eurotiales;f__Aspergillaceae;g__Aspergillus;s__roseoglobulosus","Fungi","Ascomycota","Eurotiomycetes","Eurotiales","Aspergillaceae","Aspergillus","roseoglobulosus",0,0,0,0,0,0,0,0,0,0
"k__Fungi;p__Ascomycota;c__Eurotiomycetes;o__Eurotiales;f__Aspergillaceae;g__Aspergillus;s__sparsus","Fungi","Ascomycota","Eurotiomycetes","Eurotiales","Aspergillaceae","Aspergillus","sparsus",0,11,0,0,0,0,0,0,0,0
"k__Fungi;p__Ascomycota;c__Eurotiomycetes;o__Eurotiales;f__Aspergillaceae;g__Aspergillus;s__sydowii","Fungi","Ascomycota","Eurotiomycetes","Eurotiales","Aspergillaceae","Aspergillus","sydowii",0,0,0,0,0,0,32,0,0,0
"k__Fungi;p__Ascomycota;c__Eurotiomycetes;o__Eurotiales;f__Aspergillaceae;g__Aspergillus;s__sydowii-versicolor","Fungi","Ascomycota","Eurotiomycetes","Eurotiales","Aspergillaceae","Aspergillus","sydowii-versicolor",0,0,0,0,0,0,0,0,0,0
"k__Fungi;p__Ascomycota;c__Eurotiomycetes;o__Eurotiales;f__Aspergillaceae;g__Aspergillus;s__tonophilus","Fungi","Ascomycota","Eurotiomycetes","Eurotiales","Aspergillaceae","Aspergillus","tonophilus",0,0,0,0,0,0,0,0,0,0
"k__Fungi;p__Ascomycota;c__Eurotiomycetes;o__Eurotiales;f__Aspergillaceae;g__Aspergillus;s__unguis","Fungi","Ascomycota","Eurotiomycetes","Eurotiales","Aspergillaceae","Aspergillus","unguis",0,0,0,0,0,0,0,0,0,0
"k__Fungi;p__Ascomycota;c__Eurotiomycetes;o__Eurotiales;f__Aspergillaceae;g__NA;s__NA","Fungi","Ascomycota","Eurotiomycetes","Eurotiales","Aspergillaceae",NA,NA,0,0,0,0,0,0,0,0,77,0
"k__Fungi;p__Ascomycota;c__Eurotiomycetes;o__Eurotiales;f__Aspergillaceae;g__Penicillium;s__NA","Fungi","Ascomycota","Eurotiomycetes","Eurotiales","Aspergillaceae","Penicillium",NA,0,169,91,0,104,232,184,0,0,0
"k__Fungi;p__Ascomycota;c__Eurotiomycetes;o__Eurotiales;f__Aspergillaceae;g__Penicillium;s__adametzii","Fungi","Ascomycota","Eurotiomycetes","Eurotiales","Aspergillaceae","Penicillium","adametzii",0,529,64,0,0,0,176,75,0,0
"k__Fungi;p__Ascomycota;c__Eurotiomycetes;o__Eurotiales;f__Aspergillaceae;g__Penicillium;s__adametzii-amaliae","Fungi","Ascomycota","Eurotiomycetes","Eurotiales","Aspergillaceae","Penicillium","adametzii-amaliae",0,0,0,0,0,0,0,0,0,0
"k__Fungi;p__Ascomycota;c__Eurotiomycetes;o__Eurotiales;f__Aspergillaceae;g__Penicillium;s__amphipolaria","Fungi","Ascomycota","Eurotiomycetes","Eurotiales","Aspergillaceae","Penicillium","amphipolaria",0,0,0,0,0,0,0,0,0,0
"k__Fungi;p__Ascomycota;c__Eurotiomycetes;o__Eurotiales;f__Aspergillaceae;g__Penicillium;s__antarcticum","Fungi","Ascomycota","Eurotiomycetes","Eurotiales","Aspergillaceae","Penicillium","antarcticum",0,0,0,0,0,0,0,0,0,0
"k__Fungi;p__Ascomycota;c__Eurotiomycetes;o__Eurotiales;f__Aspergillaceae;g__Penicillium;s__aotearoae-melinii","Fungi","Ascomycota","Eurotiomycetes","Eurotiales","Aspergillaceae","Penicillium","aotearoae-melinii",0,338,12,0,0,0,0,0,0,0
"k__Fungi;p__Ascomycota;c__Eurotiomycetes;o__Eurotiales;f__Aspergillaceae;g__Penicillium;s__araracuarense","Fungi","Ascomycota","Eurotiomycetes","Eurotiales","Aspergillaceae","Penicillium","araracuarense",0,0,583,12,0,0,0,87,0,0
"k__Fungi;p__Ascomycota;c__Eurotiomycetes;o__Eurotiales;f__Aspergillaceae;g__Penicillium;s__araracuarense-onobense","Fungi","Ascomycota","Eurotiomycetes","Eurotiales","Aspergillaceae","Penicillium","araracuarense-onobense",0,0,0,0,0,29,0,0,78,0
"k__Fungi;p__Ascomycota;c__Eurotiomycetes;o__Eurotiales;f__Aspergillaceae;g__Penicillium;s__asturianum-oxalicum","Fungi","Ascomycota","Eurotiomycetes","Eurotiales","Aspergillaceae","Penicillium","asturianum-oxalicum",0,0,0,0,0,0,0,0,0,0
"k__Fungi;p__Ascomycota;c__Eurotiomycetes;o__Eurotiales;f__Aspergillaceae;g__Penicillium;s__atrosanguineum-pancosmium","Fungi","Ascomycota","Eurotiomycetes","Eurotiales","Aspergillaceae","Penicillium","atrosanguineum-pancosmium",0,0,0,0,0,0,0,0,0,0
"k__Fungi;p__Ascomycota;c__Eurotiomycetes;o__Eurotiales;f__Aspergillaceae;g__Penicillium;s__aurantiogriseum-cellarum-freii","Fungi","Ascomycota","Eurotiomycetes","Eurotiales","Aspergillaceae","Penicillium","aurantiogriseum-cellarum-freii",0,0,15,0,0,154,0,0,86,184
"k__Fungi;p__Ascomycota;c__Eurotiomycetes;o__Eurotiales;f__Aspergillaceae;g__Penicillium;s__baarnense-turbatum","Fungi","Ascomycota","Eurotiomycetes","Eurotiales","Aspergillaceae","Penicillium","baarnense-turbatum",0,0,0,0,0,0,0,0,0,0
"k__Fungi;p__Ascomycota;c__Eurotiomycetes;o__Eurotiales;f__Aspergillaceae;g__Penicillium;s__bialowiezense-biourgeianum","Fungi","Ascomycota","Eurotiomycetes","Eurotiales","Aspergillaceae","Penicillium","bialowiezense-biourgeianum",0,0,0,0,0,0,0,0,0,0
"k__Fungi;p__Ascomycota;c__Eurotiomycetes;o__Eurotiales;f__Aspergillaceae;g__Penicillium;s__boreae-donkii","Fungi","Ascomycota","Eurotiomycetes","Eurotiales","Aspergillaceae","Penicillium","boreae-donkii",0,0,425,0,0,0,0,0,0,0
"k__Fungi;p__Ascomycota;c__Eurotiomycetes;o__Eurotiales;f__Aspergillaceae;g__Penicillium;s__brasilianum","Fungi","Ascomycota","Eurotiomycetes","Eurotiales","Aspergillaceae","Penicillium","brasilianum",0,0,0,0,0,0,0,0,0,0
"k__Fungi;p__Ascomycota;c__Eurotiomycetes;o__Eurotiales;f__Aspergillaceae;g__Penicillium;s__brevicompactum-kongii","Fungi","Ascomycota","Eurotiomycetes","Eurotiales","Aspergillaceae","Penicillium","brevicompactum-kongii",0,12,0,0,0,14,0,0,0,0
"k__Fungi;p__Ascomycota;c__Eurotiomycetes;o__Eurotiales;f__Aspergillaceae;g__Penicillium;s__buchwaldii-spathulatum","Fungi","Ascomycota","Eurotiomycetes","Eurotiales","Aspergillaceae","Penicillium","buchwaldii-spathulatum",0,385,0,0,0,0,611,0,0,0
"k__Fungi;p__Ascomycota;c__Eurotiomycetes;o__Eurotiales;f__Aspergillaceae;g__Penicillium;s__cainii","Fungi","Ascomycota","Eurotiomycetes","Eurotiales","Aspergillaceae","Penicillium","cainii",0,0,0,0,0,0,0,0,0,0
"k__Fungi;p__Ascomycota;c__Eurotiomycetes;o__Eurotiales;f__Aspergillaceae;g__Penicillium;s__cainii-daejeonium","Fungi","Ascomycota","Eurotiomycetes","Eurotiales","Aspergillaceae","Penicillium","cainii-daejeonium",0,0,0,0,0,0,0,0,0,0
"k__Fungi;p__Ascomycota;c__Eurotiomycetes;o__Eurotiales;f__Aspergillaceae;g__Penicillium;s__cairnsense","Fungi","Ascomycota","Eurotiomycetes","Eurotiales","Aspergillaceae","Penicillium","cairnsense",0,0,20,0,0,0,0,0,0,0
"k__Fungi;p__Ascomycota;c__Eurotiomycetes;o__Eurotiales;f__Aspergillaceae;g__Penicillium;s__camemberti","Fungi","Ascomycota","Eurotiomycetes","Eurotiales","Aspergillaceae","Penicillium","camemberti",0,0,0,0,0,0,0,0,0,0
"k__Fungi;p__Ascomycota;c__Eurotiomycetes;o__Eurotiales;f__Aspergillaceae;g__Penicillium;s__carminoviolaceum-roseopurpureum-sanguifluum","Fungi","Ascomycota","Eurotiomycetes","Eurotiales","Aspergillaceae","Penicillium","carminoviolaceum-roseopurpureum-sanguifluum",0,0,0,0,0,0,0,0,0,0
"k__Fungi;p__Ascomycota;c__Eurotiomycetes;o__Eurotiales;f__Aspergillaceae;g__Penicillium;s__catenatum","Fungi","Ascomycota","Eurotiomycetes","Eurotiales","Aspergillaceae","Penicillium","catenatum",0,244,0,0,0,0,1045,0,0,0
"k__Fungi;p__Ascomycota;c__Eurotiomycetes;o__Eurotiales;f__Aspergillaceae;g__Penicillium;s__chermesinum-cvjetkovicii-infrapurpureum","Fungi","Ascomycota","Eurotiomycetes","Eurotiales","Aspergillaceae","Penicillium","chermesinum-cvjetkovicii-infrapurpureum",0,0,0,0,0,0,0,0,0,0
"k__Fungi;p__Ascomycota;c__Eurotiomycetes;o__Eurotiales;f__Aspergillaceae;g__Penicillium;s__chrysogenum-griseoroseum","Fungi","Ascomycota","Eurotiomycetes","Eurotiales","Aspergillaceae","Penicillium","chrysogenum-griseoroseum",0,0,0,0,0,0,0,0,0,0
"k__Fungi;p__Ascomycota;c__Eurotiomycetes;o__Eurotiales;f__Aspergillaceae;g__Penicillium;s__cinnamopurpureum","Fungi","Ascomycota","Eurotiomycetes","Eurotiales","Aspergillaceae","Penicillium","cinnamopurpureum",0,0,0,0,0,12,0,0,39,0
"k__Fungi;p__Ascomycota;c__Eurotiomycetes;o__Eurotiales;f__Aspergillaceae;g__Penicillium;s__citreonigrum","Fungi","Ascomycota","Eurotiomycetes","Eurotiales","Aspergillaceae","Penicillium","citreonigrum",0,283,0,0,0,0,42,0,0,0
"k__Fungi;p__Ascomycota;c__Eurotiomycetes;o__Eurotiales;f__Aspergillaceae;g__Penicillium;s__citreonigrum-citreosulfuratum-toxicarium","Fungi","Ascomycota","Eurotiomycetes","Eurotiales","Aspergillaceae","Penicillium","citreonigrum-citreosulfuratum-toxicarium",0,0,0,0,0,118,0,0,0,0
"k__Fungi;p__Ascomycota;c__Eurotiomycetes;o__Eurotiales;f__Aspergillaceae;g__Penicillium;s__citrinum-griseofulvum-hetheringtonii","Fungi","Ascomycota","Eurotiomycetes","Eurotiales","Aspergillaceae","Penicillium","citrinum-griseofulvum-hetheringtonii",0,429,0,0,0,0,994,0,0,0
"k__Fungi;p__Ascomycota;c__Eurotiomycetes;o__Eurotiales;f__Aspergillaceae;g__Penicillium;s__coffeae","Fungi","Ascomycota","Eurotiomycetes","Eurotiales","Aspergillaceae","Penicillium","coffeae",0,98,0,0,0,0,0,0,0,0
"k__Fungi;p__Ascomycota;c__Eurotiomycetes;o__Eurotiales;f__Aspergillaceae;g__Penicillium;s__colei","Fungi","Ascomycota","Eurotiomycetes","Eurotiales","Aspergillaceae","Penicillium","colei",0,0,0,0,0,0,0,0,0,0
"k__Fungi;p__Ascomycota;c__Eurotiomycetes;o__Eurotiales;f__Aspergillaceae;g__Penicillium;s__daleae-singorense","Fungi","Ascomycota","Eurotiomycetes","Eurotiales","Aspergillaceae","Penicillium","daleae-singorense",0,0,2134,601,55,0,0,0,0,42
"k__Fungi;p__Ascomycota;c__Eurotiomycetes;o__Eurotiales;f__Aspergillaceae;g__Penicillium;s__decumbens","Fungi","Ascomycota","Eurotiomycetes","Eurotiales","Aspergillaceae","Penicillium","decumbens",0,0,0,0,0,0,0,0,0,0
"k__Fungi;p__Ascomycota;c__Eurotiomycetes;o__Eurotiales;f__Aspergillaceae;g__Penicillium;s__dierckxii","Fungi","Ascomycota","Eurotiomycetes","Eurotiales","Aspergillaceae","Penicillium","dierckxii",0,1511,0,0,0,0,2004,0,0,39
"k__Fungi;p__Ascomycota;c__Eurotiomycetes;o__Eurotiales;f__Aspergillaceae;g__Penicillium;s__echinulatum","Fungi","Ascomycota","Eurotiomycetes","Eurotiales","Aspergillaceae","Penicillium","echinulatum",0,0,0,0,0,0,0,0,0,0
"k__Fungi;p__Ascomycota;c__Eurotiomycetes;o__Eurotiales;f__Aspergillaceae;g__Penicillium;s__ellipsoideosporum","Fungi","Ascomycota","Eurotiomycetes","Eurotiales","Aspergillaceae","Penicillium","ellipsoideosporum",0,0,0,0,0,0,0,0,0,0
"k__Fungi;p__Ascomycota;c__Eurotiomycetes;o__Eurotiales;f__Aspergillaceae;g__Penicillium;s__guanacastense","Fungi","Ascomycota","Eurotiomycetes","Eurotiales","Aspergillaceae","Penicillium","guanacastense",0,0,0,0,0,0,0,0,0,0
"k__Fungi;p__Ascomycota;c__Eurotiomycetes;o__Eurotiales;f__Aspergillaceae;g__Penicillium;s__guanacastense-viticola","Fungi","Ascomycota","Eurotiomycetes","Eurotiales","Aspergillaceae","Penicillium","guanacastense-viticola",0,0,0,0,0,0,0,0,0,0
"k__Fungi;p__Ascomycota;c__Eurotiomycetes;o__Eurotiales;f__Aspergillaceae;g__Penicillium;s__herquei","Fungi","Ascomycota","Eurotiomycetes","Eurotiales","Aspergillaceae","Penicillium","herquei",0,0,0,0,0,0,0,0,0,0
"k__Fungi;p__Ascomycota;c__Eurotiomycetes;o__Eurotiales;f__Aspergillaceae;g__Penicillium;s__infrabuccalum-pedernalense-simplicissimum","Fungi","Ascomycota","Eurotiomycetes","Eurotiales","Aspergillaceae","Penicillium","infrabuccalum-pedernalense-simplicissimum",0,741,0,0,0,0,165,0,0,0
"k__Fungi;p__Ascomycota;c__Eurotiomycetes;o__Eurotiales;f__Aspergillaceae;g__Penicillium;s__jacksonii","Fungi","Ascomycota","Eurotiomycetes","Eurotiales","Aspergillaceae","Penicillium","jacksonii",0,0,0,0,0,0,0,0,0,0
"k__Fungi;p__Ascomycota;c__Eurotiomycetes;o__Eurotiales;f__Aspergillaceae;g__Penicillium;s__jiangxiense","Fungi","Ascomycota","Eurotiomycetes","Eurotiales","Aspergillaceae","Penicillium","jiangxiense",0,0,0,0,0,0,0,0,0,0
"k__Fungi;p__Ascomycota;c__Eurotiomycetes;o__Eurotiales;f__Aspergillaceae;g__Penicillium;s__johnkrugii","Fungi","Ascomycota","Eurotiomycetes","Eurotiales","Aspergillaceae","Penicillium","johnkrugii",0,0,0,0,0,0,140,0,0,0
"k__Fungi;p__Ascomycota;c__Eurotiomycetes;o__Eurotiales;f__Aspergillaceae;g__Penicillium;s__johnkrugii-mallochii-sclerotiorum","Fungi","Ascomycota","Eurotiomycetes","Eurotiales","Aspergillaceae","Penicillium","johnkrugii-mallochii-sclerotiorum",0,0,0,0,0,0,0,0,0,0
"k__Fungi;p__Ascomycota;c__Eurotiomycetes;o__Eurotiales;f__Aspergillaceae;g__Penicillium;s__kananaskense-lividum-odoratum","Fungi","Ascomycota","Eurotiomycetes","Eurotiales","Aspergillaceae","Penicillium","kananaskense-lividum-odoratum",0,0,0,0,0,0,0,0,0,0
"k__Fungi;p__Ascomycota;c__Eurotiomycetes;o__Eurotiales;f__Aspergillaceae;g__Penicillium;s__laeve","Fungi","Ascomycota","Eurotiomycetes","Eurotiales","Aspergillaceae","Penicillium","laeve",0,0,0,0,0,0,0,0,0,0
"k__Fungi;p__Ascomycota;c__Eurotiomycetes;o__Eurotiales;f__Aspergillaceae;g__Penicillium;s__lanosum-raistrickii-sajarovii","Fungi","Ascomycota","Eurotiomycetes","Eurotiales","Aspergillaceae","Penicillium","lanosum-raistrickii-sajarovii",0,0,0,0,0,0,0,0,0,0
"k__Fungi;p__Ascomycota;c__Eurotiomycetes;o__Eurotiales;f__Aspergillaceae;g__Penicillium;s__lassenii","Fungi","Ascomycota","Eurotiomycetes","Eurotiales","Aspergillaceae","Penicillium","lassenii",0,0,0,0,0,0,0,0,0,0
"k__Fungi;p__Ascomycota;c__Eurotiomycetes;o__Eurotiales;f__Aspergillaceae;g__Penicillium;s__lemhiflumine","Fungi","Ascomycota","Eurotiomycetes","Eurotiales","Aspergillaceae","Penicillium","lemhiflumine",0,0,0,0,0,0,0,0,0,0
"k__Fungi;p__Ascomycota;c__Eurotiomycetes;o__Eurotiales;f__Aspergillaceae;g__Penicillium;s__macrosclerotiorum","Fungi","Ascomycota","Eurotiomycetes","Eurotiales","Aspergillaceae","Penicillium","macrosclerotiorum",0,0,0,0,0,0,0,0,0,0
"k__Fungi;p__Ascomycota;c__Eurotiomycetes;o__Eurotiales;f__Aspergillaceae;g__Penicillium;s__mallochii-sclerotiorum","Fungi","Ascomycota","Eurotiomycetes","Eurotiales","Aspergillaceae","Penicillium","mallochii-sclerotiorum",0,44,26,0,0,0,0,0,0,0
"k__Fungi;p__Ascomycota;c__Eurotiomycetes;o__Eurotiales;f__Aspergillaceae;g__Penicillium;s__mallochii-sclerotiorum-viticola","Fungi","Ascomycota","Eurotiomycetes","Eurotiales","Aspergillaceae","Penicillium","mallochii-sclerotiorum-viticola",0,0,0,0,0,0,74,0,0,0
"k__Fungi;p__Ascomycota;c__Eurotiomycetes;o__Eurotiales;f__Aspergillaceae;g__Penicillium;s__mariae-crucis","Fungi","Ascomycota","Eurotiomycetes","Eurotiales","Aspergillaceae","Penicillium","mariae-crucis",0,0,0,0,0,0,67,0,0,0
"k__Fungi;p__Ascomycota;c__Eurotiomycetes;o__Eurotiales;f__Aspergillaceae;g__Penicillium;s__maximae-multicolor","Fungi","Ascomycota","Eurotiomycetes","Eurotiales","Aspergillaceae","Penicillium","maximae-multicolor",0,23745,0,0,0,0,9027,0,0,0
"k__Fungi;p__Ascomycota;c__Eurotiomycetes;o__Eurotiales;f__Aspergillaceae;g__Penicillium;s__meleagrinum-sumatraense-viridiflavum","Fungi","Ascomycota","Eurotiomycetes","Eurotiales","Aspergillaceae","Penicillium","meleagrinum-sumatraense-viridiflavum",0,210,0,0,0,0,1182,0,0,0
"k__Fungi;p__Ascomycota;c__Eurotiomycetes;o__Eurotiales;f__Aspergillaceae;g__Penicillium;s__mexicanum","Fungi","Ascomycota","Eurotiomycetes","Eurotiales","Aspergillaceae","Penicillium","mexicanum",0,0,0,0,0,0,0,0,0,0
"k__Fungi;p__Ascomycota;c__Eurotiomycetes;o__Eurotiales;f__Aspergillaceae;g__Penicillium;s__olsonii","Fungi","Ascomycota","Eurotiomycetes","Eurotiales","Aspergillaceae","Penicillium","olsonii",0,0,0,0,0,0,0,0,0,0
"k__Fungi;p__Ascomycota;c__Eurotiomycetes;o__Eurotiales;f__Aspergillaceae;g__Penicillium;s__onobense","Fungi","Ascomycota","Eurotiomycetes","Eurotiales","Aspergillaceae","Penicillium","onobense",0,0,0,0,0,0,0,0,0,0
"k__Fungi;p__Ascomycota;c__Eurotiomycetes;o__Eurotiales;f__Aspergillaceae;g__Penicillium;s__ornatum","Fungi","Ascomycota","Eurotiomycetes","Eurotiales","Aspergillaceae","Penicillium","ornatum",0,0,25,0,0,0,0,0,0,0
"k__Fungi;p__Ascomycota;c__Eurotiomycetes;o__Eurotiales;f__Aspergillaceae;g__Penicillium;s__panissanguineum","Fungi","Ascomycota","Eurotiomycetes","Eurotiales","Aspergillaceae","Penicillium","panissanguineum",0,0,0,0,0,0,72,0,0,0
"k__Fungi;p__Ascomycota;c__Eurotiomycetes;o__Eurotiales;f__Aspergillaceae;g__Penicillium;s__parvulum","Fungi","Ascomycota","Eurotiomycetes","Eurotiales","Aspergillaceae","Penicillium","parvulum",0,0,0,0,0,0,0,0,0,0
"k__Fungi;p__Ascomycota;c__Eurotiomycetes;o__Eurotiales;f__Aspergillaceae;g__Penicillium;s__parvum","Fungi","Ascomycota","Eurotiomycetes","Eurotiales","Aspergillaceae","Penicillium","parvum",0,0,0,0,0,0,0,0,0,0
"k__Fungi;p__Ascomycota;c__Eurotiomycetes;o__Eurotiales;f__Aspergillaceae;g__Penicillium;s__paxilli","Fungi","Ascomycota","Eurotiomycetes","Eurotiales","Aspergillaceae","Penicillium","paxilli",0,213,0,0,0,0,354,0,0,0
"k__Fungi;p__Ascomycota;c__Eurotiomycetes;o__Eurotiales;f__Aspergillaceae;g__Penicillium;s__pimiteouiense-rubidurum","Fungi","Ascomycota","Eurotiomycetes","Eurotiales","Aspergillaceae","Penicillium","pimiteouiense-rubidurum",0,0,0,0,0,0,0,0,0,0
"k__Fungi;p__Ascomycota;c__Eurotiomycetes;o__Eurotiales;f__Aspergillaceae;g__Penicillium;s__raphiae","Fungi","Ascomycota","Eurotiomycetes","Eurotiales","Aspergillaceae","Penicillium","raphiae",0,0,0,0,0,0,0,0,0,0
"k__Fungi;p__Ascomycota;c__Eurotiomycetes;o__Eurotiales;f__Aspergillaceae;g__Penicillium;s__rolfsii","Fungi","Ascomycota","Eurotiomycetes","Eurotiales","Aspergillaceae","Penicillium","rolfsii",0,0,0,0,0,0,0,0,0,0
"k__Fungi;p__Ascomycota;c__Eurotiomycetes;o__Eurotiales;f__Aspergillaceae;g__Penicillium;s__sacculum","Fungi","Ascomycota","Eurotiomycetes","Eurotiales","Aspergillaceae","Penicillium","sacculum",0,0,0,0,0,0,0,0,0,0
"k__Fungi;p__Ascomycota;c__Eurotiomycetes;o__Eurotiales;f__Aspergillaceae;g__Penicillium;s__sclerotiorum","Fungi","Ascomycota","Eurotiomycetes","Eurotiales","Aspergillaceae","Penicillium","sclerotiorum",0,40,0,0,0,0,72,0,0,0
"k__Fungi;p__Ascomycota;c__Eurotiomycetes;o__Eurotiales;f__Aspergillaceae;g__Penicillium;s__severskii-soppii","Fungi","Ascomycota","Eurotiomycetes","Eurotiales","Aspergillaceae","Penicillium","severskii-soppii",0,0,0,0,0,0,0,0,0,0
"k__Fungi;p__Ascomycota;c__Eurotiomycetes;o__Eurotiales;f__Aspergillaceae;g__Penicillium;s__steckii","Fungi","Ascomycota","Eurotiomycetes","Eurotiales","Aspergillaceae","Penicillium","steckii",0,0,0,0,0,0,0,0,0,0
"k__Fungi;p__Ascomycota;c__Eurotiomycetes;o__Eurotiales;f__Aspergillaceae;g__Penicillium;s__terrigenum","Fungi","Ascomycota","Eurotiomycetes","Eurotiales","Aspergillaceae","Penicillium","terrigenum",0,0,0,0,0,0,0,0,0,0
"k__Fungi;p__Ascomycota;c__Eurotiomycetes;o__Eurotiales;f__Aspergillaceae;g__Penicillium;s__vasconiae","Fungi","Ascomycota","Eurotiomycetes","Eurotiales","Aspergillaceae","Penicillium","vasconiae",0,0,0,0,0,0,0,0,0,0
"k__Fungi;p__Ascomycota;c__Eurotiomycetes;o__Eurotiales;f__Aspergillaceae;g__Penicillium;s__viticola","Fungi","Ascomycota","Eurotiomycetes","Eurotiales","Aspergillaceae","Penicillium","viticola",0,0,0,0,0,0,0,0,0,0
"k__Fungi;p__Ascomycota;c__Eurotiomycetes;o__Eurotiales;f__Aspergillaceae;g__Penicillium;s__wotroi","Fungi","Ascomycota","Eurotiomycetes","Eurotiales","Aspergillaceae","Penicillium","wotroi",0,0,0,0,0,0,0,0,0,0
"k__Fungi;p__Ascomycota;c__Eurotiomycetes;o__Eurotiales;f__Aspergillaceae;g__Xeromyces;s__bisporus","Fungi","Ascomycota","Eurotiomycetes","Eurotiales","Aspergillaceae","Xeromyces","bisporus",0,0,0,113,0,47,0,0,740,2541
"k__Fungi;p__Ascomycota;c__Eurotiomycetes;o__Eurotiales;f__Elaphomycetaceae;g__NA;s__NA","Fungi","Ascomycota","Eurotiomycetes","Eurotiales","Elaphomycetaceae",NA,NA,0,0,0,0,0,0,0,0,0,0
"k__Fungi;p__Ascomycota;c__Eurotiomycetes;o__Eurotiales;f__NA;g__NA;s__NA","Fungi","Ascomycota","Eurotiomycetes","Eurotiales",NA,NA,NA,0,0,0,0,0,19,0,0,0,0
"k__Fungi;p__Ascomycota;c__Eurotiomycetes;o__Eurotiales;f__Thermoascaceae;g__Paecilomyces;s__xylariiformis","Fungi","Ascomycota","Eurotiomycetes","Eurotiales","Thermoascaceae","Paecilomyces","xylariiformis",0,0,0,0,0,0,0,0,0,0
"k__Fungi;p__Ascomycota;c__Eurotiomycetes;o__Eurotiales;f__Thermoascaceae;g__Thermoascus;s__crustaceus","Fungi","Ascomycota","Eurotiomycetes","Eurotiales","Thermoascaceae","Thermoascus","crustaceus",0,0,0,0,0,32,0,0,0,0
"k__Fungi;p__Ascomycota;c__Eurotiomycetes;o__Eurotiales;f__Trichocomaceae;g__NA;s__NA","Fungi","Ascomycota","Eurotiomycetes","Eurotiales","Trichocomaceae",NA,NA,0,0,0,0,0,0,0,0,0,0
"k__Fungi;p__Ascomycota;c__Eurotiomycetes;o__Eurotiales;f__Trichocomaceae;g__Rasamsonia;s__brevistipitata","Fungi","Ascomycota","Eurotiomycetes","Eurotiales","Trichocomaceae","Rasamsonia","brevistipitata",0,0,0,0,28,0,0,0,0,0
"k__Fungi;p__Ascomycota;c__Eurotiomycetes;o__Eurotiales;f__Trichocomaceae;g__Rasamsonia;s__cylindrospora-emersonii","Fungi","Ascomycota","Eurotiomycetes","Eurotiales","Trichocomaceae","Rasamsonia","cylindrospora-emersonii",0,0,0,0,0,0,0,0,0,0
"k__Fungi;p__Ascomycota;c__Eurotiomycetes;o__Eurotiales;f__Trichocomaceae;g__Sagenomella;s__diversispora","Fungi","Ascomycota","Eurotiomycetes","Eurotiales","Trichocomaceae","Sagenomella","diversispora",0,0,0,0,0,0,0,0,0,0
"k__Fungi;p__Ascomycota;c__Eurotiomycetes;o__Eurotiales;f__Trichocomaceae;g__Sagenomella;s__oligospora","Fungi","Ascomycota","Eurotiomycetes","Eurotiales","Trichocomaceae","Sagenomella","oligospora",0,0,0,0,0,0,0,0,0,0
"k__Fungi;p__Ascomycota;c__Eurotiomycetes;o__Eurotiales;f__Trichocomaceae;g__Talaromyces;s__NA","Fungi","Ascomycota","Eurotiomycetes","Eurotiales","Trichocomaceae","Talaromyces",NA,0,0,287,1041,0,0,0,119,0,0
"k__Fungi;p__Ascomycota;c__Eurotiomycetes;o__Eurotiales;f__Trichocomaceae;g__Talaromyces;s__aculeatus","Fungi","Ascomycota","Eurotiomycetes","Eurotiales","Trichocomaceae","Talaromyces","aculeatus",0,0,0,0,0,0,0,0,0,0
"k__Fungi;p__Ascomycota;c__Eurotiomycetes;o__Eurotiales;f__Trichocomaceae;g__Talaromyces;s__aculeatus-calidicanius-thailandensis","Fungi","Ascomycota","Eurotiomycetes","Eurotiales","Trichocomaceae","Talaromyces","aculeatus-calidicanius-thailandensis",0,0,0,0,0,0,0,0,0,0
"k__Fungi;p__Ascomycota;c__Eurotiomycetes;o__Eurotiales;f__Trichocomaceae;g__Talaromyces;s__albobiverticillius-purpureogenus","Fungi","Ascomycota","Eurotiomycetes","Eurotiales","Trichocomaceae","Talaromyces","albobiverticillius-purpureogenus",0,50,0,0,0,0,156,0,0,0
"k__Fungi;p__Ascomycota;c__Eurotiomycetes;o__Eurotiales;f__Trichocomaceae;g__Talaromyces;s__albobiverticillius-purpureogenus-solicola","Fungi","Ascomycota","Eurotiomycetes","Eurotiales","Trichocomaceae","Talaromyces","albobiverticillius-purpureogenus-solicola",0,0,0,0,0,0,0,0,0,0
"k__Fungi;p__Ascomycota;c__Eurotiomycetes;o__Eurotiales;f__Trichocomaceae;g__Talaromyces;s__amestolkiae-funiculosus-purpureogenus","Fungi","Ascomycota","Eurotiomycetes","Eurotiales","Trichocomaceae","Talaromyces","amestolkiae-funiculosus-purpureogenus",0,0,11,0,0,0,0,0,0,0
"k__Fungi;p__Ascomycota;c__Eurotiomycetes;o__Eurotiales;f__Trichocomaceae;g__Talaromyces;s__assiutensis-trachyspermus","Fungi","Ascomycota","Eurotiomycetes","Eurotiales","Trichocomaceae","Talaromyces","assiutensis-trachyspermus",0,0,0,0,0,0,0,0,0,0
"k__Fungi;p__Ascomycota;c__Eurotiomycetes;o__Eurotiales;f__Trichocomaceae;g__Talaromyces;s__atricola","Fungi","Ascomycota","Eurotiomycetes","Eurotiales","Trichocomaceae","Talaromyces","atricola",0,0,0,0,0,0,0,0,0,0
"k__Fungi;p__Ascomycota;c__Eurotiomycetes;o__Eurotiales;f__Trichocomaceae;g__Talaromyces;s__atroroseus-purpureogenus","Fungi","Ascomycota","Eurotiomycetes","Eurotiales","Trichocomaceae","Talaromyces","atroroseus-purpureogenus",0,0,0,0,0,0,0,0,0,0
"k__Fungi;p__Ascomycota;c__Eurotiomycetes;o__Eurotiales;f__Trichocomaceae;g__Talaromyces;s__aurantiacus","Fungi","Ascomycota","Eurotiomycetes","Eurotiales","Trichocomaceae","Talaromyces","aurantiacus",0,0,21,0,0,0,0,0,0,0
"k__Fungi;p__Ascomycota;c__Eurotiomycetes;o__Eurotiales;f__Trichocomaceae;g__Talaromyces;s__australis-siamensis-verruculosus","Fungi","Ascomycota","Eurotiomycetes","Eurotiales","Trichocomaceae","Talaromyces","australis-siamensis-verruculosus",0,0,0,0,0,0,0,0,0,0
"k__Fungi;p__Ascomycota;c__Eurotiomycetes;o__Eurotiales;f__Trichocomaceae;g__Talaromyces;s__bacillisporus","Fungi","Ascomycota","Eurotiomycetes","Eurotiales","Trichocomaceae","Talaromyces","bacillisporus",0,0,0,0,0,0,16,0,0,0
"k__Fungi;p__Ascomycota;c__Eurotiomycetes;o__Eurotiales;f__Trichocomaceae;g__Talaromyces;s__cecidicola","Fungi","Ascomycota","Eurotiomycetes","Eurotiales","Trichocomaceae","Talaromyces","cecidicola",0,0,0,0,0,0,0,0,0,0
"k__Fungi;p__Ascomycota;c__Eurotiomycetes;o__Eurotiales;f__Trichocomaceae;g__Talaromyces;s__chlorolomus","Fungi","Ascomycota","Eurotiomycetes","Eurotiales","Trichocomaceae","Talaromyces","chlorolomus",0,0,52,0,0,0,0,0,0,0
"k__Fungi;p__Ascomycota;c__Eurotiomycetes;o__Eurotiales;f__Trichocomaceae;g__Talaromyces;s__derxii-xishaensis","Fungi","Ascomycota","Eurotiomycetes","Eurotiales","Trichocomaceae","Talaromyces","derxii-xishaensis",0,0,0,0,0,0,0,0,0,0
"k__Fungi;p__Ascomycota;c__Eurotiomycetes;o__Eurotiales;f__Trichocomaceae;g__Talaromyces;s__diversus","Fungi","Ascomycota","Eurotiomycetes","Eurotiales","Trichocomaceae","Talaromyces","diversus",0,158,0,43,0,0,306,0,0,0
"k__Fungi;p__Ascomycota;c__Eurotiomycetes;o__Eurotiales;f__Trichocomaceae;g__Talaromyces;s__flavus-funiculosus-purpureogenus","Fungi","Ascomycota","Eurotiomycetes","Eurotiales","Trichocomaceae","Talaromyces","flavus-funiculosus-purpureogenus",0,0,0,0,0,0,0,0,0,0
"k__Fungi;p__Ascomycota;c__Eurotiomycetes;o__Eurotiales;f__Trichocomaceae;g__Talaromyces;s__funiculosus","Fungi","Ascomycota","Eurotiomycetes","Eurotiales","Trichocomaceae","Talaromyces","funiculosus",0,0,0,0,0,0,0,0,0,0
"k__Fungi;p__Ascomycota;c__Eurotiomycetes;o__Eurotiales;f__Trichocomaceae;g__Talaromyces;s__funiculosus-stollii","Fungi","Ascomycota","Eurotiomycetes","Eurotiales","Trichocomaceae","Talaromyces","funiculosus-stollii",0,0,0,0,0,0,0,0,0,0
"k__Fungi;p__Ascomycota;c__Eurotiomycetes;o__Eurotiales;f__Trichocomaceae;g__Talaromyces;s__helicus","Fungi","Ascomycota","Eurotiomycetes","Eurotiales","Trichocomaceae","Talaromyces","helicus",0,0,0,0,0,0,0,0,0,0
"k__Fungi;p__Ascomycota;c__Eurotiomycetes;o__Eurotiales;f__Trichocomaceae;g__Talaromyces;s__intermedius-kendrickii","Fungi","Ascomycota","Eurotiomycetes","Eurotiales","Trichocomaceae","Talaromyces","intermedius-kendrickii",0,0,0,0,0,0,0,0,0,0
"k__Fungi;p__Ascomycota;c__Eurotiomycetes;o__Eurotiales;f__Trichocomaceae;g__Talaromyces;s__minioluteus","Fungi","Ascomycota","Eurotiomycetes","Eurotiales","Trichocomaceae","Talaromyces","minioluteus",0,16,0,0,0,0,0,0,0,0
"k__Fungi;p__Ascomycota;c__Eurotiomycetes;o__Eurotiales;f__Trichocomaceae;g__Talaromyces;s__minioluteus-ptychoconidium","Fungi","Ascomycota","Eurotiomycetes","Eurotiales","Trichocomaceae","Talaromyces","minioluteus-ptychoconidium",0,0,0,0,0,0,0,0,0,0
"k__Fungi;p__Ascomycota;c__Eurotiomycetes;o__Eurotiales;f__Trichocomaceae;g__Talaromyces;s__neofusisporus","Fungi","Ascomycota","Eurotiomycetes","Eurotiales","Trichocomaceae","Talaromyces","neofusisporus",0,0,0,0,0,0,0,0,0,0
"k__Fungi;p__Ascomycota;c__Eurotiomycetes;o__Eurotiales;f__Trichocomaceae;g__Talaromyces;s__phialosporus-rotundus","Fungi","Ascomycota","Eurotiomycetes","Eurotiales","Trichocomaceae","Talaromyces","phialosporus-rotundus",0,0,0,0,0,0,0,0,0,0
"k__Fungi;p__Ascomycota;c__Eurotiomycetes;o__Eurotiales;f__Trichocomaceae;g__Talaromyces;s__phialosporus-rotundus-scorteus","Fungi","Ascomycota","Eurotiomycetes","Eurotiales","Trichocomaceae","Talaromyces","phialosporus-rotundus-scorteus",0,0,0,0,0,0,0,0,0,0
"k__Fungi;p__Ascomycota;c__Eurotiomycetes;o__Eurotiales;f__Trichocomaceae;g__Talaromyces;s__pinophilus","Fungi","Ascomycota","Eurotiomycetes","Eurotiales","Trichocomaceae","Talaromyces","pinophilus",0,0,42,13,0,0,0,0,0,0
"k__Fungi;p__Ascomycota;c__Eurotiomycetes;o__Eurotiales;f__Trichocomaceae;g__Talaromyces;s__proteolyticus","Fungi","Ascomycota","Eurotiomycetes","Eurotiales","Trichocomaceae","Talaromyces","proteolyticus",0,0,0,0,0,0,21,0,0,0
"k__Fungi;p__Ascomycota;c__Eurotiomycetes;o__Eurotiales;f__Trichocomaceae;g__Talaromyces;s__ptychoconidium","Fungi","Ascomycota","Eurotiomycetes","Eurotiales","Trichocomaceae","Talaromyces","ptychoconidium",0,0,0,0,0,0,0,0,0,0
"k__Fungi;p__Ascomycota;c__Eurotiomycetes;o__Eurotiales;f__Trichocomaceae;g__Talaromyces;s__purpureus","Fungi","Ascomycota","Eurotiomycetes","Eurotiales","Trichocomaceae","Talaromyces","purpureus",0,0,0,0,0,0,0,0,0,0
"k__Fungi;p__Ascomycota;c__Eurotiomycetes;o__Eurotiales;f__Trichocomaceae;g__Talaromyces;s__rademirici","Fungi","Ascomycota","Eurotiomycetes","Eurotiales","Trichocomaceae","Talaromyces","rademirici",0,0,0,0,0,0,0,0,0,0
"k__Fungi;p__Ascomycota;c__Eurotiomycetes;o__Eurotiales;f__Trichocomaceae;g__Talaromyces;s__radicus","Fungi","Ascomycota","Eurotiomycetes","Eurotiales","Trichocomaceae","Talaromyces","radicus",0,0,0,0,0,0,0,0,0,0
"k__Fungi;p__Ascomycota;c__Eurotiomycetes;o__Eurotiales;f__Trichocomaceae;g__Talaromyces;s__radicus-sublevisporus-wortmannii","Fungi","Ascomycota","Eurotiomycetes","Eurotiales","Trichocomaceae","Talaromyces","radicus-sublevisporus-wortmannii",0,0,0,0,0,0,0,0,0,0
"k__Fungi;p__Ascomycota;c__Eurotiomycetes;o__Eurotiales;f__Trichocomaceae;g__Talaromyces;s__ruber","Fungi","Ascomycota","Eurotiomycetes","Eurotiales","Trichocomaceae","Talaromyces","ruber",0,0,0,0,0,0,0,0,0,0
"k__Fungi;p__Ascomycota;c__Eurotiomycetes;o__Eurotiales;f__Trichocomaceae;g__Talaromyces;s__rugulosus","Fungi","Ascomycota","Eurotiomycetes","Eurotiales","Trichocomaceae","Talaromyces","rugulosus",0,0,0,0,0,0,0,0,0,0
"k__Fungi;p__Ascomycota;c__Eurotiomycetes;o__Eurotiales;f__Trichocomaceae;g__Talaromyces;s__ryukyuensis","Fungi","Ascomycota","Eurotiomycetes","Eurotiales","Trichocomaceae","Talaromyces","ryukyuensis",0,0,0,0,0,0,0,0,0,0
"k__Fungi;p__Ascomycota;c__Eurotiomycetes;o__Eurotiales;f__Trichocomaceae;g__Talaromyces;s__solicola","Fungi","Ascomycota","Eurotiomycetes","Eurotiales","Trichocomaceae","Talaromyces","solicola",0,0,0,0,0,0,0,0,0,0
"k__Fungi;p__Ascomycota;c__Eurotiomycetes;o__Eurotiales;f__Trichocomaceae;g__Talaromyces;s__subaurantiacus","Fungi","Ascomycota","Eurotiomycetes","Eurotiales","Trichocomaceae","Talaromyces","subaurantiacus",0,0,0,0,0,0,0,0,0,0
"k__Fungi;p__Ascomycota;c__Eurotiomycetes;o__Eurotiales;f__Trichocomaceae;g__Talaromyces;s__subinflatus","Fungi","Ascomycota","Eurotiomycetes","Eurotiales","Trichocomaceae","Talaromyces","subinflatus",0,0,0,0,0,0,0,0,0,0
"k__Fungi;p__Ascomycota;c__Eurotiomycetes;o__Eurotiales;f__Trichocomaceae;g__Talaromyces;s__verruculosus","Fungi","Ascomycota","Eurotiomycetes","Eurotiales","Trichocomaceae","Talaromyces","verruculosus",0,0,14,1025,0,48,0,0,127,0
"k__Fungi;p__Ascomycota;c__Eurotiomycetes;o__Eurotiales;f__Trichocomaceae;g__Talaromyces;s__wortmannii","Fungi","Ascomycota","Eurotiomycetes","Eurotiales","Trichocomaceae","Talaromyces","wortmannii",0,0,0,0,0,0,0,0,0,0
"k__Fungi;p__Ascomycota;c__Eurotiomycetes;o__Eurotiales;f__Trichocomaceae;g__Thermomyces;s__dupontii","Fungi","Ascomycota","Eurotiomycetes","Eurotiales","Trichocomaceae","Thermomyces","dupontii",0,0,0,0,0,0,0,0,0,12
"k__Fungi;p__Ascomycota;c__Eurotiomycetes;o__Eurotiales;f__Trichocomaceae;g__Thermomyces;s__lanuginosus","Fungi","Ascomycota","Eurotiomycetes","Eurotiales","Trichocomaceae","Thermomyces","lanuginosus",0,0,0,0,0,52,0,0,41,0
"k__Fungi;p__Ascomycota;c__Eurotiomycetes;o__Eurotiales;f__Trichocomaceae;g__Xerochrysium;s__dermatitidis","Fungi","Ascomycota","Eurotiomycetes","Eurotiales","Trichocomaceae","Xerochrysium","dermatitidis",0,0,0,0,0,0,0,0,0,0
"k__Fungi;p__Ascomycota;c__Eurotiomycetes;o__Eurotiales;f__Trichocomaceae;g__Xerochrysium;s__xerophilum","Fungi","Ascomycota","Eurotiomycetes","Eurotiales","Trichocomaceae","Xerochrysium","xerophilum",0,0,0,0,0,0,0,0,0,0
"k__Fungi;p__Ascomycota;c__Eurotiomycetes;o__NA;f__NA;g__NA;s__NA","Fungi","Ascomycota","Eurotiomycetes",NA,NA,NA,NA,0,0,0,0,0,0,0,0,0,0
"k__Fungi;p__Ascomycota;c__Eurotiomycetes;o__Onygenales;f__Arachnomycetaceae;g__Arachnomyces;s__nodosetosus","Fungi","Ascomycota","Eurotiomycetes","Onygenales","Arachnomycetaceae","Arachnomyces","nodosetosus",0,0,24,0,0,28,0,0,35,60
"k__Fungi;p__Ascomycota;c__Eurotiomycetes;o__Onygenales;f__Arachnomycetaceae;g__Onychocola;s__sclerotica","Fungi","Ascomycota","Eurotiomycetes","Onygenales","Arachnomycetaceae","Onychocola","sclerotica",0,0,0,0,0,0,0,0,0,0
"k__Fungi;p__Ascomycota;c__Eurotiomycetes;o__Onygenales;f__Arthrodermataceae;g__Arthroderma;s__curreyi","Fungi","Ascomycota","Eurotiomycetes","Onygenales","Arthrodermataceae","Arthroderma","curreyi",0,0,0,0,0,0,0,0,0,0
"k__Fungi;p__Ascomycota;c__Eurotiomycetes;o__Onygenales;f__Arthrodermataceae;g__Arthroderma;s__insingulare","Fungi","Ascomycota","Eurotiomycetes","Onygenales","Arthrodermataceae","Arthroderma","insingulare",0,0,0,0,0,0,0,0,0,0
"k__Fungi;p__Ascomycota;c__Eurotiomycetes;o__Onygenales;f__Arthrodermataceae;g__Arthroderma;s__lenticulare","Fungi","Ascomycota","Eurotiomycetes","Onygenales","Arthrodermataceae","Arthroderma","lenticulare",0,0,0,0,0,0,0,0,0,0
"k__Fungi;p__Ascomycota;c__Eurotiomycetes;o__Onygenales;f__Arthrodermataceae;g__Arthroderma;s__thuringiense","Fungi","Ascomycota","Eurotiomycetes","Onygenales","Arthrodermataceae","Arthroderma","thuringiense",0,0,0,0,0,0,0,0,0,0
"k__Fungi;p__Ascomycota;c__Eurotiomycetes;o__Onygenales;f__Arthrodermataceae;g__Paraphyton;s__mirabile","Fungi","Ascomycota","Eurotiomycetes","Onygenales","Arthrodermataceae","Paraphyton","mirabile",0,49,0,0,0,0,67,0,0,0
"k__Fungi;p__Ascomycota;c__Eurotiomycetes;o__Onygenales;f__Arthrodermataceae;g__Trichophyton;s__benhamiae","Fungi","Ascomycota","Eurotiomycetes","Onygenales","Arthrodermataceae","Trichophyton","benhamiae",0,0,591,1232,0,0,0,723,3339,0
"k__Fungi;p__Ascomycota;c__Eurotiomycetes;o__Onygenales;f__Eremascaceae;g__NA;s__pinicola","Fungi","Ascomycota","Eurotiomycetes","Onygenales","Eremascaceae",NA,"pinicola",0,0,0,0,0,0,0,0,0,0
"k__Fungi;p__Ascomycota;c__Eurotiomycetes;o__Onygenales;f__Gymnoascaceae;g__NA;s__NA","Fungi","Ascomycota","Eurotiomycetes","Onygenales","Gymnoascaceae",NA,NA,0,0,0,0,0,0,0,0,0,0
"k__Fungi;p__Ascomycota;c__Eurotiomycetes;o__Onygenales;f__NA;g__Chrysosporium;s__pseudomerdarium","Fungi","Ascomycota","Eurotiomycetes","Onygenales",NA,"Chrysosporium","pseudomerdarium",0,0,0,0,0,0,0,0,0,0
"k__Fungi;p__Ascomycota;c__Eurotiomycetes;o__Onygenales;f__NA;g__Malbranchea;s__flocciformis","Fungi","Ascomycota","Eurotiomycetes","Onygenales",NA,"Malbranchea","flocciformis",0,0,0,0,0,38,0,0,0,112
"k__Fungi;p__Ascomycota;c__Eurotiomycetes;o__Onygenales;f__NA;g__Myriodontium;s__keratinophilum","Fungi","Ascomycota","Eurotiomycetes","Onygenales",NA,"Myriodontium","keratinophilum",0,0,0,0,0,0,0,0,0,0
"k__Fungi;p__Ascomycota;c__Eurotiomycetes;o__Onygenales;f__NA;g__NA;s__hispanica","Fungi","Ascomycota","Eurotiomycetes","Onygenales",NA,NA,"hispanica",0,0,0,0,0,0,0,0,0,0
"k__Fungi;p__Ascomycota;c__Eurotiomycetes;o__Onygenales;f__NA;g__Spiromastix;s__NA","Fungi","Ascomycota","Eurotiomycetes","Onygenales",NA,"Spiromastix",NA,0,0,0,0,0,0,0,0,0,0
"k__Fungi;p__Ascomycota;c__Eurotiomycetes;o__Onygenales;f__Onygenaceae;g__Aphanoascus;s__foetidus","Fungi","Ascomycota","Eurotiomycetes","Onygenales","Onygenaceae","Aphanoascus","foetidus",0,1057,0,31,0,0,33506,302,0,107
"k__Fungi;p__Ascomycota;c__Eurotiomycetes;o__Onygenales;f__Onygenaceae;g__Ascocalvatia;s__alveolata","Fungi","Ascomycota","Eurotiomycetes","Onygenales","Onygenaceae","Ascocalvatia","alveolata",0,0,0,0,0,0,0,0,0,0
"k__Fungi;p__Ascomycota;c__Eurotiomycetes;o__Phaeomoniellales;f__Phaeomoniellaceae;g__Aequabiliella;s__effusa","Fungi","Ascomycota","Eurotiomycetes","Phaeomoniellales","Phaeomoniellaceae","Aequabiliella","effusa",0,0,35,0,0,0,0,0,0,0
"k__Fungi;p__Ascomycota;c__Eurotiomycetes;o__Sclerococcales;f__Dactylosporaceae;g__Rhopalophora;s__clavispora","Fungi","Ascomycota","Eurotiomycetes","Sclerococcales","Dactylosporaceae","Rhopalophora","clavispora",0,0,0,0,0,0,0,0,0,0
"k__Fungi;p__Ascomycota;c__Laboulbeniomycetes;o__Pyxidiophorales;f__Pyxidiophoraceae;g__Pyxidiophora;s__arvernensis","Fungi","Ascomycota","Laboulbeniomycetes","Pyxidiophorales","Pyxidiophoraceae","Pyxidiophora","arvernensis",0,0,0,0,0,14,0,0,144,0
"k__Fungi;p__Ascomycota;c__Lecanoromycetes;o__Acarosporales;f__Acarosporaceae;g__Sarcogyne;s__distinguenda-regularis","Fungi","Ascomycota","Lecanoromycetes","Acarosporales","Acarosporaceae","Sarcogyne","distinguenda-regularis",0,0,0,0,0,0,0,0,0,0
"k__Fungi;p__Ascomycota;c__Lecanoromycetes;o__Caliciales;f__Caliciaceae;g__Pyxine;s__subcinerea","Fungi","Ascomycota","Lecanoromycetes","Caliciales","Caliciaceae","Pyxine","subcinerea",0,0,0,0,0,0,0,0,0,0
"k__Fungi;p__Ascomycota;c__Lecanoromycetes;o__Caliciales;f__Physciaceae;g__Phaeophyscia;s__adiastola","Fungi","Ascomycota","Lecanoromycetes","Caliciales","Physciaceae","Phaeophyscia","adiastola",0,0,0,0,0,0,0,0,0,0
"k__Fungi;p__Ascomycota;c__Lecanoromycetes;o__Caliciales;f__Physciaceae;g__Phaeophyscia;s__adiastola-denigrata","Fungi","Ascomycota","Lecanoromycetes","Caliciales","Physciaceae","Phaeophyscia","adiastola-denigrata",0,0,0,0,0,0,0,0,0,0
"k__Fungi;p__Ascomycota;c__Lecanoromycetes;o__Caliciales;f__Physciaceae;g__Phaeophyscia;s__poeltii","Fungi","Ascomycota","Lecanoromycetes","Caliciales","Physciaceae","Phaeophyscia","poeltii",0,0,0,0,0,0,0,0,0,0
"k__Fungi;p__Ascomycota;c__Lecanoromycetes;o__Caliciales;f__Physciaceae;g__Physcia;s__NA","Fungi","Ascomycota","Lecanoromycetes","Caliciales","Physciaceae","Physcia",NA,0,0,0,0,0,0,0,0,0,0
"k__Fungi;p__Ascomycota;c__Lecanoromycetes;o__Caliciales;f__Physciaceae;g__Rinodina;s__mniaroeiza","Fungi","Ascomycota","Lecanoromycetes","Caliciales","Physciaceae","Rinodina","mniaroeiza",0,0,0,0,0,0,0,0,0,0
"k__Fungi;p__Ascomycota;c__Lecanoromycetes;o__Lecanorales;f__Lecanoraceae;g__Lecanora;s__compallens","Fungi","Ascomycota","Lecanoromycetes","Lecanorales","Lecanoraceae","Lecanora","compallens",0,0,0,0,0,0,0,0,0,0
"k__Fungi;p__Ascomycota;c__Lecanoromycetes;o__Lecanorales;f__Lecanoraceae;g__Lecidella;s__albida","Fungi","Ascomycota","Lecanoromycetes","Lecanorales","Lecanoraceae","Lecidella","albida",0,0,0,0,0,0,0,0,0,0
"k__Fungi;p__Ascomycota;c__Lecanoromycetes;o__Lecanorales;f__Parmeliaceae;g__Canoparmelia;s__texana","Fungi","Ascomycota","Lecanoromycetes","Lecanorales","Parmeliaceae","Canoparmelia","texana",0,0,0,0,0,0,0,0,0,0
"k__Fungi;p__Ascomycota;c__Lecanoromycetes;o__Lecanorales;f__Parmeliaceae;g__Parmotrema;s__austrosinense","Fungi","Ascomycota","Lecanoromycetes","Lecanorales","Parmeliaceae","Parmotrema","austrosinense",0,0,0,0,0,0,0,0,0,0
"k__Fungi;p__Ascomycota;c__Lecanoromycetes;o__Lecanorales;f__Parmeliaceae;g__Punctelia;s__rudecta","Fungi","Ascomycota","Lecanoromycetes","Lecanorales","Parmeliaceae","Punctelia","rudecta",0,0,0,0,0,0,0,0,0,0
"k__Fungi;p__Ascomycota;c__Lecanoromycetes;o__NA;f__NA;g__NA;s__NA","Fungi","Ascomycota","Lecanoromycetes",NA,NA,NA,NA,0,0,0,0,0,0,0,0,0,0
"k__Fungi;p__Ascomycota;c__Lecanoromycetes;o__Ostropales;f__NA;g__Mulderomyces;s__natalis","Fungi","Ascomycota","Lecanoromycetes","Ostropales",NA,"Mulderomyces","natalis",0,0,0,0,0,0,0,0,0,0
"k__Fungi;p__Ascomycota;c__Lecanoromycetes;o__Ostropales;f__NA;g__NA;s__NA","Fungi","Ascomycota","Lecanoromycetes","Ostropales",NA,NA,NA,0,0,0,0,0,0,41,0,0,0
"k__Fungi;p__Ascomycota;c__Lecanoromycetes;o__Ostropales;f__Stictidaceae;g__Cryptodiscus;s__NA","Fungi","Ascomycota","Lecanoromycetes","Ostropales","Stictidaceae","Cryptodiscus",NA,0,0,0,0,0,0,0,0,0,0
"k__Fungi;p__Ascomycota;c__Lecanoromycetes;o__Ostropales;f__Stictidaceae;g__Cyanodermella;s__viridula","Fungi","Ascomycota","Lecanoromycetes","Ostropales","Stictidaceae","Cyanodermella","viridula",0,0,0,0,0,0,0,0,0,0
"k__Fungi;p__Ascomycota;c__Lecanoromycetes;o__Ostropales;f__Stictidaceae;g__NA;s__NA","Fungi","Ascomycota","Lecanoromycetes","Ostropales","Stictidaceae",NA,NA,0,0,0,0,0,0,0,0,0,0
"k__Fungi;p__Ascomycota;c__Lecanoromycetes;o__Ostropales;f__Stictidaceae;g__Stictis;s__NA","Fungi","Ascomycota","Lecanoromycetes","Ostropales","Stictidaceae","Stictis",NA,0,0,0,0,0,0,0,0,0,0
"k__Fungi;p__Ascomycota;c__Lecanoromycetes;o__Ostropales;f__Stictidaceae;g__Stictis;s__radiata","Fungi","Ascomycota","Lecanoromycetes","Ostropales","Stictidaceae","Stictis","radiata",0,0,0,0,0,0,0,0,0,0
"k__Fungi;p__Ascomycota;c__Lecanoromycetes;o__Teloschistales;f__NA;g__NA;s__NA","Fungi","Ascomycota","Lecanoromycetes","Teloschistales",NA,NA,NA,0,0,0,0,0,0,0,0,0,0
"k__Fungi;p__Ascomycota;c__Leotiomycetes;o__Erysiphales;f__Erysiphaceae;g__Erysiphe;s__NA","Fungi","Ascomycota","Leotiomycetes","Erysiphales","Erysiphaceae","Erysiphe",NA,0,0,0,0,0,0,0,0,0,0
"k__Fungi;p__Ascomycota;c__Leotiomycetes;o__Erysiphales;f__Erysiphaceae;g__Erysiphe;s__australiana","Fungi","Ascomycota","Leotiomycetes","Erysiphales","Erysiphaceae","Erysiphe","australiana",0,0,0,0,0,0,0,0,0,0
"k__Fungi;p__Ascomycota;c__Leotiomycetes;o__Erysiphales;f__Erysiphaceae;g__Erysiphe;s__howeana","Fungi","Ascomycota","Leotiomycetes","Erysiphales","Erysiphaceae","Erysiphe","howeana",0,0,0,0,0,0,0,0,0,0
"k__Fungi;p__Ascomycota;c__Leotiomycetes;o__Erysiphales;f__Erysiphaceae;g__Erysiphe;s__symphoricarpi","Fungi","Ascomycota","Leotiomycetes","Erysiphales","Erysiphaceae","Erysiphe","symphoricarpi",0,0,0,0,0,0,0,0,0,0
"k__Fungi;p__Ascomycota;c__Leotiomycetes;o__Erysiphales;f__Erysiphaceae;g__Golovinomyces;s__NA","Fungi","Ascomycota","Leotiomycetes","Erysiphales","Erysiphaceae","Golovinomyces",NA,0,0,0,0,0,0,0,0,0,0
"k__Fungi;p__Ascomycota;c__Leotiomycetes;o__Erysiphales;f__Erysiphaceae;g__Golovinomyces;s__asterum","Fungi","Ascomycota","Leotiomycetes","Erysiphales","Erysiphaceae","Golovinomyces","asterum",0,0,0,0,0,0,0,0,0,0
"k__Fungi;p__Ascomycota;c__Leotiomycetes;o__Erysiphales;f__Erysiphaceae;g__NA;s__NA","Fungi","Ascomycota","Leotiomycetes","Erysiphales","Erysiphaceae",NA,NA,0,0,0,0,0,0,0,0,0,0
"k__Fungi;p__Ascomycota;c__Leotiomycetes;o__Erysiphales;f__Erysiphaceae;g__Podosphaera;s__clandestina-negeri","Fungi","Ascomycota","Leotiomycetes","Erysiphales","Erysiphaceae","Podosphaera","clandestina-negeri",0,0,0,0,0,0,0,0,0,0
"k__Fungi;p__Ascomycota;c__Leotiomycetes;o__Erysiphales;f__Erysiphaceae;g__Podosphaera;s__gunnerae","Fungi","Ascomycota","Leotiomycetes","Erysiphales","Erysiphaceae","Podosphaera","gunnerae",0,0,0,0,0,0,0,0,0,0
"k__Fungi;p__Ascomycota;c__Leotiomycetes;o__Erysiphales;f__Erysiphaceae;g__Podosphaera;s__negeri","Fungi","Ascomycota","Leotiomycetes","Erysiphales","Erysiphaceae","Podosphaera","negeri",0,0,0,0,0,0,0,0,0,0
"k__Fungi;p__Ascomycota;c__Leotiomycetes;o__Helotiales;f__Chaetomellaceae;g__Chaetomella;s__raphigera","Fungi","Ascomycota","Leotiomycetes","Helotiales","Chaetomellaceae","Chaetomella","raphigera",0,0,92,0,0,0,0,0,0,0
"k__Fungi;p__Ascomycota;c__Leotiomycetes;o__Helotiales;f__Chaetomellaceae;g__Pilidium;s__concavum","Fungi","Ascomycota","Leotiomycetes","Helotiales","Chaetomellaceae","Pilidium","concavum",0,273,15,0,0,0,385,0,0,0
"k__Fungi;p__Ascomycota;c__Leotiomycetes;o__Helotiales;f__Chaetomellaceae;g__Synchaetomella;s__acerina","Fungi","Ascomycota","Leotiomycetes","Helotiales","Chaetomellaceae","Synchaetomella","acerina",0,0,0,0,0,0,0,0,0,0
"k__Fungi;p__Ascomycota;c__Leotiomycetes;o__Helotiales;f__Dermateaceae;g__Cryptosporiopsis;s__NA","Fungi","Ascomycota","Leotiomycetes","Helotiales","Dermateaceae","Cryptosporiopsis",NA,0,0,0,0,0,0,0,0,0,0
"k__Fungi;p__Ascomycota;c__Leotiomycetes;o__Helotiales;f__Dermateaceae;g__NA;s__NA","Fungi","Ascomycota","Leotiomycetes","Helotiales","Dermateaceae",NA,NA,0,0,0,0,0,0,0,0,0,0
"k__Fungi;p__Ascomycota;c__Leotiomycetes;o__Helotiales;f__Helotiaceae;g__Articulospora;s__NA","Fungi","Ascomycota","Leotiomycetes","Helotiales","Helotiaceae","Articulospora",NA,0,0,0,0,0,0,0,0,0,0
"k__Fungi;p__Ascomycota;c__Leotiomycetes;o__Helotiales;f__Helotiaceae;g__Claussenomyces;s__NA","Fungi","Ascomycota","Leotiomycetes","Helotiales","Helotiaceae","Claussenomyces",NA,0,0,0,0,0,0,0,0,0,0
"k__Fungi;p__Ascomycota;c__Leotiomycetes;o__Helotiales;f__Helotiaceae;g__Crocicreas;s__epicalamia","Fungi","Ascomycota","Leotiomycetes","Helotiales","Helotiaceae","Crocicreas","epicalamia",0,0,0,0,0,0,0,0,0,0
"k__Fungi;p__Ascomycota;c__Leotiomycetes;o__Helotiales;f__Helotiaceae;g__Helicodendron;s__luteoalbum","Fungi","Ascomycota","Leotiomycetes","Helotiales","Helotiaceae","Helicodendron","luteoalbum",0,0,0,0,0,0,0,0,0,0
"k__Fungi;p__Ascomycota;c__Leotiomycetes;o__Helotiales;f__Helotiaceae;g__Helicodendron;s__websteri","Fungi","Ascomycota","Leotiomycetes","Helotiales","Helotiaceae","Helicodendron","websteri",0,0,0,0,0,0,0,0,0,0
"k__Fungi;p__Ascomycota;c__Leotiomycetes;o__Helotiales;f__Helotiaceae;g__Hymenoscyphus;s__NA","Fungi","Ascomycota","Leotiomycetes","Helotiales","Helotiaceae","Hymenoscyphus",NA,0,0,0,0,0,0,0,0,0,0
"k__Fungi;p__Ascomycota;c__Leotiomycetes;o__Helotiales;f__Helotiaceae;g__NA;s__NA","Fungi","Ascomycota","Leotiomycetes","Helotiales","Helotiaceae",NA,NA,0,0,0,0,0,0,0,0,0,0
"k__Fungi;p__Ascomycota;c__Leotiomycetes;o__Helotiales;f__Helotiaceae;g__Rhizoscyphus;s__monotropae","Fungi","Ascomycota","Leotiomycetes","Helotiales","Helotiaceae","Rhizoscyphus","monotropae",0,0,0,0,0,0,0,0,0,0
"k__Fungi;p__Ascomycota;c__Leotiomycetes;o__Helotiales;f__Helotiaceae;g__Tricladium;s__angustum","Fungi","Ascomycota","Leotiomycetes","Helotiales","Helotiaceae","Tricladium","angustum",0,0,0,0,0,0,0,0,0,0
"k__Fungi;p__Ascomycota;c__Leotiomycetes;o__Helotiales;f__Hyaloscyphaceae;g__Capitotricha-Incrucipulum;s__bicolor-ciliare","Fungi","Ascomycota","Leotiomycetes","Helotiales","Hyaloscyphaceae","Capitotricha-Incrucipulum","bicolor-ciliare",0,0,0,0,0,0,0,0,0,0
"k__Fungi;p__Ascomycota;c__Leotiomycetes;o__Helotiales;f__Hyaloscyphaceae;g__Cistella;s__NA","Fungi","Ascomycota","Leotiomycetes","Helotiales","Hyaloscyphaceae","Cistella",NA,0,0,0,0,0,0,17,0,0,0
"k__Fungi;p__Ascomycota;c__Leotiomycetes;o__Helotiales;f__Hyaloscyphaceae;g__Hyaloscypha;s__NA","Fungi","Ascomycota","Leotiomycetes","Helotiales","Hyaloscyphaceae","Hyaloscypha",NA,0,0,0,0,0,0,0,0,0,0
"k__Fungi;p__Ascomycota;c__Leotiomycetes;o__Helotiales;f__Hyaloscyphaceae;g__Lachnum;s__NA","Fungi","Ascomycota","Leotiomycetes","Helotiales","Hyaloscyphaceae","Lachnum",NA,0,0,0,0,0,0,0,0,0,0
"k__Fungi;p__Ascomycota;c__Leotiomycetes;o__Helotiales;f__Hyaloscyphaceae;g__NA;s__NA","Fungi","Ascomycota","Leotiomycetes","Helotiales","Hyaloscyphaceae",NA,NA,0,0,0,0,0,0,0,0,0,0
"k__Fungi;p__Ascomycota;c__Leotiomycetes;o__Helotiales;f__Leotiaceae;g__Alatospora;s__acuminata","Fungi","Ascomycota","Leotiomycetes","Helotiales","Leotiaceae","Alatospora","acuminata",0,0,0,0,0,0,0,0,0,0
"k__Fungi;p__Ascomycota;c__Leotiomycetes;o__Helotiales;f__Leotiaceae;g__Gorgomyces;s__NA","Fungi","Ascomycota","Leotiomycetes","Helotiales","Leotiaceae","Gorgomyces",NA,0,0,0,0,0,0,0,0,0,0
"k__Fungi;p__Ascomycota;c__Leotiomycetes;o__Helotiales;f__NA;g__Cadophora;s__luteo-olivacea","Fungi","Ascomycota","Leotiomycetes","Helotiales",NA,"Cadophora","luteo-olivacea",0,0,0,0,0,63,0,0,0,52
"k__Fungi;p__Ascomycota;c__Leotiomycetes;o__Helotiales;f__NA;g__Chalara;s__NA","Fungi","Ascomycota","Leotiomycetes","Helotiales",NA,"Chalara",NA,0,0,0,0,0,0,0,0,0,0
"k__Fungi;p__Ascomycota;c__Leotiomycetes;o__Helotiales;f__NA;g__Chalara;s__holubovae","Fungi","Ascomycota","Leotiomycetes","Helotiales",NA,"Chalara","holubovae",0,0,0,0,0,0,0,0,0,0
"k__Fungi;p__Ascomycota;c__Leotiomycetes;o__Helotiales;f__NA;g__Collophora;s__NA","Fungi","Ascomycota","Leotiomycetes","Helotiales",NA,"Collophora",NA,0,0,0,0,0,0,0,0,0,0
"k__Fungi;p__Ascomycota;c__Leotiomycetes;o__Helotiales;f__NA;g__Infundichalara;s__minuta","Fungi","Ascomycota","Leotiomycetes","Helotiales",NA,"Infundichalara","minuta",0,0,0,0,0,0,0,0,0,0
"k__Fungi;p__Ascomycota;c__Leotiomycetes;o__Helotiales;f__NA;g__Leptodontidium;s__NA","Fungi","Ascomycota","Leotiomycetes","Helotiales",NA,"Leptodontidium",NA,0,0,0,0,0,0,0,0,0,0
"k__Fungi;p__Ascomycota;c__Leotiomycetes;o__Helotiales;f__NA;g__Mycochaetophora;s__gentianae","Fungi","Ascomycota","Leotiomycetes","Helotiales",NA,"Mycochaetophora","gentianae",0,0,0,0,0,0,0,0,0,0
"k__Fungi;p__Ascomycota;c__Leotiomycetes;o__Helotiales;f__NA;g__NA;s__NA","Fungi","Ascomycota","Leotiomycetes","Helotiales",NA,NA,NA,0,215,0,0,0,0,839,0,53,0
"k__Fungi;p__Ascomycota;c__Leotiomycetes;o__Helotiales;f__NA;g__Rhexocercosporidium;s__panacis","Fungi","Ascomycota","Leotiomycetes","Helotiales",NA,"Rhexocercosporidium","panacis",0,0,0,0,0,0,0,0,0,0
"k__Fungi;p__Ascomycota;c__Leotiomycetes;o__Helotiales;f__NA;g__Thedgonia;s__NA","Fungi","Ascomycota","Leotiomycetes","Helotiales",NA,"Thedgonia",NA,0,0,0,0,0,0,0,0,0,0
"k__Fungi;p__Ascomycota;c__Leotiomycetes;o__Helotiales;f__NA;g__Xenopolyscytalum;s__pinea","Fungi","Ascomycota","Leotiomycetes","Helotiales",NA,"Xenopolyscytalum","pinea",0,0,0,0,0,0,0,0,0,0
"k__Fungi;p__Ascomycota;c__Leotiomycetes;o__Helotiales;f__Pezizellaceae;g__Calycina;s__marina","Fungi","Ascomycota","Leotiomycetes","Helotiales","Pezizellaceae","Calycina","marina",0,0,0,0,0,0,0,0,0,0
"k__Fungi;p__Ascomycota;c__Leotiomycetes;o__Helotiales;f__Ploettnerulaceae;g__Cadophora-Pyrenopeziza;s__brassicae-luteo-olivacea","Fungi","Ascomycota","Leotiomycetes","Helotiales","Ploettnerulaceae","Cadophora-Pyrenopeziza","brassicae-luteo-olivacea",0,0,0,0,0,0,0,0,0,0
"k__Fungi;p__Ascomycota;c__Leotiomycetes;o__Helotiales;f__Porodiplodiaceae;g__NA;s__clidemiae","Fungi","Ascomycota","Leotiomycetes","Helotiales","Porodiplodiaceae",NA,"clidemiae",0,0,0,0,0,0,0,0,0,0
"k__Fungi;p__Ascomycota;c__Leotiomycetes;o__Helotiales;f__Rutstroemiaceae;g__Lambertella;s__corni-maris","Fungi","Ascomycota","Leotiomycetes","Helotiales","Rutstroemiaceae","Lambertella","corni-maris",0,0,0,0,0,0,0,0,0,0
"k__Fungi;p__Ascomycota;c__Leotiomycetes;o__Helotiales;f__Rutstroemiaceae;g__Poculum-Rutstroemia;s__maritima","Fungi","Ascomycota","Leotiomycetes","Helotiales","Rutstroemiaceae","Poculum-Rutstroemia","maritima",0,0,0,0,0,0,0,0,0,0
"k__Fungi;p__Ascomycota;c__Leotiomycetes;o__Helotiales;f__Sclerotiniaceae;g__Amphobotrys;s__ricini","Fungi","Ascomycota","Leotiomycetes","Helotiales","Sclerotiniaceae","Amphobotrys","ricini",0,0,0,0,0,0,0,0,0,0
"k__Fungi;p__Ascomycota;c__Leotiomycetes;o__Helotiales;f__Sclerotiniaceae;g__Botrytis;s__cinerea","Fungi","Ascomycota","Leotiomycetes","Helotiales","Sclerotiniaceae","Botrytis","cinerea",0,0,0,0,0,0,0,0,0,0
"k__Fungi;p__Ascomycota;c__Leotiomycetes;o__Helotiales;f__Sclerotiniaceae;g__Moellerodiscus;s__NA","Fungi","Ascomycota","Leotiomycetes","Helotiales","Sclerotiniaceae","Moellerodiscus",NA,0,0,0,0,0,0,0,0,0,0
"k__Fungi;p__Ascomycota;c__Leotiomycetes;o__Helotiales;f__Sclerotiniaceae;g__Monilinia;s__linhartiana","Fungi","Ascomycota","Leotiomycetes","Helotiales","Sclerotiniaceae","Monilinia","linhartiana",0,0,0,0,0,0,0,0,0,0
"k__Fungi;p__Ascomycota;c__Leotiomycetes;o__Helotiales;f__Sclerotiniaceae;g__Sclerotinia;s__sclerotiorum","Fungi","Ascomycota","Leotiomycetes","Helotiales","Sclerotiniaceae","Sclerotinia","sclerotiorum",0,0,0,0,0,213,0,0,60,835
"k__Fungi;p__Ascomycota;c__Leotiomycetes;o__NA;f__Myxotrichaceae;g__Myxotrichum;s__NA","Fungi","Ascomycota","Leotiomycetes",NA,"Myxotrichaceae","Myxotrichum",NA,0,0,0,0,0,0,0,0,0,0
"k__Fungi;p__Ascomycota;c__Leotiomycetes;o__NA;f__Myxotrichaceae;g__NA;s__NA","Fungi","Ascomycota","Leotiomycetes",NA,"Myxotrichaceae",NA,NA,0,0,0,0,0,0,0,0,0,0
"k__Fungi;p__Ascomycota;c__Leotiomycetes;o__NA;f__Myxotrichaceae;g__Oidiodendron;s__NA","Fungi","Ascomycota","Leotiomycetes",NA,"Myxotrichaceae","Oidiodendron",NA,0,11,0,0,0,0,0,0,0,0
"k__Fungi;p__Ascomycota;c__Leotiomycetes;o__NA;f__Myxotrichaceae;g__Oidiodendron;s__cereale","Fungi","Ascomycota","Leotiomycetes",NA,"Myxotrichaceae","Oidiodendron","cereale",0,0,0,0,0,0,0,0,0,0
"k__Fungi;p__Ascomycota;c__Leotiomycetes;o__NA;f__Myxotrichaceae;g__Oidiodendron;s__chlamydosporicum","Fungi","Ascomycota","Leotiomycetes",NA,"Myxotrichaceae","Oidiodendron","chlamydosporicum",0,0,0,0,0,0,0,0,0,0
"k__Fungi;p__Ascomycota;c__Leotiomycetes;o__NA;f__Myxotrichaceae;g__Oidiodendron;s__echinulatum","Fungi","Ascomycota","Leotiomycetes",NA,"Myxotrichaceae","Oidiodendron","echinulatum",0,0,0,0,0,0,0,0,0,0
"k__Fungi;p__Ascomycota;c__Leotiomycetes;o__NA;f__Myxotrichaceae;g__Oidiodendron;s__griseum","Fungi","Ascomycota","Leotiomycetes",NA,"Myxotrichaceae","Oidiodendron","griseum",0,0,0,0,0,0,0,0,0,0
"k__Fungi;p__Ascomycota;c__Leotiomycetes;o__NA;f__Myxotrichaceae;g__Oidiodendron;s__maius","Fungi","Ascomycota","Leotiomycetes",NA,"Myxotrichaceae","Oidiodendron","maius",0,0,0,0,0,0,0,0,0,0
"k__Fungi;p__Ascomycota;c__Leotiomycetes;o__NA;f__Myxotrichaceae;g__Oidiodendron;s__periconioides","Fungi","Ascomycota","Leotiomycetes",NA,"Myxotrichaceae","Oidiodendron","periconioides",0,0,0,0,0,0,0,0,0,0
"k__Fungi;p__Ascomycota;c__Leotiomycetes;o__NA;f__Myxotrichaceae;g__Oidiodendron;s__periconioides-tenuissimum","Fungi","Ascomycota","Leotiomycetes",NA,"Myxotrichaceae","Oidiodendron","periconioides-tenuissimum",0,0,0,0,0,0,0,0,0,0
"k__Fungi;p__Ascomycota;c__Leotiomycetes;o__NA;f__Myxotrichaceae;g__Oidiodendron;s__pilicola","Fungi","Ascomycota","Leotiomycetes",NA,"Myxotrichaceae","Oidiodendron","pilicola",0,0,0,0,0,0,0,0,0,0
"k__Fungi;p__Ascomycota;c__Leotiomycetes;o__NA;f__Myxotrichaceae;g__Oidiodendron;s__tenuissimum","Fungi","Ascomycota","Leotiomycetes",NA,"Myxotrichaceae","Oidiodendron","tenuissimum",0,332,0,0,0,0,768,0,0,0
"k__Fungi;p__Ascomycota;c__Leotiomycetes;o__NA;f__Myxotrichaceae;g__Oidiodendron;s__truncatum","Fungi","Ascomycota","Leotiomycetes",NA,"Myxotrichaceae","Oidiodendron","truncatum",0,0,0,0,0,0,0,0,0,0
"k__Fungi;p__Ascomycota;c__Leotiomycetes;o__NA;f__NA;g__Hyphozyma;s__roseonigra","Fungi","Ascomycota","Leotiomycetes",NA,NA,"Hyphozyma","roseonigra",0,0,67,0,0,0,33,0,0,0
"k__Fungi;p__Ascomycota;c__Leotiomycetes;o__NA;f__NA;g__Lauriomyces;s__bellulus","Fungi","Ascomycota","Leotiomycetes",NA,NA,"Lauriomyces","bellulus",0,0,0,0,0,0,0,0,0,0
"k__Fungi;p__Ascomycota;c__Leotiomycetes;o__NA;f__NA;g__NA;s__NA","Fungi","Ascomycota","Leotiomycetes",NA,NA,NA,NA,0,0,0,0,0,0,0,0,0,0
"k__Fungi;p__Ascomycota;c__Leotiomycetes;o__NA;f__NA;g__Scytalidium;s__circinatum","Fungi","Ascomycota","Leotiomycetes",NA,NA,"Scytalidium","circinatum",0,0,0,0,0,0,0,0,0,0
"k__Fungi;p__Ascomycota;c__Leotiomycetes;o__NA;f__NA;g__Scytalidium;s__cuboideum","Fungi","Ascomycota","Leotiomycetes",NA,NA,"Scytalidium","cuboideum",0,0,0,0,0,0,0,0,0,0
"k__Fungi;p__Ascomycota;c__Leotiomycetes;o__NA;f__NA;g__Scytalidium;s__lignicola","Fungi","Ascomycota","Leotiomycetes",NA,NA,"Scytalidium","lignicola",0,0,0,0,0,0,0,0,0,0
"k__Fungi;p__Ascomycota;c__Leotiomycetes;o__NA;f__Pseudeurotiaceae;g__Geomyces;s__auratus","Fungi","Ascomycota","Leotiomycetes",NA,"Pseudeurotiaceae","Geomyces","auratus",0,0,0,0,0,0,0,0,0,0
"k__Fungi;p__Ascomycota;c__Leotiomycetes;o__NA;f__Pseudeurotiaceae;g__NA;s__NA","Fungi","Ascomycota","Leotiomycetes",NA,"Pseudeurotiaceae",NA,NA,0,0,0,0,0,0,0,0,0,0
"k__Fungi;p__Ascomycota;c__Leotiomycetes;o__NA;f__Pseudeurotiaceae;g__Pseudeurotium;s__NA","Fungi","Ascomycota","Leotiomycetes",NA,"Pseudeurotiaceae","Pseudeurotium",NA,0,0,0,0,0,0,0,0,0,0
"k__Fungi;p__Ascomycota;c__Leotiomycetes;o__Rhytismatales;f__Rhytismataceae;g__Coccomyces;s__strobi","Fungi","Ascomycota","Leotiomycetes","Rhytismatales","Rhytismataceae","Coccomyces","strobi",0,0,0,0,0,0,0,0,0,0
"k__Fungi;p__Ascomycota;c__Leotiomycetes;o__Rhytismatales;f__Rhytismataceae;g__Colpoma;s__NA","Fungi","Ascomycota","Leotiomycetes","Rhytismatales","Rhytismataceae","Colpoma",NA,0,0,0,0,0,0,0,0,0,0
"k__Fungi;p__Ascomycota;c__Leotiomycetes;o__Rhytismatales;f__Rhytismataceae;g__Lophodermium;s__NA","Fungi","Ascomycota","Leotiomycetes","Rhytismatales","Rhytismataceae","Lophodermium",NA,0,0,0,0,0,0,11,0,0,0
"k__Fungi;p__Ascomycota;c__Leotiomycetes;o__Rhytismatales;f__Rhytismataceae;g__Lophodermium;s__australe","Fungi","Ascomycota","Leotiomycetes","Rhytismatales","Rhytismataceae","Lophodermium","australe",0,0,0,0,0,0,0,207,0,0
"k__Fungi;p__Ascomycota;c__Leotiomycetes;o__Thelebolales;f__Thelebolaceae;g__Thelebolus;s__NA","Fungi","Ascomycota","Leotiomycetes","Thelebolales","Thelebolaceae","Thelebolus",NA,0,0,0,0,0,0,0,0,0,0
"k__Fungi;p__Ascomycota;c__NA;o__Candelariales;f__Candelariaceae;g__Candelaria;s__concolor","Fungi","Ascomycota",NA,"Candelariales","Candelariaceae","Candelaria","concolor",0,0,0,0,0,0,0,0,0,0
"k__Fungi;p__Ascomycota;c__NA;o__NA;f__NA;g__Alatosessilispora;s__bibrachiata","Fungi","Ascomycota",NA,NA,NA,"Alatosessilispora","bibrachiata",0,0,0,0,0,0,52,0,0,0
"k__Fungi;p__Ascomycota;c__NA;o__NA;f__NA;g__Bahusakala;s__longispora","Fungi","Ascomycota",NA,NA,NA,"Bahusakala","longispora",0,0,0,0,0,0,0,0,0,0
"k__Fungi;p__Ascomycota;c__NA;o__NA;f__NA;g__Calyptrozyma;s__NA","Fungi","Ascomycota",NA,NA,NA,"Calyptrozyma",NA,0,0,0,0,0,154,0,0,0,0
"k__Fungi;p__Ascomycota;c__NA;o__NA;f__NA;g__Leptomelanconium;s__allescheri","Fungi","Ascomycota",NA,NA,NA,"Leptomelanconium","allescheri",0,0,0,0,0,0,0,0,0,0
"k__Fungi;p__Ascomycota;c__NA;o__NA;f__NA;g__Lunulospora;s__NA","Fungi","Ascomycota",NA,NA,NA,"Lunulospora",NA,0,0,0,0,0,0,0,0,0,0
"k__Fungi;p__Ascomycota;c__NA;o__NA;f__NA;g__Mycoleptodiscus;s__NA","Fungi","Ascomycota",NA,NA,NA,"Mycoleptodiscus",NA,0,0,0,0,0,0,0,0,0,0
"k__Fungi;p__Ascomycota;c__NA;o__NA;f__NA;g__Mycoleptodiscus;s__coloratus","Fungi","Ascomycota",NA,NA,NA,"Mycoleptodiscus","coloratus",0,0,0,0,0,0,0,0,37,0
"k__Fungi;p__Ascomycota;c__NA;o__NA;f__NA;g__NA;s__NA","Fungi","Ascomycota",NA,NA,NA,NA,NA,73,29,1944,354,230,1737,70,5599,788,31
"k__Fungi;p__Ascomycota;c__NA;o__NA;f__NA;g__Phaeodactylium;s__stadleri","Fungi","Ascomycota",NA,NA,NA,"Phaeodactylium","stadleri",0,0,0,0,0,0,0,0,0,0
"k__Fungi;p__Ascomycota;c__NA;o__NA;f__NA;g__Pseudosigmoidea;s__ibarakiensis","Fungi","Ascomycota",NA,NA,NA,"Pseudosigmoidea","ibarakiensis",0,0,0,0,0,0,0,0,0,0
"k__Fungi;p__Ascomycota;c__NA;o__NA;f__NA;g__Pseudozasmidium;s__vietnamense","Fungi","Ascomycota",NA,NA,NA,"Pseudozasmidium","vietnamense",0,0,0,0,0,0,0,0,0,0
"k__Fungi;p__Ascomycota;c__NA;o__NA;f__NA;g__Staphylotrichum;s__boninense","Fungi","Ascomycota",NA,NA,NA,"Staphylotrichum","boninense",0,14,0,0,0,0,0,0,0,0
"k__Fungi;p__Ascomycota;c__NA;o__NA;f__NA;g__Virgaria;s__NA","Fungi","Ascomycota",NA,NA,NA,"Virgaria",NA,0,0,29,0,0,0,0,0,0,0
"k__Fungi;p__Ascomycota;c__NA;o__NA;f__NA;g__Virgaria;s__nigra","Fungi","Ascomycota",NA,NA,NA,"Virgaria","nigra",0,0,0,0,0,0,18,0,0,0
"k__Fungi;p__Ascomycota;c__NA;o__NA;f__NA;g__Xenochalara;s__NA","Fungi","Ascomycota",NA,NA,NA,"Xenochalara",NA,0,0,0,0,0,0,0,0,0,0
"k__Fungi;p__Ascomycota;c__Orbiliomycetes;o__Orbiliales;f__NA;g__NA;s__NA","Fungi","Ascomycota","Orbiliomycetes","Orbiliales",NA,NA,NA,0,0,0,0,0,0,0,0,0,0
"k__Fungi;p__Ascomycota;c__Orbiliomycetes;o__Orbiliales;f__NA;g__Tridentaria;s__implicans","Fungi","Ascomycota","Orbiliomycetes","Orbiliales",NA,"Tridentaria","implicans",0,0,0,0,0,0,0,0,0,0
"k__Fungi;p__Ascomycota;c__Orbiliomycetes;o__Orbiliales;f__Orbiliaceae;g__Dactylaria;s__NA","Fungi","Ascomycota","Orbiliomycetes","Orbiliales","Orbiliaceae","Dactylaria",NA,0,0,0,0,0,0,0,0,0,0
"k__Fungi;p__Ascomycota;c__Orbiliomycetes;o__Orbiliales;f__Orbiliaceae;g__Dactylella;s__clavata","Fungi","Ascomycota","Orbiliomycetes","Orbiliales","Orbiliaceae","Dactylella","clavata",0,0,0,0,0,0,0,0,0,0
"k__Fungi;p__Ascomycota;c__Orbiliomycetes;o__Orbiliales;f__Orbiliaceae;g__Dactylella;s__cylindrospora","Fungi","Ascomycota","Orbiliomycetes","Orbiliales","Orbiliaceae","Dactylella","cylindrospora",0,0,0,0,0,0,0,0,0,0
"k__Fungi;p__Ascomycota;c__Orbiliomycetes;o__Orbiliales;f__Orbiliaceae;g__Dactylella;s__zhongdianensis","Fungi","Ascomycota","Orbiliomycetes","Orbiliales","Orbiliaceae","Dactylella","zhongdianensis",0,0,0,0,0,0,0,0,0,0
"k__Fungi;p__Ascomycota;c__Orbiliomycetes;o__Orbiliales;f__Orbiliaceae;g__Hyalorbilia;s__erythrostigma","Fungi","Ascomycota","Orbiliomycetes","Orbiliales","Orbiliaceae","Hyalorbilia","erythrostigma",0,0,0,0,0,0,0,0,0,0
"k__Fungi;p__Ascomycota;c__Orbiliomycetes;o__Orbiliales;f__Orbiliaceae;g__Orbilia;s__NA","Fungi","Ascomycota","Orbiliomycetes","Orbiliales","Orbiliaceae","Orbilia",NA,0,0,0,0,0,0,0,0,0,0
"k__Fungi;p__Ascomycota;c__Orbiliomycetes;o__Orbiliales;f__Orbiliaceae;g__Orbilia;s__eucalypti","Fungi","Ascomycota","Orbiliomycetes","Orbiliales","Orbiliaceae","Orbilia","eucalypti",0,0,0,0,0,0,0,0,0,0
"k__Fungi;p__Ascomycota;c__Pezizomycetes;o__NA;f__NA;g__NA;s__NA","Fungi","Ascomycota","Pezizomycetes",NA,NA,NA,NA,0,0,25,0,0,0,0,0,0,0
"k__Fungi;p__Ascomycota;c__Pezizomycetes;o__Pezizales;f__Ascobolaceae;g__Ascobolus;s__NA","Fungi","Ascomycota","Pezizomycetes","Pezizales","Ascobolaceae","Ascobolus",NA,0,0,0,0,0,0,0,0,0,0
"k__Fungi;p__Ascomycota;c__Pezizomycetes;o__Pezizales;f__Ascobolaceae;g__NA;s__NA","Fungi","Ascomycota","Pezizomycetes","Pezizales","Ascobolaceae",NA,NA,0,0,0,0,0,0,0,0,0,0
"k__Fungi;p__Ascomycota;c__Pezizomycetes;o__Pezizales;f__Ascodesmidaceae;g__Cephaliophora;s__NA","Fungi","Ascomycota","Pezizomycetes","Pezizales","Ascodesmidaceae","Cephaliophora",NA,0,0,0,0,0,0,0,0,0,0
"k__Fungi;p__Ascomycota;c__Pezizomycetes;o__Pezizales;f__NA;g__Harmoniella;s__NA","Fungi","Ascomycota","Pezizomycetes","Pezizales",NA,"Harmoniella",NA,0,0,0,0,0,0,0,0,0,0
"k__Fungi;p__Ascomycota;c__Pezizomycetes;o__Pezizales;f__NA;g__NA;s__NA","Fungi","Ascomycota","Pezizomycetes","Pezizales",NA,NA,NA,0,0,0,0,0,0,0,0,0,0
"k__Fungi;p__Ascomycota;c__Pezizomycetes;o__Pezizales;f__Pezizaceae;g__Iodophanus;s__NA","Fungi","Ascomycota","Pezizomycetes","Pezizales","Pezizaceae","Iodophanus",NA,0,0,0,0,0,0,0,0,0,0
"k__Fungi;p__Ascomycota;c__Pezizomycetes;o__Pezizales;f__Pyronemataceae;g__NA;s__NA","Fungi","Ascomycota","Pezizomycetes","Pezizales","Pyronemataceae",NA,NA,0,0,0,0,0,0,0,0,0,0
"k__Fungi;p__Ascomycota;c__Pezizomycetes;o__Pezizales;f__Sarcosomataceae;g__Donadinia;s__seaveri","Fungi","Ascomycota","Pezizomycetes","Pezizales","Sarcosomataceae","Donadinia","seaveri",0,0,0,0,0,0,0,0,0,0
"k__Fungi;p__Ascomycota;c__Pezizomycetes;o__Pezizales;f__Sarcosomataceae;g__Galiella;s__rufa","Fungi","Ascomycota","Pezizomycetes","Pezizales","Sarcosomataceae","Galiella","rufa",0,0,0,0,0,0,0,0,0,0
"k__Fungi;p__Ascomycota;c__Pezizomycetes;o__Pezizales;f__Sarcosomataceae;g__NA;s__NA","Fungi","Ascomycota","Pezizomycetes","Pezizales","Sarcosomataceae",NA,NA,0,15,0,0,0,0,0,0,0,0
"k__Fungi;p__Ascomycota;c__Pezizomycetes;o__Pezizales;f__Sarcosomataceae;g__Plectania;s__milleri","Fungi","Ascomycota","Pezizomycetes","Pezizales","Sarcosomataceae","Plectania","milleri",0,0,0,0,0,0,0,0,0,0
"k__Fungi;p__Ascomycota;c__Pezizomycetes;o__Pezizales;f__Sarcosomataceae;g__Pseudoplectania;s__nigrella","Fungi","Ascomycota","Pezizomycetes","Pezizales","Sarcosomataceae","Pseudoplectania","nigrella",0,0,14,0,0,0,0,0,0,0
"k__Fungi;p__Ascomycota;c__Pezizomycetes;o__Pezizales;f__Tuberaceae;g__Tuber;s__NA","Fungi","Ascomycota","Pezizomycetes","Pezizales","Tuberaceae","Tuber",NA,0,0,0,0,0,0,0,0,0,0
"k__Fungi;p__Ascomycota;c__Pezizomycotina_cls_Incertae_sedis;o__Pezizomycotina_ord_Incertae_sedis;f__Pezizomycotina_fam_Incertae_sedis;g__Pulvinella;s__nolinae","Fungi","Ascomycota","Pezizomycotina_cls_Incertae_sedis","Pezizomycotina_ord_Incertae_sedis","Pezizomycotina_fam_Incertae_sedis","Pulvinella","nolinae",0,0,0,0,0,0,0,0,0,96
"k__Fungi;p__Ascomycota;c__Saccharomycetes;o__Saccharomycetales;f__Debaryomycetaceae;g__Candida;s__metapsilosis","Fungi","Ascomycota","Saccharomycetes","Saccharomycetales","Debaryomycetaceae","Candida","metapsilosis",0,0,0,0,0,0,0,0,0,0
"k__Fungi;p__Ascomycota;c__Saccharomycetes;o__Saccharomycetales;f__Debaryomycetaceae;g__Candida;s__parapsilosis","Fungi","Ascomycota","Saccharomycetes","Saccharomycetales","Debaryomycetaceae","Candida","parapsilosis",0,0,0,0,0,0,0,0,0,0
"k__Fungi;p__Ascomycota;c__Saccharomycetes;o__Saccharomycetales;f__Debaryomycetaceae;g__Debaryomyces;s__prosopidis","Fungi","Ascomycota","Saccharomycetes","Saccharomycetales","Debaryomycetaceae","Debaryomyces","prosopidis",0,25,0,0,0,0,103,0,0,0
"k__Fungi;p__Ascomycota;c__Saccharomycetes;o__Saccharomycetales;f__Debaryomycetaceae;g__Hyphopichia;s__burtonii","Fungi","Ascomycota","Saccharomycetes","Saccharomycetales","Debaryomycetaceae","Hyphopichia","burtonii",0,0,0,0,0,0,0,0,0,86
"k__Fungi;p__Ascomycota;c__Saccharomycetes;o__Saccharomycetales;f__Debaryomycetaceae;g__Kurtzmaniella;s__quercitrusa","Fungi","Ascomycota","Saccharomycetes","Saccharomycetales","Debaryomycetaceae","Kurtzmaniella","quercitrusa",0,0,0,0,0,0,0,0,0,0
"k__Fungi;p__Ascomycota;c__Saccharomycetes;o__Saccharomycetales;f__Debaryomycetaceae;g__Kurtzmaniella;s__railenensis","Fungi","Ascomycota","Saccharomycetes","Saccharomycetales","Debaryomycetaceae","Kurtzmaniella","railenensis",0,0,0,0,0,0,0,0,0,0
"k__Fungi;p__Ascomycota;c__Saccharomycetes;o__Saccharomycetales;f__Debaryomycetaceae;g__Meyerozyma;s__caribbica-carpophila-guilliermondii","Fungi","Ascomycota","Saccharomycetes","Saccharomycetales","Debaryomycetaceae","Meyerozyma","caribbica-carpophila-guilliermondii",0,22,0,0,0,25,0,0,0,0
"k__Fungi;p__Ascomycota;c__Saccharomycetes;o__Saccharomycetales;f__Debaryomycetaceae;g__Millerozyma;s__farinosa","Fungi","Ascomycota","Saccharomycetes","Saccharomycetales","Debaryomycetaceae","Millerozyma","farinosa",0,0,0,0,0,0,0,0,30,0
"k__Fungi;p__Ascomycota;c__Saccharomycetes;o__Saccharomycetales;f__Debaryomycetaceae;g__NA;s__saitoana","Fungi","Ascomycota","Saccharomycetes","Saccharomycetales","Debaryomycetaceae",NA,"saitoana",0,0,0,0,0,0,0,0,0,0
"k__Fungi;p__Ascomycota;c__Saccharomycetes;o__Saccharomycetales;f__Debaryomycetaceae;g__Priceomyces;s__NA","Fungi","Ascomycota","Saccharomycetes","Saccharomycetales","Debaryomycetaceae","Priceomyces",NA,0,0,0,0,0,0,0,0,0,0
"k__Fungi;p__Ascomycota;c__Saccharomycetes;o__Saccharomycetales;f__Debaryomycetaceae;g__Scheffersomyces;s__illinoinensis","Fungi","Ascomycota","Saccharomycetes","Saccharomycetales","Debaryomycetaceae","Scheffersomyces","illinoinensis",0,0,0,0,0,0,0,0,0,0
"k__Fungi;p__Ascomycota;c__Saccharomycetes;o__Saccharomycetales;f__Debaryomycetaceae;g__Schwanniomyces;s__pseudopolymorphus","Fungi","Ascomycota","Saccharomycetes","Saccharomycetales","Debaryomycetaceae","Schwanniomyces","pseudopolymorphus",0,0,0,0,0,28,0,0,0,0
"k__Fungi;p__Ascomycota;c__Saccharomycetes;o__Saccharomycetales;f__Debaryomycetaceae;g__Suhomyces;s__xylopsoci","Fungi","Ascomycota","Saccharomycetes","Saccharomycetales","Debaryomycetaceae","Suhomyces","xylopsoci",0,0,0,0,0,0,0,0,0,0
"k__Fungi;p__Ascomycota;c__Saccharomycetes;o__Saccharomycetales;f__NA;g__Candida;s__sake","Fungi","Ascomycota","Saccharomycetes","Saccharomycetales",NA,"Candida","sake",0,0,0,0,0,0,0,0,0,0
"k__Fungi;p__Ascomycota;c__Saccharomycetes;o__Saccharomycetales;f__NA;g__Kuraishia;s__molischiana","Fungi","Ascomycota","Saccharomycetes","Saccharomycetales",NA,"Kuraishia","molischiana",0,0,0,0,0,0,0,0,0,0
"k__Fungi;p__Ascomycota;c__Saccharomycetes;o__Saccharomycetales;f__NA;g__NA;s__NA","Fungi","Ascomycota","Saccharomycetes","Saccharomycetales",NA,NA,NA,0,0,0,0,0,0,0,0,0,0
"k__Fungi;p__Ascomycota;c__Saccharomycetes;o__Saccharomycetales;f__NA;g__Starmerella;s__NA","Fungi","Ascomycota","Saccharomycetes","Saccharomycetales",NA,"Starmerella",NA,0,0,0,0,0,0,0,0,0,0
"k__Fungi;p__Ascomycota;c__Saccharomycetes;o__Saccharomycetales;f__NA;g__Sympodiomyces;s__NA","Fungi","Ascomycota","Saccharomycetes","Saccharomycetales",NA,"Sympodiomyces",NA,0,0,0,0,0,0,0,0,0,0
"k__Fungi;p__Ascomycota;c__Saccharomycetes;o__Saccharomycetales;f__Phaffomycetaceae;g__Wickerhamomyces;s__anomalus","Fungi","Ascomycota","Saccharomycetes","Saccharomycetales","Phaffomycetaceae","Wickerhamomyces","anomalus",0,0,0,0,0,0,0,0,0,0
"k__Fungi;p__Ascomycota;c__Saccharomycetes;o__Saccharomycetales;f__Phaffomycetaceae;g__Wickerhamomyces;s__hampshirensis","Fungi","Ascomycota","Saccharomycetes","Saccharomycetales","Phaffomycetaceae","Wickerhamomyces","hampshirensis",0,0,0,0,0,0,0,0,0,0
"k__Fungi;p__Ascomycota;c__Saccharomycetes;o__Saccharomycetales;f__Phaffomycetaceae;g__Wickerhamomyces;s__ponderosae","Fungi","Ascomycota","Saccharomycetes","Saccharomycetales","Phaffomycetaceae","Wickerhamomyces","ponderosae",0,77,0,0,0,0,0,0,0,0
"k__Fungi;p__Ascomycota;c__Saccharomycetes;o__Saccharomycetales;f__Pichiaceae;g__Ogataea;s__NA","Fungi","Ascomycota","Saccharomycetes","Saccharomycetales","Pichiaceae","Ogataea",NA,0,0,0,0,0,0,0,0,0,0
"k__Fungi;p__Ascomycota;c__Saccharomycetes;o__Saccharomycetales;f__Pichiaceae;g__Ogataea;s__pini","Fungi","Ascomycota","Saccharomycetes","Saccharomycetales","Pichiaceae","Ogataea","pini",0,0,0,0,0,0,0,0,0,0
"k__Fungi;p__Ascomycota;c__Saccharomycetes;o__Saccharomycetales;f__Pichiaceae;g__Ogataea;s__wangdongensis","Fungi","Ascomycota","Saccharomycetes","Saccharomycetales","Pichiaceae","Ogataea","wangdongensis",0,0,0,0,0,0,0,0,0,0
"k__Fungi;p__Ascomycota;c__Saccharomycetes;o__Saccharomycetales;f__Pichiaceae;g__Pichia;s__fermentans","Fungi","Ascomycota","Saccharomycetes","Saccharomycetales","Pichiaceae","Pichia","fermentans",0,0,0,0,0,0,0,0,0,0
"k__Fungi;p__Ascomycota;c__Saccharomycetes;o__Saccharomycetales;f__Pichiaceae;g__Pichia;s__fermentans-kluyveri","Fungi","Ascomycota","Saccharomycetes","Saccharomycetales","Pichiaceae","Pichia","fermentans-kluyveri",0,0,0,0,0,0,0,0,0,0
"k__Fungi;p__Ascomycota;c__Saccharomycetes;o__Saccharomycetales;f__Saccharomycetaceae;g__Kazachstania;s__martiniae","Fungi","Ascomycota","Saccharomycetes","Saccharomycetales","Saccharomycetaceae","Kazachstania","martiniae",0,0,0,0,0,0,0,0,0,0
"k__Fungi;p__Ascomycota;c__Saccharomycetes;o__Saccharomycetales;f__Saccharomycetaceae;g__Kazachstania;s__pintolopesii","Fungi","Ascomycota","Saccharomycetes","Saccharomycetales","Saccharomycetaceae","Kazachstania","pintolopesii",0,0,0,0,0,0,0,0,0,0
"k__Fungi;p__Ascomycota;c__Saccharomycetes;o__Saccharomycetales;f__Saccharomycetaceae;g__Lachancea;s__meyersii","Fungi","Ascomycota","Saccharomycetes","Saccharomycetales","Saccharomycetaceae","Lachancea","meyersii",0,40,0,0,0,0,0,0,0,0
"k__Fungi;p__Ascomycota;c__Saccharomycetes;o__Saccharomycetales;f__Saccharomycetaceae;g__Lachancea;s__thermotolerans","Fungi","Ascomycota","Saccharomycetes","Saccharomycetales","Saccharomycetaceae","Lachancea","thermotolerans",0,0,0,0,0,0,0,0,0,0
"k__Fungi;p__Ascomycota;c__Saccharomycetes;o__Saccharomycetales;f__Saccharomycetaceae;g__NA;s__NA","Fungi","Ascomycota","Saccharomycetes","Saccharomycetales","Saccharomycetaceae",NA,NA,0,0,0,0,0,0,0,0,0,0
"k__Fungi;p__Ascomycota;c__Saccharomycetes;o__Saccharomycetales;f__Saccharomycetaceae;g__Saccharomyces;s__cerevisiae","Fungi","Ascomycota","Saccharomycetes","Saccharomycetales","Saccharomycetaceae","Saccharomyces","cerevisiae",0,0,0,0,0,0,0,0,0,0
"k__Fungi;p__Ascomycota;c__Saccharomycetes;o__Saccharomycetales;f__Saccharomycodaceae;g__Hanseniaspora;s__NA","Fungi","Ascomycota","Saccharomycetes","Saccharomycetales","Saccharomycodaceae","Hanseniaspora",NA,0,0,0,0,0,0,0,0,0,0
"k__Fungi;p__Ascomycota;c__Saccharomycetes;o__Saccharomycetales;f__Trichomonascaceae;g__Blastobotrys;s__muscicola","Fungi","Ascomycota","Saccharomycetes","Saccharomycetales","Trichomonascaceae","Blastobotrys","muscicola",0,0,0,0,0,0,0,0,0,0
"k__Fungi;p__Ascomycota;c__Saccharomycetes;o__Saccharomycetales;f__Trichomonascaceae;g__Blastobotrys;s__peoriensis","Fungi","Ascomycota","Saccharomycetes","Saccharomycetales","Trichomonascaceae","Blastobotrys","peoriensis",0,0,0,0,0,0,0,0,0,0
"k__Fungi;p__Ascomycota;c__Saccharomycetes;o__Saccharomycetales;f__Trichomonascaceae;g__Blastobotrys;s__serpentis","Fungi","Ascomycota","Saccharomycetes","Saccharomycetales","Trichomonascaceae","Blastobotrys","serpentis",0,0,0,0,0,0,0,0,0,0
"k__Fungi;p__Ascomycota;c__Saccharomycetes;o__Saccharomycetales;f__Trichomonascaceae;g__Trichomonascus;s__NA","Fungi","Ascomycota","Saccharomycetes","Saccharomycetales","Trichomonascaceae","Trichomonascus",NA,0,0,0,0,0,0,0,0,0,0
"k__Fungi;p__Ascomycota;c__Saccharomycetes;o__Saccharomycetales;f__Trichomonascaceae;g__Trichomonascus;s__allociferrii","Fungi","Ascomycota","Saccharomycetes","Saccharomycetales","Trichomonascaceae","Trichomonascus","allociferrii",0,0,0,35,0,0,0,0,0,0
"k__Fungi;p__Ascomycota;c__Saccharomycetes;o__Saccharomycetales;f__Trichomonascaceae;g__Trichomonascus;s__ciferrii","Fungi","Ascomycota","Saccharomycetes","Saccharomycetales","Trichomonascaceae","Trichomonascus","ciferrii",0,0,0,0,0,128,0,0,129,0
"k__Fungi;p__Ascomycota;c__Saccharomycetes;o__Saccharomycetales;f__Trichomonascaceae;g__Trichomonascus;s__petasosporus","Fungi","Ascomycota","Saccharomycetes","Saccharomycetales","Trichomonascaceae","Trichomonascus","petasosporus",0,0,0,0,0,0,0,0,0,0
"k__Fungi;p__Ascomycota;c__Schizosaccharomycetes;o__Schizosaccharomycetales;f__Schizosaccharomycetaceae;g__Schizosaccharomyces;s__japonicus","Fungi","Ascomycota","Schizosaccharomycetes","Schizosaccharomycetales","Schizosaccharomycetaceae","Schizosaccharomyces","japonicus",0,0,0,0,0,0,0,0,0,0
"k__Fungi;p__Ascomycota;c__Sordariomycetes;o__Boliniales;f__Boliniaceae;g__Endoxyla;s__NA","Fungi","Ascomycota","Sordariomycetes","Boliniales","Boliniaceae","Endoxyla",NA,0,0,0,0,0,0,0,0,0,0
"k__Fungi;p__Ascomycota;c__Sordariomycetes;o__Calosphaeriales;f__Calosphaeriaceae;g__Jattaea;s__NA","Fungi","Ascomycota","Sordariomycetes","Calosphaeriales","Calosphaeriaceae","Jattaea",NA,0,0,0,0,0,0,0,0,0,0
"k__Fungi;p__Ascomycota;c__Sordariomycetes;o__Calosphaeriales;f__Calosphaeriaceae;g__Jattaea;s__algeriensis","Fungi","Ascomycota","Sordariomycetes","Calosphaeriales","Calosphaeriaceae","Jattaea","algeriensis",0,0,0,0,0,0,0,0,0,0
"k__Fungi;p__Ascomycota;c__Sordariomycetes;o__Calosphaeriales;f__Pleurostomataceae;g__Pleurostoma;s__ootheca","Fungi","Ascomycota","Sordariomycetes","Calosphaeriales","Pleurostomataceae","Pleurostoma","ootheca",0,0,0,0,0,0,0,0,0,0
"k__Fungi;p__Ascomycota;c__Sordariomycetes;o__Chaetosphaeriales;f__Chaetosphaeriaceae;g__Brunneodinemasporium;s__NA","Fungi","Ascomycota","Sordariomycetes","Chaetosphaeriales","Chaetosphaeriaceae","Brunneodinemasporium",NA,0,0,0,0,0,0,0,0,0,0
"k__Fungi;p__Ascomycota;c__Sordariomycetes;o__Chaetosphaeriales;f__Chaetosphaeriaceae;g__Chaetosphaeria-Chloridium;s__vermicularioides","Fungi","Ascomycota","Sordariomycetes","Chaetosphaeriales","Chaetosphaeriaceae","Chaetosphaeria-Chloridium","vermicularioides",0,0,0,0,0,0,0,0,0,0
"k__Fungi;p__Ascomycota;c__Sordariomycetes;o__Chaetosphaeriales;f__Chaetosphaeriaceae;g__Chaetosphaeria;s__NA","Fungi","Ascomycota","Sordariomycetes","Chaetosphaeriales","Chaetosphaeriaceae","Chaetosphaeria",NA,0,0,0,0,0,0,0,0,0,0
"k__Fungi;p__Ascomycota;c__Sordariomycetes;o__Chaetosphaeriales;f__Chaetosphaeriaceae;g__Chaetosphaeria;s__callimorpha","Fungi","Ascomycota","Sordariomycetes","Chaetosphaeriales","Chaetosphaeriaceae","Chaetosphaeria","callimorpha",0,0,0,0,0,0,0,0,0,0
"k__Fungi;p__Ascomycota;c__Sordariomycetes;o__Chaetosphaeriales;f__Chaetosphaeriaceae;g__Chaetosphaeria;s__vermicularioides","Fungi","Ascomycota","Sordariomycetes","Chaetosphaeriales","Chaetosphaeriaceae","Chaetosphaeria","vermicularioides",0,0,0,0,0,0,0,0,0,0
"k__Fungi;p__Ascomycota;c__Sordariomycetes;o__Chaetosphaeriales;f__Chaetosphaeriaceae;g__Chloridium;s__NA","Fungi","Ascomycota","Sordariomycetes","Chaetosphaeriales","Chaetosphaeriaceae","Chloridium",NA,0,0,0,0,0,0,0,0,0,0
"k__Fungi;p__Ascomycota;c__Sordariomycetes;o__Chaetosphaeriales;f__Chaetosphaeriaceae;g__Codinaea;s__pini","Fungi","Ascomycota","Sordariomycetes","Chaetosphaeriales","Chaetosphaeriaceae","Codinaea","pini",0,0,0,0,0,0,0,0,0,0
"k__Fungi;p__Ascomycota;c__Sordariomycetes;o__Chaetosphaeriales;f__Chaetosphaeriaceae;g__Codinaeopsis;s__gonytrichoides","Fungi","Ascomycota","Sordariomycetes","Chaetosphaeriales","Chaetosphaeriaceae","Codinaeopsis","gonytrichoides",0,0,0,0,0,0,0,0,0,0
"k__Fungi;p__Ascomycota;c__Sordariomycetes;o__Chaetosphaeriales;f__Chaetosphaeriaceae;g__Dictyochaeta;s__NA","Fungi","Ascomycota","Sordariomycetes","Chaetosphaeriales","Chaetosphaeriaceae","Dictyochaeta",NA,0,0,0,0,0,0,0,0,0,0
"k__Fungi;p__Ascomycota;c__Sordariomycetes;o__Chaetosphaeriales;f__Chaetosphaeriaceae;g__Dinemasporium;s__iriomotense","Fungi","Ascomycota","Sordariomycetes","Chaetosphaeriales","Chaetosphaeriaceae","Dinemasporium","iriomotense",0,0,0,0,0,0,0,0,0,0
"k__Fungi;p__Ascomycota;c__Sordariomycetes;o__Chaetosphaeriales;f__Chaetosphaeriaceae;g__Dinemasporium;s__longicapillatum","Fungi","Ascomycota","Sordariomycetes","Chaetosphaeriales","Chaetosphaeriaceae","Dinemasporium","longicapillatum",0,0,0,0,0,0,0,0,0,0
"k__Fungi;p__Ascomycota;c__Sordariomycetes;o__Chaetosphaeriales;f__Chaetosphaeriaceae;g__Dinemasporium;s__pseudodecipiens","Fungi","Ascomycota","Sordariomycetes","Chaetosphaeriales","Chaetosphaeriaceae","Dinemasporium","pseudodecipiens",0,0,14,0,0,0,0,139,0,0
"k__Fungi;p__Ascomycota;c__Sordariomycetes;o__Chaetosphaeriales;f__Chaetosphaeriaceae;g__NA;s__NA","Fungi","Ascomycota","Sordariomycetes","Chaetosphaeriales","Chaetosphaeriaceae",NA,NA,0,0,0,0,0,0,0,0,0,0
"k__Fungi;p__Ascomycota;c__Sordariomycetes;o__Chaetosphaeriales;f__Chaetosphaeriaceae;g__Thozetella;s__pinicola","Fungi","Ascomycota","Sordariomycetes","Chaetosphaeriales","Chaetosphaeriaceae","Thozetella","pinicola",0,0,0,0,0,0,0,0,0,0
"k__Fungi;p__Ascomycota;c__Sordariomycetes;o__Chaetosphaeriales;f__NA;g__NA;s__NA","Fungi","Ascomycota","Sordariomycetes","Chaetosphaeriales",NA,NA,NA,0,0,0,0,0,0,0,0,0,0
"k__Fungi;p__Ascomycota;c__Sordariomycetes;o__Coniochaetales;f__Coniochaetaceae;g__Coniochaeta;s__NA","Fungi","Ascomycota","Sordariomycetes","Coniochaetales","Coniochaetaceae","Coniochaeta",NA,0,0,51,32,0,0,0,0,0,0
"k__Fungi;p__Ascomycota;c__Sordariomycetes;o__Coniochaetales;f__Coniochaetaceae;g__Coniochaeta;s__cymbiformispora-ligniaria-nepalica","Fungi","Ascomycota","Sordariomycetes","Coniochaetales","Coniochaetaceae","Coniochaeta","cymbiformispora-ligniaria-nepalica",0,0,18,0,0,0,0,0,0,0
"k__Fungi;p__Ascomycota;c__Sordariomycetes;o__Coniochaetales;f__Coniochaetaceae;g__Coniochaeta;s__decumbens","Fungi","Ascomycota","Sordariomycetes","Coniochaetales","Coniochaetaceae","Coniochaeta","decumbens",0,0,18,0,0,0,0,0,0,0
"k__Fungi;p__Ascomycota;c__Sordariomycetes;o__Coniochaetales;f__Coniochaetaceae;g__Coniochaeta;s__fasciculata","Fungi","Ascomycota","Sordariomycetes","Coniochaetales","Coniochaetaceae","Coniochaeta","fasciculata",0,0,0,0,0,0,0,0,0,0
"k__Fungi;p__Ascomycota;c__Sordariomycetes;o__Coniochaetales;f__Coniochaetaceae;g__Coniochaeta;s__hoffmannii","Fungi","Ascomycota","Sordariomycetes","Coniochaetales","Coniochaetaceae","Coniochaeta","hoffmannii",0,0,0,0,0,0,0,0,0,0
"k__Fungi;p__Ascomycota;c__Sordariomycetes;o__Coniochaetales;f__Coniochaetaceae;g__Coniochaeta;s__hoffmannii-ligniaria","Fungi","Ascomycota","Sordariomycetes","Coniochaetales","Coniochaetaceae","Coniochaeta","hoffmannii-ligniaria",0,0,0,0,0,0,0,0,0,0
"k__Fungi;p__Ascomycota;c__Sordariomycetes;o__Coniochaetales;f__Coniochaetaceae;g__Coniochaeta;s__mutabilis","Fungi","Ascomycota","Sordariomycetes","Coniochaetales","Coniochaetaceae","Coniochaeta","mutabilis",0,0,0,0,0,0,0,0,0,0
"k__Fungi;p__Ascomycota;c__Sordariomycetes;o__Coniochaetales;f__Coniochaetaceae;g__NA;s__NA","Fungi","Ascomycota","Sordariomycetes","Coniochaetales","Coniochaetaceae",NA,NA,0,0,11,0,0,0,0,0,0,0
"k__Fungi;p__Ascomycota;c__Sordariomycetes;o__Coniochaetales;f__NA;g__NA;s__NA","Fungi","Ascomycota","Sordariomycetes","Coniochaetales",NA,NA,NA,0,0,0,0,0,0,0,0,0,0
"k__Fungi;p__Ascomycota;c__Sordariomycetes;o__Conioscyphales;f__Conioscyphaceae;g__Conioscypha;s__NA","Fungi","Ascomycota","Sordariomycetes","Conioscyphales","Conioscyphaceae","Conioscypha",NA,0,0,0,0,0,0,0,0,0,0
"k__Fungi;p__Ascomycota;c__Sordariomycetes;o__Conioscyphales;f__Conioscyphaceae;g__Conioscypha;s__varia","Fungi","Ascomycota","Sordariomycetes","Conioscyphales","Conioscyphaceae","Conioscypha","varia",0,0,0,0,0,0,0,0,0,0
"k__Fungi;p__Ascomycota;c__Sordariomycetes;o__Diaporthales;f__Cryphonectriaceae;g__Immersiporthe;s__knoxdaviesiana","Fungi","Ascomycota","Sordariomycetes","Diaporthales","Cryphonectriaceae","Immersiporthe","knoxdaviesiana",0,0,0,0,0,0,0,0,0,0
"k__Fungi;p__Ascomycota;c__Sordariomycetes;o__Diaporthales;f__Diaporthaceae;g__Diaporthe;s__caulivora","Fungi","Ascomycota","Sordariomycetes","Diaporthales","Diaporthaceae","Diaporthe","caulivora",0,0,0,0,0,0,0,0,0,0
"k__Fungi;p__Ascomycota;c__Sordariomycetes;o__Diaporthales;f__Diaporthaceae;g__Diaporthe;s__goulteri","Fungi","Ascomycota","Sordariomycetes","Diaporthales","Diaporthaceae","Diaporthe","goulteri",0,0,0,0,0,0,0,0,0,0
"k__Fungi;p__Ascomycota;c__Sordariomycetes;o__Diaporthales;f__Diaporthaceae;g__Diaporthe;s__helianthi","Fungi","Ascomycota","Sordariomycetes","Diaporthales","Diaporthaceae","Diaporthe","helianthi",0,0,15,34,0,481,0,0,653,1614
"k__Fungi;p__Ascomycota;c__Sordariomycetes;o__Diaporthales;f__Diaporthaceae;g__Diaporthe;s__hordei-lusitanicae-neoarctii","Fungi","Ascomycota","Sordariomycetes","Diaporthales","Diaporthaceae","Diaporthe","hordei-lusitanicae-neoarctii",0,0,0,0,0,441,0,0,300,992
"k__Fungi;p__Ascomycota;c__Sordariomycetes;o__Diaporthales;f__Diaporthaceae;g__Diaporthe;s__infecunda-leucospermi","Fungi","Ascomycota","Sordariomycetes","Diaporthales","Diaporthaceae","Diaporthe","infecunda-leucospermi",0,0,0,0,0,0,0,0,0,0
"k__Fungi;p__Ascomycota;c__Sordariomycetes;o__Diaporthales;f__Diaporthaceae;g__Diaporthe;s__kochmanii","Fungi","Ascomycota","Sordariomycetes","Diaporthales","Diaporthaceae","Diaporthe","kochmanii",0,0,0,0,0,0,0,0,0,0
"k__Fungi;p__Ascomycota;c__Sordariomycetes;o__Diaporthales;f__Diaporthaceae;g__Diaporthe;s__litchiicola","Fungi","Ascomycota","Sordariomycetes","Diaporthales","Diaporthaceae","Diaporthe","litchiicola",0,0,0,0,0,0,0,0,0,0
"k__Fungi;p__Ascomycota;c__Sordariomycetes;o__Diaporthales;f__Diaporthaceae;g__Diaporthe;s__longicolla","Fungi","Ascomycota","Sordariomycetes","Diaporthales","Diaporthaceae","Diaporthe","longicolla",0,0,0,0,0,0,0,0,0,0
"k__Fungi;p__Ascomycota;c__Sordariomycetes;o__Diaporthales;f__Diaporthaceae;g__Diaporthe;s__megalospora","Fungi","Ascomycota","Sordariomycetes","Diaporthales","Diaporthaceae","Diaporthe","megalospora",0,0,0,0,0,0,0,0,0,0
"k__Fungi;p__Ascomycota;c__Sordariomycetes;o__Diaporthales;f__Diaporthaceae;g__Diaporthe;s__oxe","Fungi","Ascomycota","Sordariomycetes","Diaporthales","Diaporthaceae","Diaporthe","oxe",0,0,0,0,0,0,0,0,0,0
"k__Fungi;p__Ascomycota;c__Sordariomycetes;o__Diaporthales;f__Diaporthaceae;g__Diaporthe;s__perseae","Fungi","Ascomycota","Sordariomycetes","Diaporthales","Diaporthaceae","Diaporthe","perseae",0,0,0,0,0,0,0,0,0,0
"k__Fungi;p__Ascomycota;c__Sordariomycetes;o__Diaporthales;f__Gnomoniaceae;g__Cryptodiaporthe;s__aubertii","Fungi","Ascomycota","Sordariomycetes","Diaporthales","Gnomoniaceae","Cryptodiaporthe","aubertii",0,0,0,0,0,0,0,0,0,0
"k__Fungi;p__Ascomycota;c__Sordariomycetes;o__Diaporthales;f__Gnomoniaceae;g__Gnomoniopsis;s__NA","Fungi","Ascomycota","Sordariomycetes","Diaporthales","Gnomoniaceae","Gnomoniopsis",NA,0,0,0,0,0,0,0,0,0,0
"k__Fungi;p__Ascomycota;c__Sordariomycetes;o__Diaporthales;f__Gnomoniaceae;g__NA;s__NA","Fungi","Ascomycota","Sordariomycetes","Diaporthales","Gnomoniaceae",NA,NA,0,0,0,0,0,0,0,0,0,0
"k__Fungi;p__Ascomycota;c__Sordariomycetes;o__Diaporthales;f__Gnomoniaceae;g__Ophiognomonia;s__clavigignenti-juglandacearum","Fungi","Ascomycota","Sordariomycetes","Diaporthales","Gnomoniaceae","Ophiognomonia","clavigignenti-juglandacearum",0,0,0,0,0,0,0,0,0,0
"k__Fungi;p__Ascomycota;c__Sordariomycetes;o__Diaporthales;f__Gnomoniaceae;g__Ophiognomonia;s__otanii","Fungi","Ascomycota","Sordariomycetes","Diaporthales","Gnomoniaceae","Ophiognomonia","otanii",0,0,0,0,0,0,0,0,0,0
"k__Fungi;p__Ascomycota;c__Sordariomycetes;o__Diaporthales;f__Harknessiaceae;g__Harknessia;s__NA","Fungi","Ascomycota","Sordariomycetes","Diaporthales","Harknessiaceae","Harknessia",NA,0,0,0,27,0,0,0,0,0,0
"k__Fungi;p__Ascomycota;c__Sordariomycetes;o__Diaporthales;f__Harknessiaceae;g__Harknessia;s__rhabdosphaera","Fungi","Ascomycota","Sordariomycetes","Diaporthales","Harknessiaceae","Harknessia","rhabdosphaera",0,0,12,0,0,0,0,0,0,0
"k__Fungi;p__Ascomycota;c__Sordariomycetes;o__Diaporthales;f__Melanconiellaceae;g__Melanconiella;s__spodiaea","Fungi","Ascomycota","Sordariomycetes","Diaporthales","Melanconiellaceae","Melanconiella","spodiaea",0,0,0,0,0,0,0,0,0,0
"k__Fungi;p__Ascomycota;c__Sordariomycetes;o__Diaporthales;f__Melanconiellaceae;g__Tubakia;s__NA","Fungi","Ascomycota","Sordariomycetes","Diaporthales","Melanconiellaceae","Tubakia",NA,0,0,0,0,0,0,0,0,0,0
"k__Fungi;p__Ascomycota;c__Sordariomycetes;o__Diaporthales;f__NA;g__Diatractium;s__NA","Fungi","Ascomycota","Sordariomycetes","Diaporthales",NA,"Diatractium",NA,0,0,0,0,0,0,0,0,0,0
"k__Fungi;p__Ascomycota;c__Sordariomycetes;o__Diaporthales;f__NA;g__NA;s__NA","Fungi","Ascomycota","Sordariomycetes","Diaporthales",NA,NA,NA,0,0,0,0,0,0,0,0,0,0
"k__Fungi;p__Ascomycota;c__Sordariomycetes;o__Diaporthales;f__Schizoparmaceae;g__Coniella;s__duckerae","Fungi","Ascomycota","Sordariomycetes","Diaporthales","Schizoparmaceae","Coniella","duckerae",0,0,0,0,50,0,0,0,0,0
"k__Fungi;p__Ascomycota;c__Sordariomycetes;o__Diaporthales;f__Schizoparmaceae;g__Coniella;s__pseudokoreana","Fungi","Ascomycota","Sordariomycetes","Diaporthales","Schizoparmaceae","Coniella","pseudokoreana",0,0,0,0,0,0,0,0,0,0
"k__Fungi;p__Ascomycota;c__Sordariomycetes;o__Diaporthales;f__Schizoparmaceae;g__Coniella;s__tibouchinae","Fungi","Ascomycota","Sordariomycetes","Diaporthales","Schizoparmaceae","Coniella","tibouchinae",0,0,0,0,0,0,0,0,0,0
"k__Fungi;p__Ascomycota;c__Sordariomycetes;o__Diaporthales;f__Valsaceae;g__Cytospora;s__berberidis-eucalyptina","Fungi","Ascomycota","Sordariomycetes","Diaporthales","Valsaceae","Cytospora","berberidis-eucalyptina",0,0,0,0,0,0,0,0,0,0
"k__Fungi;p__Ascomycota;c__Sordariomycetes;o__Diaporthales;f__Valsaceae;g__Cytospora;s__brevispora","Fungi","Ascomycota","Sordariomycetes","Diaporthales","Valsaceae","Cytospora","brevispora",0,0,0,0,0,0,0,0,0,0
"k__Fungi;p__Ascomycota;c__Sordariomycetes;o__Diaporthales;f__Valsaceae;g__Cytospora;s__eucalyptina","Fungi","Ascomycota","Sordariomycetes","Diaporthales","Valsaceae","Cytospora","eucalyptina",0,0,0,0,0,0,0,0,0,0
"k__Fungi;p__Ascomycota;c__Sordariomycetes;o__Diaporthales;f__Valsaceae;g__Cytospora;s__ribis","Fungi","Ascomycota","Sordariomycetes","Diaporthales","Valsaceae","Cytospora","ribis",0,0,0,0,0,0,0,0,0,0
"k__Fungi;p__Ascomycota;c__Sordariomycetes;o__Diaporthales;f__Valsaceae;g__NA;s__NA","Fungi","Ascomycota","Sordariomycetes","Diaporthales","Valsaceae",NA,NA,0,0,13,0,0,0,0,0,0,0
"k__Fungi;p__Ascomycota;c__Sordariomycetes;o__Diaporthales;f__Valsaceae;g__Phomopsis;s__NA","Fungi","Ascomycota","Sordariomycetes","Diaporthales","Valsaceae","Phomopsis",NA,0,0,0,0,0,0,0,0,0,0
"k__Fungi;p__Ascomycota;c__Sordariomycetes;o__Glomerellales;f__Glomerellaceae;g__Colletotrichum;s__NA","Fungi","Ascomycota","Sordariomycetes","Glomerellales","Glomerellaceae","Colletotrichum",NA,0,0,0,0,0,0,0,0,0,0
"k__Fungi;p__Ascomycota;c__Sordariomycetes;o__Glomerellales;f__Glomerellaceae;g__Colletotrichum;s__clidemiae-gloeosporioides","Fungi","Ascomycota","Sordariomycetes","Glomerellales","Glomerellaceae","Colletotrichum","clidemiae-gloeosporioides",0,0,0,0,0,0,0,0,0,0
"k__Fungi;p__Ascomycota;c__Sordariomycetes;o__Glomerellales;f__Glomerellaceae;g__Colletotrichum;s__cliviicola","Fungi","Ascomycota","Sordariomycetes","Glomerellales","Glomerellaceae","Colletotrichum","cliviicola",0,0,0,0,0,0,0,0,0,0
"k__Fungi;p__Ascomycota;c__Sordariomycetes;o__Glomerellales;f__Glomerellaceae;g__Colletotrichum;s__coccodes","Fungi","Ascomycota","Sordariomycetes","Glomerellales","Glomerellaceae","Colletotrichum","coccodes",0,0,0,0,0,0,0,0,0,0
"k__Fungi;p__Ascomycota;c__Sordariomycetes;o__Glomerellales;f__Glomerellaceae;g__Colletotrichum;s__euphorbiae","Fungi","Ascomycota","Sordariomycetes","Glomerellales","Glomerellaceae","Colletotrichum","euphorbiae",0,0,0,0,0,0,0,0,0,0
"k__Fungi;p__Ascomycota;c__Sordariomycetes;o__Glomerellales;f__Glomerellaceae;g__Colletotrichum;s__gloeosporioides","Fungi","Ascomycota","Sordariomycetes","Glomerellales","Glomerellaceae","Colletotrichum","gloeosporioides",0,0,0,0,0,0,0,0,0,0
"k__Fungi;p__Ascomycota;c__Sordariomycetes;o__Glomerellales;f__Glomerellaceae;g__Colletotrichum;s__graminicola","Fungi","Ascomycota","Sordariomycetes","Glomerellales","Glomerellaceae","Colletotrichum","graminicola",0,0,0,0,0,0,0,0,0,0
"k__Fungi;p__Ascomycota;c__Sordariomycetes;o__Glomerellales;f__Glomerellaceae;g__Colletotrichum;s__hanaui","Fungi","Ascomycota","Sordariomycetes","Glomerellales","Glomerellaceae","Colletotrichum","hanaui",0,0,0,0,0,0,0,0,0,0
"k__Fungi;p__Ascomycota;c__Sordariomycetes;o__Glomerellales;f__Glomerellaceae;g__Colletotrichum;s__kniphofiae","Fungi","Ascomycota","Sordariomycetes","Glomerellales","Glomerellaceae","Colletotrichum","kniphofiae",0,0,0,0,0,0,0,0,0,0
"k__Fungi;p__Ascomycota;c__Sordariomycetes;o__Glomerellales;f__Glomerellaceae;g__Colletotrichum;s__navitas","Fungi","Ascomycota","Sordariomycetes","Glomerellales","Glomerellaceae","Colletotrichum","navitas",0,0,0,0,0,0,0,0,0,0
"k__Fungi;p__Ascomycota;c__Sordariomycetes;o__Glomerellales;f__Glomerellaceae;g__Colletotrichum;s__navitas-paspali","Fungi","Ascomycota","Sordariomycetes","Glomerellales","Glomerellaceae","Colletotrichum","navitas-paspali",0,0,0,0,0,0,0,0,0,0
"k__Fungi;p__Ascomycota;c__Sordariomycetes;o__Glomerellales;f__Glomerellaceae;g__Colletotrichum;s__ochraceae","Fungi","Ascomycota","Sordariomycetes","Glomerellales","Glomerellaceae","Colletotrichum","ochraceae",0,0,0,0,0,0,0,0,0,0
"k__Fungi;p__Ascomycota;c__Sordariomycetes;o__Glomerellales;f__Glomerellaceae;g__Colletotrichum;s__sublineola","Fungi","Ascomycota","Sordariomycetes","Glomerellales","Glomerellaceae","Colletotrichum","sublineola",0,0,0,0,0,27,0,0,0,0
"k__Fungi;p__Ascomycota;c__Sordariomycetes;o__Glomerellales;f__Plectosphaerellaceae;g__Acremonium;s__antarcticum","Fungi","Ascomycota","Sordariomycetes","Glomerellales","Plectosphaerellaceae","Acremonium","antarcticum",0,0,0,0,0,0,0,0,0,0
"k__Fungi;p__Ascomycota;c__Sordariomycetes;o__Glomerellales;f__Plectosphaerellaceae;g__Acremonium;s__furcatum","Fungi","Ascomycota","Sordariomycetes","Glomerellales","Plectosphaerellaceae","Acremonium","furcatum",0,0,0,0,0,0,0,0,0,0
"k__Fungi;p__Ascomycota;c__Sordariomycetes;o__Glomerellales;f__Plectosphaerellaceae;g__Acremonium;s__nepalense","Fungi","Ascomycota","Sordariomycetes","Glomerellales","Plectosphaerellaceae","Acremonium","nepalense",0,0,0,0,0,0,29,0,0,0
"k__Fungi;p__Ascomycota;c__Sordariomycetes;o__Glomerellales;f__Plectosphaerellaceae;g__Brunneomyces;s__brunnescens","Fungi","Ascomycota","Sordariomycetes","Glomerellales","Plectosphaerellaceae","Brunneomyces","brunnescens",0,0,0,0,0,0,0,0,0,0
"k__Fungi;p__Ascomycota;c__Sordariomycetes;o__Glomerellales;f__Plectosphaerellaceae;g__Gibellulopsis;s__NA","Fungi","Ascomycota","Sordariomycetes","Glomerellales","Plectosphaerellaceae","Gibellulopsis",NA,0,0,0,0,0,0,0,0,0,0
"k__Fungi;p__Ascomycota;c__Sordariomycetes;o__Glomerellales;f__Plectosphaerellaceae;g__Lectera;s__NA","Fungi","Ascomycota","Sordariomycetes","Glomerellales","Plectosphaerellaceae","Lectera",NA,0,0,0,0,0,0,0,0,0,0
"k__Fungi;p__Ascomycota;c__Sordariomycetes;o__Glomerellales;f__Plectosphaerellaceae;g__Plectosphaerella;s__NA","Fungi","Ascomycota","Sordariomycetes","Glomerellales","Plectosphaerellaceae","Plectosphaerella",NA,0,0,0,0,0,27,0,0,0,0
"k__Fungi;p__Ascomycota;c__Sordariomycetes;o__Glomerellales;f__Plectosphaerellaceae;g__Sodiomyces;s__tronii","Fungi","Ascomycota","Sordariomycetes","Glomerellales","Plectosphaerellaceae","Sodiomyces","tronii",0,0,0,0,0,19,0,0,128,0
"k__Fungi;p__Ascomycota;c__Sordariomycetes;o__Glomerellales;f__Plectosphaerellaceae;g__Stachylidium;s__NA","Fungi","Ascomycota","Sordariomycetes","Glomerellales","Plectosphaerellaceae","Stachylidium",NA,0,0,0,0,0,0,0,0,0,0
"k__Fungi;p__Ascomycota;c__Sordariomycetes;o__Hypocreales;f__Bionectriaceae;g__Acremonium-Gliomastix;s__NA","Fungi","Ascomycota","Sordariomycetes","Hypocreales","Bionectriaceae","Acremonium-Gliomastix",NA,0,0,0,0,0,0,0,0,0,0
"k__Fungi;p__Ascomycota;c__Sordariomycetes;o__Hypocreales;f__Bionectriaceae;g__Clonostachys;s__NA","Fungi","Ascomycota","Sordariomycetes","Hypocreales","Bionectriaceae","Clonostachys",NA,0,0,0,0,0,0,0,0,0,0
"k__Fungi;p__Ascomycota;c__Sordariomycetes;o__Hypocreales;f__Bionectriaceae;g__Clonostachys;s__compactiuscula","Fungi","Ascomycota","Sordariomycetes","Hypocreales","Bionectriaceae","Clonostachys","compactiuscula",0,0,0,0,0,0,0,0,0,0
"k__Fungi;p__Ascomycota;c__Sordariomycetes;o__Hypocreales;f__Bionectriaceae;g__Clonostachys;s__rosea","Fungi","Ascomycota","Sordariomycetes","Hypocreales","Bionectriaceae","Clonostachys","rosea",0,11,0,0,0,0,0,0,0,0
"k__Fungi;p__Ascomycota;c__Sordariomycetes;o__Hypocreales;f__Bionectriaceae;g__Clonostachys;s__rossmaniae","Fungi","Ascomycota","Sordariomycetes","Hypocreales","Bionectriaceae","Clonostachys","rossmaniae",0,0,0,0,0,0,0,0,0,0
"k__Fungi;p__Ascomycota;c__Sordariomycetes;o__Hypocreales;f__Bionectriaceae;g__Geosmithia;s__NA","Fungi","Ascomycota","Sordariomycetes","Hypocreales","Bionectriaceae","Geosmithia",NA,0,0,0,0,0,0,0,0,0,0
"k__Fungi;p__Ascomycota;c__Sordariomycetes;o__Hypocreales;f__Bionectriaceae;g__Gliomastix;s__polychroma","Fungi","Ascomycota","Sordariomycetes","Hypocreales","Bionectriaceae","Gliomastix","polychroma",0,12,0,0,0,0,52,0,0,0
"k__Fungi;p__Ascomycota;c__Sordariomycetes;o__Hypocreales;f__Bionectriaceae;g__Hydropisphaera;s__NA","Fungi","Ascomycota","Sordariomycetes","Hypocreales","Bionectriaceae","Hydropisphaera",NA,0,0,0,0,0,0,0,0,0,0
"k__Fungi;p__Ascomycota;c__Sordariomycetes;o__Hypocreales;f__Bionectriaceae;g__Ijuhya;s__NA","Fungi","Ascomycota","Sordariomycetes","Hypocreales","Bionectriaceae","Ijuhya",NA,0,0,0,0,0,0,0,0,0,0
"k__Fungi;p__Ascomycota;c__Sordariomycetes;o__Hypocreales;f__Bionectriaceae;g__NA;s__NA","Fungi","Ascomycota","Sordariomycetes","Hypocreales","Bionectriaceae",NA,NA,0,0,0,0,0,0,0,0,0,0
"k__Fungi;p__Ascomycota;c__Sordariomycetes;o__Hypocreales;f__Bionectriaceae;g__Nectriopsis;s__broomeana","Fungi","Ascomycota","Sordariomycetes","Hypocreales","Bionectriaceae","Nectriopsis","broomeana",0,0,0,0,0,0,159,0,0,0
"k__Fungi;p__Ascomycota;c__Sordariomycetes;o__Hypocreales;f__Bionectriaceae;g__Stilbocrea;s__NA","Fungi","Ascomycota","Sordariomycetes","Hypocreales","Bionectriaceae","Stilbocrea",NA,0,0,0,0,0,0,0,0,0,0
"k__Fungi;p__Ascomycota;c__Sordariomycetes;o__Hypocreales;f__Clavicipitaceae;g__Atkinsonella;s__hypoxylon","Fungi","Ascomycota","Sordariomycetes","Hypocreales","Clavicipitaceae","Atkinsonella","hypoxylon",0,0,24174,0,0,0,0,492,0,0
"k__Fungi;p__Ascomycota;c__Sordariomycetes;o__Hypocreales;f__Clavicipitaceae;g__Claviceps;s__NA","Fungi","Ascomycota","Sordariomycetes","Hypocreales","Clavicipitaceae","Claviceps",NA,0,0,0,0,0,0,0,0,0,0
"k__Fungi;p__Ascomycota;c__Sordariomycetes;o__Hypocreales;f__Clavicipitaceae;g__Claviceps;s__clavispora","Fungi","Ascomycota","Sordariomycetes","Hypocreales","Clavicipitaceae","Claviceps","clavispora",0,0,0,0,0,0,0,0,0,0
"k__Fungi;p__Ascomycota;c__Sordariomycetes;o__Hypocreales;f__Clavicipitaceae;g__Conoideocrella;s__luteorostrata","Fungi","Ascomycota","Sordariomycetes","Hypocreales","Clavicipitaceae","Conoideocrella","luteorostrata",0,0,0,0,0,0,0,0,0,0
"k__Fungi;p__Ascomycota;c__Sordariomycetes;o__Hypocreales;f__Clavicipitaceae;g__Culicinomyces;s__bisporalis","Fungi","Ascomycota","Sordariomycetes","Hypocreales","Clavicipitaceae","Culicinomyces","bisporalis",0,0,0,0,0,0,0,0,0,0
"k__Fungi;p__Ascomycota;c__Sordariomycetes;o__Hypocreales;f__Clavicipitaceae;g__Metapochonia;s__NA","Fungi","Ascomycota","Sordariomycetes","Hypocreales","Clavicipitaceae","Metapochonia",NA,0,0,0,0,0,0,0,0,0,0
"k__Fungi;p__Ascomycota;c__Sordariomycetes;o__Hypocreales;f__Clavicipitaceae;g__Metarhizium;s__NA","Fungi","Ascomycota","Sordariomycetes","Hypocreales","Clavicipitaceae","Metarhizium",NA,0,0,0,0,0,0,0,0,0,0
"k__Fungi;p__Ascomycota;c__Sordariomycetes;o__Hypocreales;f__Clavicipitaceae;g__Metarhizium;s__anisopliae","Fungi","Ascomycota","Sordariomycetes","Hypocreales","Clavicipitaceae","Metarhizium","anisopliae",0,0,0,0,0,0,0,0,0,0
"k__Fungi;p__Ascomycota;c__Sordariomycetes;o__Hypocreales;f__Clavicipitaceae;g__Metarhizium;s__blattodeae","Fungi","Ascomycota","Sordariomycetes","Hypocreales","Clavicipitaceae","Metarhizium","blattodeae",0,0,0,0,0,0,0,0,0,0
"k__Fungi;p__Ascomycota;c__Sordariomycetes;o__Hypocreales;f__Clavicipitaceae;g__Metarhizium;s__carneum","Fungi","Ascomycota","Sordariomycetes","Hypocreales","Clavicipitaceae","Metarhizium","carneum",0,0,0,0,0,0,0,0,0,0
"k__Fungi;p__Ascomycota;c__Sordariomycetes;o__Hypocreales;f__Clavicipitaceae;g__Metarhizium;s__pemphigi","Fungi","Ascomycota","Sordariomycetes","Hypocreales","Clavicipitaceae","Metarhizium","pemphigi",0,0,0,0,0,0,0,0,0,0
"k__Fungi;p__Ascomycota;c__Sordariomycetes;o__Hypocreales;f__Clavicipitaceae;g__Metarhizium;s__reniforme","Fungi","Ascomycota","Sordariomycetes","Hypocreales","Clavicipitaceae","Metarhizium","reniforme",0,0,0,0,0,0,0,0,0,0
"k__Fungi;p__Ascomycota;c__Sordariomycetes;o__Hypocreales;f__Clavicipitaceae;g__NA;s__NA","Fungi","Ascomycota","Sordariomycetes","Hypocreales","Clavicipitaceae",NA,NA,0,22,84,0,0,0,31,0,0,0
"k__Fungi;p__Ascomycota;c__Sordariomycetes;o__Hypocreales;f__Clavicipitaceae;g__Paecilomyces;s__hepiali","Fungi","Ascomycota","Sordariomycetes","Hypocreales","Clavicipitaceae","Paecilomyces","hepiali",0,0,0,0,0,0,0,0,0,0
"k__Fungi;p__Ascomycota;c__Sordariomycetes;o__Hypocreales;f__Clavicipitaceae;g__Pochonia;s__NA","Fungi","Ascomycota","Sordariomycetes","Hypocreales","Clavicipitaceae","Pochonia",NA,0,0,0,0,0,0,0,0,0,0
"k__Fungi;p__Ascomycota;c__Sordariomycetes;o__Hypocreales;f__Clavicipitaceae;g__Pochonia;s__chlamydosporia","Fungi","Ascomycota","Sordariomycetes","Hypocreales","Clavicipitaceae","Pochonia","chlamydosporia",0,0,0,0,0,0,0,0,0,0
"k__Fungi;p__Ascomycota;c__Sordariomycetes;o__Hypocreales;f__Cordycipitaceae;g__Beauveria;s__NA","Fungi","Ascomycota","Sordariomycetes","Hypocreales","Cordycipitaceae","Beauveria",NA,0,0,0,0,0,0,0,0,0,0
"k__Fungi;p__Ascomycota;c__Sordariomycetes;o__Hypocreales;f__Cordycipitaceae;g__Beauveria;s__australis","Fungi","Ascomycota","Sordariomycetes","Hypocreales","Cordycipitaceae","Beauveria","australis",0,0,0,0,0,0,0,0,0,0
"k__Fungi;p__Ascomycota;c__Sordariomycetes;o__Hypocreales;f__Cordycipitaceae;g__Beauveria;s__bassiana","Fungi","Ascomycota","Sordariomycetes","Hypocreales","Cordycipitaceae","Beauveria","bassiana",0,0,0,0,0,0,0,0,0,0
"k__Fungi;p__Ascomycota;c__Sordariomycetes;o__Hypocreales;f__Cordycipitaceae;g__Beauveria;s__caledonica","Fungi","Ascomycota","Sordariomycetes","Hypocreales","Cordycipitaceae","Beauveria","caledonica",0,0,0,0,0,0,0,0,0,0
"k__Fungi;p__Ascomycota;c__Sordariomycetes;o__Hypocreales;f__Cordycipitaceae;g__Beauveria;s__felina","Fungi","Ascomycota","Sordariomycetes","Hypocreales","Cordycipitaceae","Beauveria","felina",0,0,0,0,0,0,0,0,0,0
"k__Fungi;p__Ascomycota;c__Sordariomycetes;o__Hypocreales;f__Cordycipitaceae;g__Blackwellomyces;s__pseudomilitaris","Fungi","Ascomycota","Sordariomycetes","Hypocreales","Cordycipitaceae","Blackwellomyces","pseudomilitaris",0,0,0,0,0,0,0,0,0,0
"k__Fungi;p__Ascomycota;c__Sordariomycetes;o__Hypocreales;f__Cordycipitaceae;g__Cordyceps;s__fumosorosea","Fungi","Ascomycota","Sordariomycetes","Hypocreales","Cordycipitaceae","Cordyceps","fumosorosea",0,0,0,0,0,0,0,0,0,0
"k__Fungi;p__Ascomycota;c__Sordariomycetes;o__Hypocreales;f__Cordycipitaceae;g__Lecanicillium;s__NA","Fungi","Ascomycota","Sordariomycetes","Hypocreales","Cordycipitaceae","Lecanicillium",NA,0,0,0,0,0,0,0,0,0,0
"k__Fungi;p__Ascomycota;c__Sordariomycetes;o__Hypocreales;f__Cordycipitaceae;g__Lecanicillium;s__dimorphum","Fungi","Ascomycota","Sordariomycetes","Hypocreales","Cordycipitaceae","Lecanicillium","dimorphum",0,0,0,0,0,0,0,0,0,0
"k__Fungi;p__Ascomycota;c__Sordariomycetes;o__Hypocreales;f__Cordycipitaceae;g__Lecanicillium;s__fungicola","Fungi","Ascomycota","Sordariomycetes","Hypocreales","Cordycipitaceae","Lecanicillium","fungicola",0,11,0,0,0,0,61,0,0,0
"k__Fungi;p__Ascomycota;c__Sordariomycetes;o__Hypocreales;f__Cordycipitaceae;g__Lecanicillium;s__fusisporum","Fungi","Ascomycota","Sordariomycetes","Hypocreales","Cordycipitaceae","Lecanicillium","fusisporum",0,0,0,0,0,0,0,0,0,0
"k__Fungi;p__Ascomycota;c__Sordariomycetes;o__Hypocreales;f__Cordycipitaceae;g__Lecanicillium;s__primulinum","Fungi","Ascomycota","Sordariomycetes","Hypocreales","Cordycipitaceae","Lecanicillium","primulinum",0,0,0,0,0,0,0,0,0,0
"k__Fungi;p__Ascomycota;c__Sordariomycetes;o__Hypocreales;f__Cordycipitaceae;g__Lecanicillium;s__psalliotae","Fungi","Ascomycota","Sordariomycetes","Hypocreales","Cordycipitaceae","Lecanicillium","psalliotae",0,0,0,0,0,0,261,0,0,0
"k__Fungi;p__Ascomycota;c__Sordariomycetes;o__Hypocreales;f__Cordycipitaceae;g__Leptobacillium;s__leptobactrum","Fungi","Ascomycota","Sordariomycetes","Hypocreales","Cordycipitaceae","Leptobacillium","leptobactrum",0,0,0,0,0,0,414,0,0,0
"k__Fungi;p__Ascomycota;c__Sordariomycetes;o__Hypocreales;f__Cordycipitaceae;g__NA;s__NA","Fungi","Ascomycota","Sordariomycetes","Hypocreales","Cordycipitaceae",NA,NA,0,0,0,0,0,0,0,0,218,67
"k__Fungi;p__Ascomycota;c__Sordariomycetes;o__Hypocreales;f__Cordycipitaceae;g__Simplicillium;s__NA","Fungi","Ascomycota","Sordariomycetes","Hypocreales","Cordycipitaceae","Simplicillium",NA,0,0,0,0,0,0,0,0,0,0
"k__Fungi;p__Ascomycota;c__Sordariomycetes;o__Hypocreales;f__Cordycipitaceae;g__Simplicillium;s__aogashimaense","Fungi","Ascomycota","Sordariomycetes","Hypocreales","Cordycipitaceae","Simplicillium","aogashimaense",0,0,0,0,0,0,0,0,0,0
"k__Fungi;p__Ascomycota;c__Sordariomycetes;o__Hypocreales;f__Cordycipitaceae;g__Simplicillium;s__lamellicola","Fungi","Ascomycota","Sordariomycetes","Hypocreales","Cordycipitaceae","Simplicillium","lamellicola",0,0,0,0,0,0,0,0,0,0
"k__Fungi;p__Ascomycota;c__Sordariomycetes;o__Hypocreales;f__Cordycipitaceae;g__Simplicillium;s__minatense","Fungi","Ascomycota","Sordariomycetes","Hypocreales","Cordycipitaceae","Simplicillium","minatense",0,0,0,0,0,0,211,0,0,0
"k__Fungi;p__Ascomycota;c__Sordariomycetes;o__Hypocreales;f__Cordycipitaceae;g__Simplicillium;s__subtropicum","Fungi","Ascomycota","Sordariomycetes","Hypocreales","Cordycipitaceae","Simplicillium","subtropicum",0,0,0,0,0,0,124,0,0,0
"k__Fungi;p__Ascomycota;c__Sordariomycetes;o__Hypocreales;f__Cordycipitaceae;g__Simplicillium;s__sympodiophorum","Fungi","Ascomycota","Sordariomycetes","Hypocreales","Cordycipitaceae","Simplicillium","sympodiophorum",0,0,0,0,0,0,0,0,0,0
"k__Fungi;p__Ascomycota;c__Sordariomycetes;o__Hypocreales;f__Hypocreaceae;g__Cladobotryum-Hypomyces;s__NA","Fungi","Ascomycota","Sordariomycetes","Hypocreales","Hypocreaceae","Cladobotryum-Hypomyces",NA,0,0,0,0,0,0,0,0,0,0
"k__Fungi;p__Ascomycota;c__Sordariomycetes;o__Hypocreales;f__Hypocreaceae;g__Cladobotryum-Hypomyces;s__cervinus-soroaense","Fungi","Ascomycota","Sordariomycetes","Hypocreales","Hypocreaceae","Cladobotryum-Hypomyces","cervinus-soroaense",0,0,0,0,0,0,0,0,0,0
"k__Fungi;p__Ascomycota;c__Sordariomycetes;o__Hypocreales;f__Hypocreaceae;g__Cladobotryum;s__protrusum","Fungi","Ascomycota","Sordariomycetes","Hypocreales","Hypocreaceae","Cladobotryum","protrusum",0,0,0,0,0,0,0,0,0,0
"k__Fungi;p__Ascomycota;c__Sordariomycetes;o__Hypocreales;f__Hypocreaceae;g__Escovopsis;s__microspora","Fungi","Ascomycota","Sordariomycetes","Hypocreales","Hypocreaceae","Escovopsis","microspora",0,0,0,0,0,0,0,0,0,0
"k__Fungi;p__Ascomycota;c__Sordariomycetes;o__Hypocreales;f__Hypocreaceae;g__Hypomyces;s__NA","Fungi","Ascomycota","Sordariomycetes","Hypocreales","Hypocreaceae","Hypomyces",NA,0,0,0,0,0,0,0,0,0,0
"k__Fungi;p__Ascomycota;c__Sordariomycetes;o__Hypocreales;f__Hypocreaceae;g__Hypomyces;s__odoratus","Fungi","Ascomycota","Sordariomycetes","Hypocreales","Hypocreaceae","Hypomyces","odoratus",0,0,0,0,0,0,0,0,0,0
"k__Fungi;p__Ascomycota;c__Sordariomycetes;o__Hypocreales;f__Hypocreaceae;g__NA;s__NA","Fungi","Ascomycota","Sordariomycetes","Hypocreales","Hypocreaceae",NA,NA,0,0,0,0,0,0,0,0,0,0
"k__Fungi;p__Ascomycota;c__Sordariomycetes;o__Hypocreales;f__Hypocreaceae;g__Trichoderma;s__NA","Fungi","Ascomycota","Sordariomycetes","Hypocreales","Hypocreaceae","Trichoderma",NA,0,16,54,0,0,0,193,0,0,0
"k__Fungi;p__Ascomycota;c__Sordariomycetes;o__Hypocreales;f__Hypocreaceae;g__Trichoderma;s__amazonicum-pleuroti-rufobrunneum","Fungi","Ascomycota","Sordariomycetes","Hypocreales","Hypocreaceae","Trichoderma","amazonicum-pleuroti-rufobrunneum",0,0,0,0,0,0,0,0,0,0
"k__Fungi;p__Ascomycota;c__Sordariomycetes;o__Hypocreales;f__Hypocreaceae;g__Trichoderma;s__andinense-bissettii-longibrachiatum","Fungi","Ascomycota","Sordariomycetes","Hypocreales","Hypocreaceae","Trichoderma","andinense-bissettii-longibrachiatum",0,0,0,0,0,0,0,0,0,0
"k__Fungi;p__Ascomycota;c__Sordariomycetes;o__Hypocreales;f__Hypocreaceae;g__Trichoderma;s__arundinaceum-turrialbense","Fungi","Ascomycota","Sordariomycetes","Hypocreales","Hypocreaceae","Trichoderma","arundinaceum-turrialbense",0,0,0,0,0,0,0,0,0,0
"k__Fungi;p__Ascomycota;c__Sordariomycetes;o__Hypocreales;f__Hypocreaceae;g__Trichoderma;s__bissettii-longibrachiatum","Fungi","Ascomycota","Sordariomycetes","Hypocreales","Hypocreaceae","Trichoderma","bissettii-longibrachiatum",0,0,0,0,0,0,0,0,0,0
"k__Fungi;p__Ascomycota;c__Sordariomycetes;o__Hypocreales;f__Hypocreaceae;g__Trichoderma;s__citrinum","Fungi","Ascomycota","Sordariomycetes","Hypocreales","Hypocreaceae","Trichoderma","citrinum",0,0,0,0,0,0,0,0,0,0
"k__Fungi;p__Ascomycota;c__Sordariomycetes;o__Hypocreales;f__Hypocreaceae;g__Trichoderma;s__delicatulum","Fungi","Ascomycota","Sordariomycetes","Hypocreales","Hypocreaceae","Trichoderma","delicatulum",0,0,0,0,0,0,0,0,0,0
"k__Fungi;p__Ascomycota;c__Sordariomycetes;o__Hypocreales;f__Hypocreaceae;g__Trichoderma;s__effusum-konilangbra-saturnisporum","Fungi","Ascomycota","Sordariomycetes","Hypocreales","Hypocreaceae","Trichoderma","effusum-konilangbra-saturnisporum",0,0,37,0,0,0,0,0,0,0
"k__Fungi;p__Ascomycota;c__Sordariomycetes;o__Hypocreales;f__Hypocreaceae;g__Trichoderma;s__lixii","Fungi","Ascomycota","Sordariomycetes","Hypocreales","Hypocreaceae","Trichoderma","lixii",0,0,0,0,0,0,0,0,0,0
"k__Fungi;p__Ascomycota;c__Sordariomycetes;o__Hypocreales;f__Hypocreaceae;g__Trichoderma;s__longipilis-spirale","Fungi","Ascomycota","Sordariomycetes","Hypocreales","Hypocreaceae","Trichoderma","longipilis-spirale",0,23,0,0,0,0,19,0,0,0
"k__Fungi;p__Ascomycota;c__Sordariomycetes;o__Hypocreales;f__Hypocreaceae;g__Trichoderma;s__simmonsii","Fungi","Ascomycota","Sordariomycetes","Hypocreales","Hypocreaceae","Trichoderma","simmonsii",0,16,0,0,0,0,0,0,0,0
"k__Fungi;p__Ascomycota;c__Sordariomycetes;o__Hypocreales;f__Hypocreaceae;g__Trichoderma;s__strigosellum","Fungi","Ascomycota","Sordariomycetes","Hypocreales","Hypocreaceae","Trichoderma","strigosellum",0,0,0,0,0,0,0,0,0,0
"k__Fungi;p__Ascomycota;c__Sordariomycetes;o__Hypocreales;f__Hypocreaceae;g__Trichoderma;s__strigosum","Fungi","Ascomycota","Sordariomycetes","Hypocreales","Hypocreaceae","Trichoderma","strigosum",0,0,0,0,0,0,0,0,0,0
"k__Fungi;p__Ascomycota;c__Sordariomycetes;o__Hypocreales;f__Hypocreales_fam_Incertae_sedis;g__NA;s__NA","Fungi","Ascomycota","Sordariomycetes","Hypocreales","Hypocreales_fam_Incertae_sedis",NA,NA,0,0,0,0,0,0,0,0,0,0
"k__Fungi;p__Ascomycota;c__Sordariomycetes;o__Hypocreales;f__NA;g__Acremonium-Emericellopsis;s__NA","Fungi","Ascomycota","Sordariomycetes","Hypocreales",NA,"Acremonium-Emericellopsis",NA,0,0,0,0,0,0,0,0,0,0
"k__Fungi;p__Ascomycota;c__Sordariomycetes;o__Hypocreales;f__NA;g__Acremonium;s__acutatum","Fungi","Ascomycota","Sordariomycetes","Hypocreales",NA,"Acremonium","acutatum",0,0,0,0,0,0,0,0,30,0
"k__Fungi;p__Ascomycota;c__Sordariomycetes;o__Hypocreales;f__NA;g__Acremonium;s__alternatum-egyptiacum-sclerotigenum","Fungi","Ascomycota","Sordariomycetes","Hypocreales",NA,"Acremonium","alternatum-egyptiacum-sclerotigenum",0,0,0,0,0,0,0,0,0,0
"k__Fungi;p__Ascomycota;c__Sordariomycetes;o__Hypocreales;f__NA;g__Acremonium;s__brachypenium","Fungi","Ascomycota","Sordariomycetes","Hypocreales",NA,"Acremonium","brachypenium",0,0,0,0,0,0,0,0,29,0
"k__Fungi;p__Ascomycota;c__Sordariomycetes;o__Hypocreales;f__NA;g__Acremonium;s__cavaraeanum","Fungi","Ascomycota","Sordariomycetes","Hypocreales",NA,"Acremonium","cavaraeanum",0,0,0,0,0,0,0,0,0,0
"k__Fungi;p__Ascomycota;c__Sordariomycetes;o__Hypocreales;f__NA;g__Acremonium;s__charticola","Fungi","Ascomycota","Sordariomycetes","Hypocreales",NA,"Acremonium","charticola",0,0,0,0,0,0,0,0,0,0
"k__Fungi;p__Ascomycota;c__Sordariomycetes;o__Hypocreales;f__NA;g__Acremonium;s__chrysogenum","Fungi","Ascomycota","Sordariomycetes","Hypocreales",NA,"Acremonium","chrysogenum",0,0,0,0,0,0,0,0,0,0
"k__Fungi;p__Ascomycota;c__Sordariomycetes;o__Hypocreales;f__NA;g__Acremonium;s__citrinum","Fungi","Ascomycota","Sordariomycetes","Hypocreales",NA,"Acremonium","citrinum",0,0,0,0,0,0,0,0,0,0
"k__Fungi;p__Ascomycota;c__Sordariomycetes;o__Hypocreales;f__NA;g__Acremonium;s__fusidioides","Fungi","Ascomycota","Sordariomycetes","Hypocreales",NA,"Acremonium","fusidioides",0,0,19,0,0,0,0,0,0,0
"k__Fungi;p__Ascomycota;c__Sordariomycetes;o__Hypocreales;f__NA;g__Acremonium;s__fusidioides-hansfordii","Fungi","Ascomycota","Sordariomycetes","Hypocreales",NA,"Acremonium","fusidioides-hansfordii",0,0,0,0,0,0,0,0,0,0
"k__Fungi;p__Ascomycota;c__Sordariomycetes;o__Hypocreales;f__NA;g__Acremonium;s__hennebertii","Fungi","Ascomycota","Sordariomycetes","Hypocreales",NA,"Acremonium","hennebertii",0,0,0,0,0,0,0,0,0,0
"k__Fungi;p__Ascomycota;c__Sordariomycetes;o__Hypocreales;f__NA;g__Acremonium;s__hyalinulum","Fungi","Ascomycota","Sordariomycetes","Hypocreales",NA,"Acremonium","hyalinulum",0,0,0,0,0,0,0,0,0,0
"k__Fungi;p__Ascomycota;c__Sordariomycetes;o__Hypocreales;f__NA;g__Acremonium;s__persicinum","Fungi","Ascomycota","Sordariomycetes","Hypocreales",NA,"Acremonium","persicinum",0,0,74,0,0,15,0,0,0,0
"k__Fungi;p__Ascomycota;c__Sordariomycetes;o__Hypocreales;f__NA;g__Acremonium;s__rutilum","Fungi","Ascomycota","Sordariomycetes","Hypocreales",NA,"Acremonium","rutilum",0,0,0,0,0,0,0,0,0,0
"k__Fungi;p__Ascomycota;c__Sordariomycetes;o__Hypocreales;f__NA;g__Acremonium;s__spinosum","Fungi","Ascomycota","Sordariomycetes","Hypocreales",NA,"Acremonium","spinosum",0,0,0,0,0,0,0,0,0,0
"k__Fungi;p__Ascomycota;c__Sordariomycetes;o__Hypocreales;f__NA;g__Acremonium;s__variecolor","Fungi","Ascomycota","Sordariomycetes","Hypocreales",NA,"Acremonium","variecolor",0,13,0,0,0,0,0,0,0,0
"k__Fungi;p__Ascomycota;c__Sordariomycetes;o__Hypocreales;f__NA;g__Acremonium;s__vitellinum","Fungi","Ascomycota","Sordariomycetes","Hypocreales",NA,"Acremonium","vitellinum",0,0,0,0,0,0,0,0,0,0
"k__Fungi;p__Ascomycota;c__Sordariomycetes;o__Hypocreales;f__NA;g__Calcarisporium;s__arbuscula","Fungi","Ascomycota","Sordariomycetes","Hypocreales",NA,"Calcarisporium","arbuscula",0,0,0,0,0,0,0,0,0,0
"k__Fungi;p__Ascomycota;c__Sordariomycetes;o__Hypocreales;f__NA;g__Calcarisporium;s__cordycipiticola","Fungi","Ascomycota","Sordariomycetes","Hypocreales",NA,"Calcarisporium","cordycipiticola",0,0,0,0,0,0,0,0,0,0
"k__Fungi;p__Ascomycota;c__Sordariomycetes;o__Hypocreales;f__NA;g__Cephalosporium;s__gramineum","Fungi","Ascomycota","Sordariomycetes","Hypocreales",NA,"Cephalosporium","gramineum",0,0,0,0,0,0,0,0,0,0
"k__Fungi;p__Ascomycota;c__Sordariomycetes;o__Hypocreales;f__NA;g__Cylindrium;s__elongatum","Fungi","Ascomycota","Sordariomycetes","Hypocreales",NA,"Cylindrium","elongatum",0,0,0,0,0,0,0,0,0,0
"k__Fungi;p__Ascomycota;c__Sordariomycetes;o__Hypocreales;f__NA;g__Cylindrium;s__purgamentum","Fungi","Ascomycota","Sordariomycetes","Hypocreales",NA,"Cylindrium","purgamentum",0,0,0,0,0,0,0,0,0,0
"k__Fungi;p__Ascomycota;c__Sordariomycetes;o__Hypocreales;f__NA;g__Eucasphaeria;s__NA","Fungi","Ascomycota","Sordariomycetes","Hypocreales",NA,"Eucasphaeria",NA,0,0,0,0,0,0,0,0,0,0
"k__Fungi;p__Ascomycota;c__Sordariomycetes;o__Hypocreales;f__NA;g__NA;s__NA","Fungi","Ascomycota","Sordariomycetes","Hypocreales",NA,NA,NA,0,0,0,0,0,149,11,0,0,0
"k__Fungi;p__Ascomycota;c__Sordariomycetes;o__Hypocreales;f__NA;g__Stilbella;s__NA","Fungi","Ascomycota","Sordariomycetes","Hypocreales",NA,"Stilbella",NA,0,24,0,0,0,0,84,0,0,0
"k__Fungi;p__Ascomycota;c__Sordariomycetes;o__Hypocreales;f__NA;g__Trichothecium;s__roseum","Fungi","Ascomycota","Sordariomycetes","Hypocreales",NA,"Trichothecium","roseum",0,0,0,0,0,120,0,0,0,0
"k__Fungi;p__Ascomycota;c__Sordariomycetes;o__Hypocreales;f__Nectriaceae;g__Acremoniopsis;s__suttonii","Fungi","Ascomycota","Sordariomycetes","Hypocreales","Nectriaceae","Acremoniopsis","suttonii",0,33,0,0,0,0,0,0,0,0
"k__Fungi;p__Ascomycota;c__Sordariomycetes;o__Hypocreales;f__Nectriaceae;g__Cosmospora-Pseudocosmospora;s__cymosa-vilior","Fungi","Ascomycota","Sordariomycetes","Hypocreales","Nectriaceae","Cosmospora-Pseudocosmospora","cymosa-vilior",0,0,0,0,0,0,0,0,0,0
"k__Fungi;p__Ascomycota;c__Sordariomycetes;o__Hypocreales;f__Nectriaceae;g__Cosmospora-Pseudocosmospora;s__vilior","Fungi","Ascomycota","Sordariomycetes","Hypocreales","Nectriaceae","Cosmospora-Pseudocosmospora","vilior",0,0,0,0,0,0,0,0,0,0
"k__Fungi;p__Ascomycota;c__Sordariomycetes;o__Hypocreales;f__Nectriaceae;g__Cosmospora;s__viridescens","Fungi","Ascomycota","Sordariomycetes","Hypocreales","Nectriaceae","Cosmospora","viridescens",0,0,0,0,0,0,0,0,0,0
"k__Fungi;p__Ascomycota;c__Sordariomycetes;o__Hypocreales;f__Nectriaceae;g__Cylindrocarpon-Dactylonectria;s__macrodidyma","Fungi","Ascomycota","Sordariomycetes","Hypocreales","Nectriaceae","Cylindrocarpon-Dactylonectria","macrodidyma",0,0,0,0,0,0,0,0,0,0
"k__Fungi;p__Ascomycota;c__Sordariomycetes;o__Hypocreales;f__Nectriaceae;g__Cylindrocarpostylus;s__gregarius","Fungi","Ascomycota","Sordariomycetes","Hypocreales","Nectriaceae","Cylindrocarpostylus","gregarius",0,0,0,0,0,0,30,0,0,0
"k__Fungi;p__Ascomycota;c__Sordariomycetes;o__Hypocreales;f__Nectriaceae;g__Fusarium;s__NA","Fungi","Ascomycota","Sordariomycetes","Hypocreales","Nectriaceae","Fusarium",NA,360,0,9507,54,0,207,0,264,0,198
"k__Fungi;p__Ascomycota;c__Sordariomycetes;o__Hypocreales;f__Nectriaceae;g__Fusarium;s__albosuccineum-decemcellulare","Fungi","Ascomycota","Sordariomycetes","Hypocreales","Nectriaceae","Fusarium","albosuccineum-decemcellulare",0,0,0,0,0,0,0,0,0,0
"k__Fungi;p__Ascomycota;c__Sordariomycetes;o__Hypocreales;f__Nectriaceae;g__Fusarium;s__armeniacum","Fungi","Ascomycota","Sordariomycetes","Hypocreales","Nectriaceae","Fusarium","armeniacum",0,0,0,28,0,0,0,0,0,0
"k__Fungi;p__Ascomycota;c__Sordariomycetes;o__Hypocreales;f__Nectriaceae;g__Fusarium;s__armeniacum-sporotrichioides","Fungi","Ascomycota","Sordariomycetes","Hypocreales","Nectriaceae","Fusarium","armeniacum-sporotrichioides",0,0,0,0,0,96,0,0,61,0
"k__Fungi;p__Ascomycota;c__Sordariomycetes;o__Hypocreales;f__Nectriaceae;g__Fusarium;s__avenaceum-tricinctum","Fungi","Ascomycota","Sordariomycetes","Hypocreales","Nectriaceae","Fusarium","avenaceum-tricinctum",0,0,0,0,0,0,0,0,0,0
"k__Fungi;p__Ascomycota;c__Sordariomycetes;o__Hypocreales;f__Nectriaceae;g__Fusarium;s__begoniae","Fungi","Ascomycota","Sordariomycetes","Hypocreales","Nectriaceae","Fusarium","begoniae",0,0,0,0,0,40,0,0,0,0
"k__Fungi;p__Ascomycota;c__Sordariomycetes;o__Hypocreales;f__Nectriaceae;g__Fusarium;s__cyanescens","Fungi","Ascomycota","Sordariomycetes","Hypocreales","Nectriaceae","Fusarium","cyanescens",0,24,0,0,0,0,28,0,0,0
"k__Fungi;p__Ascomycota;c__Sordariomycetes;o__Hypocreales;f__Nectriaceae;g__Fusarium;s__cyanostomum","Fungi","Ascomycota","Sordariomycetes","Hypocreales","Nectriaceae","Fusarium","cyanostomum",0,0,0,0,0,0,0,0,0,0
"k__Fungi;p__Ascomycota;c__Sordariomycetes;o__Hypocreales;f__Nectriaceae;g__Fusarium;s__delphinoides-nectrioides","Fungi","Ascomycota","Sordariomycetes","Hypocreales","Nectriaceae","Fusarium","delphinoides-nectrioides",0,0,0,0,0,0,0,0,0,0
"k__Fungi;p__Ascomycota;c__Sordariomycetes;o__Hypocreales;f__Nectriaceae;g__Fusarium;s__dimerum","Fungi","Ascomycota","Sordariomycetes","Hypocreales","Nectriaceae","Fusarium","dimerum",0,0,0,0,0,0,0,0,0,0
"k__Fungi;p__Ascomycota;c__Sordariomycetes;o__Hypocreales;f__Nectriaceae;g__Fusarium;s__equiseti","Fungi","Ascomycota","Sordariomycetes","Hypocreales","Nectriaceae","Fusarium","equiseti",0,0,0,0,0,0,0,0,0,33
"k__Fungi;p__Ascomycota;c__Sordariomycetes;o__Hypocreales;f__Nectriaceae;g__Fusarium;s__falciforme-solani","Fungi","Ascomycota","Sordariomycetes","Hypocreales","Nectriaceae","Fusarium","falciforme-solani",0,0,0,0,0,0,0,0,0,0
"k__Fungi;p__Ascomycota;c__Sordariomycetes;o__Hypocreales;f__Nectriaceae;g__Fusarium;s__keratoplasticum-solani","Fungi","Ascomycota","Sordariomycetes","Hypocreales","Nectriaceae","Fusarium","keratoplasticum-solani",0,0,0,0,0,0,0,0,36,0
"k__Fungi;p__Ascomycota;c__Sordariomycetes;o__Hypocreales;f__Nectriaceae;g__Fusarium;s__lunatum","Fungi","Ascomycota","Sordariomycetes","Hypocreales","Nectriaceae","Fusarium","lunatum",0,0,0,0,0,0,0,0,0,0
"k__Fungi;p__Ascomycota;c__Sordariomycetes;o__Hypocreales;f__Nectriaceae;g__Fusarium;s__merismoides","Fungi","Ascomycota","Sordariomycetes","Hypocreales","Nectriaceae","Fusarium","merismoides",0,0,0,0,0,0,0,0,0,0
"k__Fungi;p__Ascomycota;c__Sordariomycetes;o__Hypocreales;f__Nectriaceae;g__Fusarium;s__nelsonii","Fungi","Ascomycota","Sordariomycetes","Hypocreales","Nectriaceae","Fusarium","nelsonii",0,0,0,0,0,0,0,0,0,0
"k__Fungi;p__Ascomycota;c__Sordariomycetes;o__Hypocreales;f__Nectriaceae;g__Fusarium;s__oxysporum","Fungi","Ascomycota","Sordariomycetes","Hypocreales","Nectriaceae","Fusarium","oxysporum",0,0,0,0,0,0,0,0,0,0
"k__Fungi;p__Ascomycota;c__Sordariomycetes;o__Hypocreales;f__Nectriaceae;g__Fusarium;s__poae","Fungi","Ascomycota","Sordariomycetes","Hypocreales","Nectriaceae","Fusarium","poae",0,0,0,0,0,0,0,0,0,0
"k__Fungi;p__Ascomycota;c__Sordariomycetes;o__Hypocreales;f__Nectriaceae;g__Fusarium;s__redolens-sublunatum-tricinctum","Fungi","Ascomycota","Sordariomycetes","Hypocreales","Nectriaceae","Fusarium","redolens-sublunatum-tricinctum",0,0,0,0,0,16,0,0,0,0
"k__Fungi;p__Ascomycota;c__Sordariomycetes;o__Hypocreales;f__Nectriaceae;g__Fusarium;s__solani","Fungi","Ascomycota","Sordariomycetes","Hypocreales","Nectriaceae","Fusarium","solani",0,0,0,0,0,0,0,0,0,0
"k__Fungi;p__Ascomycota;c__Sordariomycetes;o__Hypocreales;f__Nectriaceae;g__Fusicolla;s__NA","Fungi","Ascomycota","Sordariomycetes","Hypocreales","Nectriaceae","Fusicolla",NA,0,0,0,0,0,0,0,0,0,0
"k__Fungi;p__Ascomycota;c__Sordariomycetes;o__Hypocreales;f__Nectriaceae;g__Fusidium;s__NA","Fungi","Ascomycota","Sordariomycetes","Hypocreales","Nectriaceae","Fusidium",NA,0,0,0,0,0,0,0,0,0,0
"k__Fungi;p__Ascomycota;c__Sordariomycetes;o__Hypocreales;f__Nectriaceae;g__Gliocephalotrichum;s__bulbilium","Fungi","Ascomycota","Sordariomycetes","Hypocreales","Nectriaceae","Gliocephalotrichum","bulbilium",0,0,0,0,0,0,0,0,0,0
"k__Fungi;p__Ascomycota;c__Sordariomycetes;o__Hypocreales;f__Nectriaceae;g__Lasionectria;s__lecanodes","Fungi","Ascomycota","Sordariomycetes","Hypocreales","Nectriaceae","Lasionectria","lecanodes",0,0,0,0,0,0,0,0,0,0
"k__Fungi;p__Ascomycota;c__Sordariomycetes;o__Hypocreales;f__Nectriaceae;g__Mariannaea;s__pinicola","Fungi","Ascomycota","Sordariomycetes","Hypocreales","Nectriaceae","Mariannaea","pinicola",0,0,0,0,0,0,0,0,0,0
"k__Fungi;p__Ascomycota;c__Sordariomycetes;o__Hypocreales;f__Nectriaceae;g__Mariannaea;s__superimposita","Fungi","Ascomycota","Sordariomycetes","Hypocreales","Nectriaceae","Mariannaea","superimposita",0,0,0,0,0,0,0,0,0,0
"k__Fungi;p__Ascomycota;c__Sordariomycetes;o__Hypocreales;f__Nectriaceae;g__Microcera;s__rubra","Fungi","Ascomycota","Sordariomycetes","Hypocreales","Nectriaceae","Microcera","rubra",0,0,0,0,0,0,0,0,0,0
"k__Fungi;p__Ascomycota;c__Sordariomycetes;o__Hypocreales;f__Nectriaceae;g__NA;s__NA","Fungi","Ascomycota","Sordariomycetes","Hypocreales","Nectriaceae",NA,NA,0,0,0,0,0,0,0,0,0,0
"k__Fungi;p__Ascomycota;c__Sordariomycetes;o__Hypocreales;f__Nectriaceae;g__Nectria;s__NA","Fungi","Ascomycota","Sordariomycetes","Hypocreales","Nectriaceae","Nectria",NA,0,0,0,0,0,0,61,0,0,0
"k__Fungi;p__Ascomycota;c__Sordariomycetes;o__Hypocreales;f__Nectriaceae;g__Nectria;s__bactridioides","Fungi","Ascomycota","Sordariomycetes","Hypocreales","Nectriaceae","Nectria","bactridioides",0,0,0,0,0,0,0,0,0,0
"k__Fungi;p__Ascomycota;c__Sordariomycetes;o__Hypocreales;f__Nectriaceae;g__Nectria;s__balansae","Fungi","Ascomycota","Sordariomycetes","Hypocreales","Nectriaceae","Nectria","balansae",0,0,14,0,0,0,0,0,0,0
"k__Fungi;p__Ascomycota;c__Sordariomycetes;o__Hypocreales;f__Nectriaceae;g__Neonectria;s__major","Fungi","Ascomycota","Sordariomycetes","Hypocreales","Nectriaceae","Neonectria","major",0,0,0,0,0,0,0,0,0,0
"k__Fungi;p__Ascomycota;c__Sordariomycetes;o__Hypocreales;f__Nectriaceae;g__Sarcopodium;s__circinatum","Fungi","Ascomycota","Sordariomycetes","Hypocreales","Nectriaceae","Sarcopodium","circinatum",0,0,0,0,0,0,0,0,0,0
"k__Fungi;p__Ascomycota;c__Sordariomycetes;o__Hypocreales;f__Nectriaceae;g__Stylonectria;s__norvegica","Fungi","Ascomycota","Sordariomycetes","Hypocreales","Nectriaceae","Stylonectria","norvegica",0,0,0,0,0,0,0,0,0,0
"k__Fungi;p__Ascomycota;c__Sordariomycetes;o__Hypocreales;f__Nectriaceae;g__Thyronectria;s__NA","Fungi","Ascomycota","Sordariomycetes","Hypocreales","Nectriaceae","Thyronectria",NA,0,0,0,0,0,0,0,0,0,0
"k__Fungi;p__Ascomycota;c__Sordariomycetes;o__Hypocreales;f__Nectriaceae;g__Volutella;s__NA","Fungi","Ascomycota","Sordariomycetes","Hypocreales","Nectriaceae","Volutella",NA,0,0,0,0,0,0,0,0,0,0
"k__Fungi;p__Ascomycota;c__Sordariomycetes;o__Hypocreales;f__Nectriaceae;g__Xenoacremonium;s__falcatum","Fungi","Ascomycota","Sordariomycetes","Hypocreales","Nectriaceae","Xenoacremonium","falcatum",0,0,0,0,0,0,0,0,0,0
"k__Fungi;p__Ascomycota;c__Sordariomycetes;o__Hypocreales;f__Nectriaceae;g__Xenoacremonium;s__recifei","Fungi","Ascomycota","Sordariomycetes","Hypocreales","Nectriaceae","Xenoacremonium","recifei",0,0,0,0,0,0,0,0,0,0
"k__Fungi;p__Ascomycota;c__Sordariomycetes;o__Hypocreales;f__Niessliaceae;g__Monocillium;s__arctiicola","Fungi","Ascomycota","Sordariomycetes","Hypocreales","Niessliaceae","Monocillium","arctiicola",0,0,0,0,0,0,0,0,0,0
"k__Fungi;p__Ascomycota;c__Sordariomycetes;o__Hypocreales;f__Niessliaceae;g__Monocillium;s__dimorphosporum","Fungi","Ascomycota","Sordariomycetes","Hypocreales","Niessliaceae","Monocillium","dimorphosporum",0,0,0,0,0,0,0,0,0,0
"k__Fungi;p__Ascomycota;c__Sordariomycetes;o__Hypocreales;f__Niessliaceae;g__Monocillium;s__loricatum","Fungi","Ascomycota","Sordariomycetes","Hypocreales","Niessliaceae","Monocillium","loricatum",0,0,0,0,0,0,0,0,0,0
"k__Fungi;p__Ascomycota;c__Sordariomycetes;o__Hypocreales;f__Niessliaceae;g__Monocillium;s__mucidum","Fungi","Ascomycota","Sordariomycetes","Hypocreales","Niessliaceae","Monocillium","mucidum",0,0,0,0,0,0,0,0,0,0
"k__Fungi;p__Ascomycota;c__Sordariomycetes;o__Hypocreales;f__Niessliaceae;g__Niesslia;s__NA","Fungi","Ascomycota","Sordariomycetes","Hypocreales","Niessliaceae","Niesslia",NA,0,0,0,0,0,0,0,0,0,0
"k__Fungi;p__Ascomycota;c__Sordariomycetes;o__Hypocreales;f__Niessliaceae;g__Niesslia;s__exilis","Fungi","Ascomycota","Sordariomycetes","Hypocreales","Niessliaceae","Niesslia","exilis",0,0,0,0,0,0,0,0,0,0
"k__Fungi;p__Ascomycota;c__Sordariomycetes;o__Hypocreales;f__Ophiocordycipitaceae;g__Hirsutella;s__thompsonii","Fungi","Ascomycota","Sordariomycetes","Hypocreales","Ophiocordycipitaceae","Hirsutella","thompsonii",0,0,0,0,0,0,0,0,0,0
"k__Fungi;p__Ascomycota;c__Sordariomycetes;o__Hypocreales;f__Ophiocordycipitaceae;g__Ophiocordyceps;s__macroacicularis","Fungi","Ascomycota","Sordariomycetes","Hypocreales","Ophiocordycipitaceae","Ophiocordyceps","macroacicularis",0,0,0,0,0,0,0,0,0,0
"k__Fungi;p__Ascomycota;c__Sordariomycetes;o__Hypocreales;f__Ophiocordycipitaceae;g__Purpureocillium;s__lilacinum","Fungi","Ascomycota","Sordariomycetes","Hypocreales","Ophiocordycipitaceae","Purpureocillium","lilacinum",0,11,12,0,0,0,173,0,0,0
"k__Fungi;p__Ascomycota;c__Sordariomycetes;o__Hypocreales;f__Ophiocordycipitaceae;g__Tolypocladium;s__NA","Fungi","Ascomycota","Sordariomycetes","Hypocreales","Ophiocordycipitaceae","Tolypocladium",NA,0,0,0,0,0,0,22,0,0,0
"k__Fungi;p__Ascomycota;c__Sordariomycetes;o__Hypocreales;f__Ophiocordycipitaceae;g__Tolypocladium;s__inflatum","Fungi","Ascomycota","Sordariomycetes","Hypocreales","Ophiocordycipitaceae","Tolypocladium","inflatum",0,0,0,0,0,0,0,0,0,0
"k__Fungi;p__Ascomycota;c__Sordariomycetes;o__Hypocreales;f__Sarocladiaceae;g__Sarocladium;s__NA","Fungi","Ascomycota","Sordariomycetes","Hypocreales","Sarocladiaceae","Sarocladium",NA,0,0,0,0,0,0,0,0,0,0
"k__Fungi;p__Ascomycota;c__Sordariomycetes;o__Hypocreales;f__Sarocladiaceae;g__Sarocladium;s__bacillisporum","Fungi","Ascomycota","Sordariomycetes","Hypocreales","Sarocladiaceae","Sarocladium","bacillisporum",0,0,0,0,0,0,0,0,0,0
"k__Fungi;p__Ascomycota;c__Sordariomycetes;o__Hypocreales;f__Sarocladiaceae;g__Sarocladium;s__bactrocephalum-strictum","Fungi","Ascomycota","Sordariomycetes","Hypocreales","Sarocladiaceae","Sarocladium","bactrocephalum-strictum",0,0,0,0,0,0,0,0,0,0
"k__Fungi;p__Ascomycota;c__Sordariomycetes;o__Hypocreales;f__Sarocladiaceae;g__Sarocladium;s__bifurcatum","Fungi","Ascomycota","Sordariomycetes","Hypocreales","Sarocladiaceae","Sarocladium","bifurcatum",0,0,0,0,0,0,0,0,0,0
"k__Fungi;p__Ascomycota;c__Sordariomycetes;o__Hypocreales;f__Sarocladiaceae;g__Sarocladium;s__bifurcatum-glaucum","Fungi","Ascomycota","Sordariomycetes","Hypocreales","Sarocladiaceae","Sarocladium","bifurcatum-glaucum",0,0,0,0,0,0,0,0,0,0
"k__Fungi;p__Ascomycota;c__Sordariomycetes;o__Hypocreales;f__Sarocladiaceae;g__Sarocladium;s__hominis","Fungi","Ascomycota","Sordariomycetes","Hypocreales","Sarocladiaceae","Sarocladium","hominis",0,0,0,0,0,0,0,0,0,0
"k__Fungi;p__Ascomycota;c__Sordariomycetes;o__Hypocreales;f__Sarocladiaceae;g__Sarocladium;s__implicatum-subulatum-terricola","Fungi","Ascomycota","Sordariomycetes","Hypocreales","Sarocladiaceae","Sarocladium","implicatum-subulatum-terricola",0,0,0,0,0,0,0,0,0,0
"k__Fungi;p__Ascomycota;c__Sordariomycetes;o__Hypocreales;f__Sarocladiaceae;g__Sarocladium;s__kiliense","Fungi","Ascomycota","Sordariomycetes","Hypocreales","Sarocladiaceae","Sarocladium","kiliense",0,0,0,0,0,0,21,0,0,0
"k__Fungi;p__Ascomycota;c__Sordariomycetes;o__Hypocreales;f__Sarocladiaceae;g__Sarocladium;s__ochraceum","Fungi","Ascomycota","Sordariomycetes","Hypocreales","Sarocladiaceae","Sarocladium","ochraceum",0,0,0,0,0,0,0,0,0,0
"k__Fungi;p__Ascomycota;c__Sordariomycetes;o__Hypocreales;f__Sarocladiaceae;g__Sarocladium;s__pseudostrictum","Fungi","Ascomycota","Sordariomycetes","Hypocreales","Sarocladiaceae","Sarocladium","pseudostrictum",0,0,0,0,0,0,0,0,0,0
"k__Fungi;p__Ascomycota;c__Sordariomycetes;o__Hypocreales;f__Sarocladiaceae;g__Sarocladium;s__spinificis","Fungi","Ascomycota","Sordariomycetes","Hypocreales","Sarocladiaceae","Sarocladium","spinificis",0,0,0,0,0,0,0,0,0,0
"k__Fungi;p__Ascomycota;c__Sordariomycetes;o__Hypocreales;f__Sarocladiaceae;g__Sarocladium;s__strictum","Fungi","Ascomycota","Sordariomycetes","Hypocreales","Sarocladiaceae","Sarocladium","strictum",0,0,67,0,0,0,0,0,0,68
"k__Fungi;p__Ascomycota;c__Sordariomycetes;o__Hypocreales;f__Sarocladiaceae;g__Sarocladium;s__zeae","Fungi","Ascomycota","Sordariomycetes","Hypocreales","Sarocladiaceae","Sarocladium","zeae",0,0,0,0,0,0,0,0,0,0
"k__Fungi;p__Ascomycota;c__Sordariomycetes;o__Hypocreales;f__Stachybotryaceae;g__Achroiostachys;s__saccharicola","Fungi","Ascomycota","Sordariomycetes","Hypocreales","Stachybotryaceae","Achroiostachys","saccharicola",0,0,43,0,0,0,0,141,0,0
"k__Fungi;p__Ascomycota;c__Sordariomycetes;o__Hypocreales;f__Stachybotryaceae;g__Alfaria;s__acaciae","Fungi","Ascomycota","Sordariomycetes","Hypocreales","Stachybotryaceae","Alfaria","acaciae",0,0,0,0,0,0,0,0,0,0
"k__Fungi;p__Ascomycota;c__Sordariomycetes;o__Hypocreales;f__Stachybotryaceae;g__Alfaria;s__ossiformis","Fungi","Ascomycota","Sordariomycetes","Hypocreales","Stachybotryaceae","Alfaria","ossiformis",0,0,0,0,0,0,0,0,0,0
"k__Fungi;p__Ascomycota;c__Sordariomycetes;o__Hypocreales;f__Stachybotryaceae;g__Melanopsamma;s__pomiformis","Fungi","Ascomycota","Sordariomycetes","Hypocreales","Stachybotryaceae","Melanopsamma","pomiformis",0,0,0,0,0,0,0,0,0,0
"k__Fungi;p__Ascomycota;c__Sordariomycetes;o__Hypocreales;f__Stachybotryaceae;g__Memnoniella;s__ellipsoidea","Fungi","Ascomycota","Sordariomycetes","Hypocreales","Stachybotryaceae","Memnoniella","ellipsoidea",0,0,0,0,0,0,0,0,0,0
"k__Fungi;p__Ascomycota;c__Sordariomycetes;o__Hypocreales;f__Stachybotryaceae;g__Myrothecium;s__NA","Fungi","Ascomycota","Sordariomycetes","Hypocreales","Stachybotryaceae","Myrothecium",NA,0,0,0,0,0,0,0,0,0,0
"k__Fungi;p__Ascomycota;c__Sordariomycetes;o__Hypocreales;f__Stachybotryaceae;g__Myrothecium;s__gramineum","Fungi","Ascomycota","Sordariomycetes","Hypocreales","Stachybotryaceae","Myrothecium","gramineum",0,0,45,0,0,0,0,0,0,0
"k__Fungi;p__Ascomycota;c__Sordariomycetes;o__Hypocreales;f__Stachybotryaceae;g__Myxospora;s__crassiseta","Fungi","Ascomycota","Sordariomycetes","Hypocreales","Stachybotryaceae","Myxospora","crassiseta",0,0,0,0,0,0,0,0,0,0
"k__Fungi;p__Ascomycota;c__Sordariomycetes;o__Hypocreales;f__Stachybotryaceae;g__NA;s__NA","Fungi","Ascomycota","Sordariomycetes","Hypocreales","Stachybotryaceae",NA,NA,0,0,518,1222,0,0,41,150,222,0
"k__Fungi;p__Ascomycota;c__Sordariomycetes;o__Hypocreales;f__Stachybotryaceae;g__Paramyrothecium;s__humicola","Fungi","Ascomycota","Sordariomycetes","Hypocreales","Stachybotryaceae","Paramyrothecium","humicola",0,0,0,0,0,0,0,0,0,0
"k__Fungi;p__Ascomycota;c__Sordariomycetes;o__Hypocreales;f__Stachybotryaceae;g__Paramyrothecium;s__humicola-roridum","Fungi","Ascomycota","Sordariomycetes","Hypocreales","Stachybotryaceae","Paramyrothecium","humicola-roridum",0,0,0,0,0,0,0,0,0,0
"k__Fungi;p__Ascomycota;c__Sordariomycetes;o__Hypocreales;f__Stachybotryaceae;g__Paramyrothecium;s__roridum","Fungi","Ascomycota","Sordariomycetes","Hypocreales","Stachybotryaceae","Paramyrothecium","roridum",0,0,0,0,0,0,0,0,0,0
"k__Fungi;p__Ascomycota;c__Sordariomycetes;o__Hypocreales;f__Stachybotryaceae;g__Paramyrothecium;s__tellicola","Fungi","Ascomycota","Sordariomycetes","Hypocreales","Stachybotryaceae","Paramyrothecium","tellicola",0,0,0,0,0,0,0,0,0,0
"k__Fungi;p__Ascomycota;c__Sordariomycetes;o__Hypocreales;f__Stachybotryaceae;g__Stachybotrys;s__NA","Fungi","Ascomycota","Sordariomycetes","Hypocreales","Stachybotryaceae","Stachybotrys",NA,23,0,0,0,0,0,29,0,0,0
"k__Fungi;p__Ascomycota;c__Sordariomycetes;o__Hypocreales;f__Stachybotryaceae;g__Stachybotrys;s__chartarum","Fungi","Ascomycota","Sordariomycetes","Hypocreales","Stachybotryaceae","Stachybotrys","chartarum",0,0,0,0,0,0,0,0,0,0
"k__Fungi;p__Ascomycota;c__Sordariomycetes;o__Hypocreales;f__Stachybotryaceae;g__Stachybotrys;s__nephrospora","Fungi","Ascomycota","Sordariomycetes","Hypocreales","Stachybotryaceae","Stachybotrys","nephrospora",0,0,0,0,0,0,0,0,0,0
"k__Fungi;p__Ascomycota;c__Sordariomycetes;o__Hypocreales;f__Stachybotryaceae;g__Stachybotrys;s__sansevieriae","Fungi","Ascomycota","Sordariomycetes","Hypocreales","Stachybotryaceae","Stachybotrys","sansevieriae",0,0,0,0,0,0,0,0,0,0
"k__Fungi;p__Ascomycota;c__Sordariomycetes;o__Hypocreales;f__Stachybotryaceae;g__Xepicula;s__jollymannii","Fungi","Ascomycota","Sordariomycetes","Hypocreales","Stachybotryaceae","Xepicula","jollymannii",0,0,0,0,0,0,0,0,0,0
"k__Fungi;p__Ascomycota;c__Sordariomycetes;o__Hypocreales;f__Stachybotryaceae;g__Xepicula;s__leucotricha","Fungi","Ascomycota","Sordariomycetes","Hypocreales","Stachybotryaceae","Xepicula","leucotricha",0,0,53,20,0,0,0,0,0,0
"k__Fungi;p__Ascomycota;c__Sordariomycetes;o__Hypocreales;f__Tilachlidiaceae;g__Tilachlidium;s__brachiatum","Fungi","Ascomycota","Sordariomycetes","Hypocreales","Tilachlidiaceae","Tilachlidium","brachiatum",0,0,0,0,0,0,0,0,0,0
"k__Fungi;p__Ascomycota;c__Sordariomycetes;o__Magnaporthales;f__Magnaporthaceae;g__NA;s__NA","Fungi","Ascomycota","Sordariomycetes","Magnaporthales","Magnaporthaceae",NA,NA,0,0,0,0,0,0,0,0,0,0
"k__Fungi;p__Ascomycota;c__Sordariomycetes;o__Magnaporthales;f__Pyriculariaceae;g__Pseudopyricularia;s__bothriochloae","Fungi","Ascomycota","Sordariomycetes","Magnaporthales","Pyriculariaceae","Pseudopyricularia","bothriochloae",0,0,0,0,0,0,0,0,0,0
"k__Fungi;p__Ascomycota;c__Sordariomycetes;o__Magnaporthales;f__Pyriculariaceae;g__Pyricularia;s__NA","Fungi","Ascomycota","Sordariomycetes","Magnaporthales","Pyriculariaceae","Pyricularia",NA,0,0,0,0,0,0,0,0,0,0
"k__Fungi;p__Ascomycota;c__Sordariomycetes;o__Magnaporthales;f__Pyriculariaceae;g__Pyricularia;s__oryzae","Fungi","Ascomycota","Sordariomycetes","Magnaporthales","Pyriculariaceae","Pyricularia","oryzae",0,0,0,0,0,0,0,0,0,0
"k__Fungi;p__Ascomycota;c__Sordariomycetes;o__Meliolales;f__Meliolaceae;g__Irenopsis;s__vincensii","Fungi","Ascomycota","Sordariomycetes","Meliolales","Meliolaceae","Irenopsis","vincensii",0,0,0,0,0,0,0,0,0,0
"k__Fungi;p__Ascomycota;c__Sordariomycetes;o__Microascales;f__Halosphaeriaceae;g__NA;s__NA","Fungi","Ascomycota","Sordariomycetes","Microascales","Halosphaeriaceae",NA,NA,0,0,0,0,0,0,0,0,0,0
"k__Fungi;p__Ascomycota;c__Sordariomycetes;o__Microascales;f__Microascaceae;g__Acaulium;s__acremonium","Fungi","Ascomycota","Sordariomycetes","Microascales","Microascaceae","Acaulium","acremonium",0,0,0,0,0,0,0,0,0,0
"k__Fungi;p__Ascomycota;c__Sordariomycetes;o__Microascales;f__Microascaceae;g__Acaulium;s__caviariforme","Fungi","Ascomycota","Sordariomycetes","Microascales","Microascaceae","Acaulium","caviariforme",0,0,0,0,0,0,0,0,0,0
"k__Fungi;p__Ascomycota;c__Sordariomycetes;o__Microascales;f__Microascaceae;g__Cephalotrichum;s__stemonitis","Fungi","Ascomycota","Sordariomycetes","Microascales","Microascaceae","Cephalotrichum","stemonitis",0,0,0,0,0,0,0,0,0,0
"k__Fungi;p__Ascomycota;c__Sordariomycetes;o__Microascales;f__Microascaceae;g__Microascus-Scopulariopsis;s__NA","Fungi","Ascomycota","Sordariomycetes","Microascales","Microascaceae","Microascus-Scopulariopsis",NA,0,0,0,0,0,0,0,0,0,0
"k__Fungi;p__Ascomycota;c__Sordariomycetes;o__Microascales;f__Microascaceae;g__Microascus-Scopulariopsis;s__asperula-fusca-niger","Fungi","Ascomycota","Sordariomycetes","Microascales","Microascaceae","Microascus-Scopulariopsis","asperula-fusca-niger",0,0,0,0,0,12,0,0,0,0
"k__Fungi;p__Ascomycota;c__Sordariomycetes;o__Microascales;f__Microascaceae;g__Microascus;s__brunneosporus","Fungi","Ascomycota","Sordariomycetes","Microascales","Microascaceae","Microascus","brunneosporus",0,0,0,0,0,0,0,0,0,0
"k__Fungi;p__Ascomycota;c__Sordariomycetes;o__Microascales;f__Microascaceae;g__Microascus;s__chartarum","Fungi","Ascomycota","Sordariomycetes","Microascales","Microascaceae","Microascus","chartarum",0,0,0,0,0,0,0,0,0,0
"k__Fungi;p__Ascomycota;c__Sordariomycetes;o__Microascales;f__Microascaceae;g__Microascus;s__cinereus-expansus","Fungi","Ascomycota","Sordariomycetes","Microascales","Microascaceae","Microascus","cinereus-expansus",0,0,0,0,0,0,0,0,0,0
"k__Fungi;p__Ascomycota;c__Sordariomycetes;o__Microascales;f__Microascaceae;g__Microascus;s__cirrosus","Fungi","Ascomycota","Sordariomycetes","Microascales","Microascaceae","Microascus","cirrosus",0,0,0,0,0,0,0,139,0,0
"k__Fungi;p__Ascomycota;c__Sordariomycetes;o__Microascales;f__Microascaceae;g__Microascus;s__croci","Fungi","Ascomycota","Sordariomycetes","Microascales","Microascaceae","Microascus","croci",0,0,0,0,0,0,0,0,0,0
"k__Fungi;p__Ascomycota;c__Sordariomycetes;o__Microascales;f__Microascaceae;g__Microascus;s__intricatus","Fungi","Ascomycota","Sordariomycetes","Microascales","Microascaceae","Microascus","intricatus",0,0,0,0,0,0,0,0,0,0
"k__Fungi;p__Ascomycota;c__Sordariomycetes;o__Microascales;f__Microascaceae;g__Microascus;s__murinus","Fungi","Ascomycota","Sordariomycetes","Microascales","Microascaceae","Microascus","murinus",0,0,0,0,0,0,0,0,0,0
"k__Fungi;p__Ascomycota;c__Sordariomycetes;o__Microascales;f__Microascaceae;g__Microascus;s__paisii","Fungi","Ascomycota","Sordariomycetes","Microascales","Microascaceae","Microascus","paisii",0,0,0,0,0,19,0,0,0,0
"k__Fungi;p__Ascomycota;c__Sordariomycetes;o__Microascales;f__Microascaceae;g__Microascus;s__trigonosporus","Fungi","Ascomycota","Sordariomycetes","Microascales","Microascaceae","Microascus","trigonosporus",0,0,0,0,0,0,0,0,0,0
"k__Fungi;p__Ascomycota;c__Sordariomycetes;o__Microascales;f__Microascaceae;g__Petriella;s__musispora","Fungi","Ascomycota","Sordariomycetes","Microascales","Microascaceae","Petriella","musispora",0,209,0,0,0,0,92,0,0,0
"k__Fungi;p__Ascomycota;c__Sordariomycetes;o__Microascales;f__Microascaceae;g__Petriella;s__setifera","Fungi","Ascomycota","Sordariomycetes","Microascales","Microascaceae","Petriella","setifera",0,36,0,0,0,0,0,0,0,0
"k__Fungi;p__Ascomycota;c__Sordariomycetes;o__Microascales;f__Microascaceae;g__Pithoascus;s__NA","Fungi","Ascomycota","Sordariomycetes","Microascales","Microascaceae","Pithoascus",NA,0,0,0,0,0,0,0,0,0,0
"k__Fungi;p__Ascomycota;c__Sordariomycetes;o__Microascales;f__Microascaceae;g__Pithoascus;s__stoveri","Fungi","Ascomycota","Sordariomycetes","Microascales","Microascaceae","Pithoascus","stoveri",0,0,0,0,0,0,0,0,0,28
"k__Fungi;p__Ascomycota;c__Sordariomycetes;o__Microascales;f__Microascaceae;g__Scedosporium;s__apiospermum-boydii","Fungi","Ascomycota","Sordariomycetes","Microascales","Microascaceae","Scedosporium","apiospermum-boydii",0,0,0,92,0,0,0,0,0,0
"k__Fungi;p__Ascomycota;c__Sordariomycetes;o__Microascales;f__Microascaceae;g__Scopulariopsis;s__NA","Fungi","Ascomycota","Sordariomycetes","Microascales","Microascaceae","Scopulariopsis",NA,0,0,0,0,0,0,0,0,0,0
"k__Fungi;p__Ascomycota;c__Sordariomycetes;o__Microascales;f__Microascaceae;g__Scopulariopsis;s__brevicaulis-insectivora-stercoraria","Fungi","Ascomycota","Sordariomycetes","Microascales","Microascaceae","Scopulariopsis","brevicaulis-insectivora-stercoraria",0,0,0,0,0,31,0,0,0,0
"k__Fungi;p__Ascomycota;c__Sordariomycetes;o__Microascales;f__Microascaceae;g__Scopulariopsis;s__brevicaulis-koningii","Fungi","Ascomycota","Sordariomycetes","Microascales","Microascaceae","Scopulariopsis","brevicaulis-koningii",0,0,0,0,0,0,0,0,0,0
"k__Fungi;p__Ascomycota;c__Sordariomycetes;o__Microascales;f__Microascaceae;g__Scopulariopsis;s__flava","Fungi","Ascomycota","Sordariomycetes","Microascales","Microascaceae","Scopulariopsis","flava",0,0,0,0,0,14,0,0,0,0
"k__Fungi;p__Ascomycota;c__Sordariomycetes;o__Microascales;f__Microascaceae;g__Scopulariopsis;s__sphaerospora","Fungi","Ascomycota","Sordariomycetes","Microascales","Microascaceae","Scopulariopsis","sphaerospora",0,0,0,0,0,0,0,0,0,0
"k__Fungi;p__Ascomycota;c__Sordariomycetes;o__Microascales;f__NA;g__NA;s__NA","Fungi","Ascomycota","Sordariomycetes","Microascales",NA,NA,NA,0,1744,0,0,0,0,1697,0,0,0
"k__Fungi;p__Ascomycota;c__Sordariomycetes;o__Myrmecridiales;f__Myrmecridiaceae;g__Myrmecridium;s__NA","Fungi","Ascomycota","Sordariomycetes","Myrmecridiales","Myrmecridiaceae","Myrmecridium",NA,0,0,0,0,0,0,0,0,0,0
"k__Fungi;p__Ascomycota;c__Sordariomycetes;o__Myrmecridiales;f__Myrmecridiaceae;g__Myrmecridium;s__phragmitis","Fungi","Ascomycota","Sordariomycetes","Myrmecridiales","Myrmecridiaceae","Myrmecridium","phragmitis",0,0,0,0,0,0,0,0,0,0
"k__Fungi;p__Ascomycota;c__Sordariomycetes;o__Myrmecridiales;f__Myrmecridiaceae;g__Myrmecridium;s__schulzeri","Fungi","Ascomycota","Sordariomycetes","Myrmecridiales","Myrmecridiaceae","Myrmecridium","schulzeri",0,0,0,0,0,0,0,0,0,0
"k__Fungi;p__Ascomycota;c__Sordariomycetes;o__Myrmecridiales;f__Myrmecridiaceae;g__Myrmecridium;s__sorbicola","Fungi","Ascomycota","Sordariomycetes","Myrmecridiales","Myrmecridiaceae","Myrmecridium","sorbicola",0,0,0,0,0,0,0,0,0,0
"k__Fungi;p__Ascomycota;c__Sordariomycetes;o__NA;f__Amplistromataceae;g__Wallrothiella;s__gmelinae","Fungi","Ascomycota","Sordariomycetes",NA,"Amplistromataceae","Wallrothiella","gmelinae",0,0,0,0,0,0,0,0,0,0
"k__Fungi;p__Ascomycota;c__Sordariomycetes;o__NA;f__Conlariaceae;g__Conlarium;s__NA","Fungi","Ascomycota","Sordariomycetes",NA,"Conlariaceae","Conlarium",NA,0,0,0,0,0,0,0,0,0,0
"k__Fungi;p__Ascomycota;c__Sordariomycetes;o__NA;f__NA;g__Arthropsis;s__truncata","Fungi","Ascomycota","Sordariomycetes",NA,NA,"Arthropsis","truncata",0,0,0,0,0,0,0,0,0,0
"k__Fungi;p__Ascomycota;c__Sordariomycetes;o__NA;f__NA;g__Cordana;s__ellipsoidea","Fungi","Ascomycota","Sordariomycetes",NA,NA,"Cordana","ellipsoidea",0,0,0,0,0,0,0,0,0,0
"k__Fungi;p__Ascomycota;c__Sordariomycetes;o__NA;f__NA;g__Cordana;s__terrestris","Fungi","Ascomycota","Sordariomycetes",NA,NA,"Cordana","terrestris",0,0,0,0,0,0,0,0,0,0
"k__Fungi;p__Ascomycota;c__Sordariomycetes;o__NA;f__NA;g__Distoseptispora;s__NA","Fungi","Ascomycota","Sordariomycetes",NA,NA,"Distoseptispora",NA,0,0,0,0,0,0,0,0,0,0
"k__Fungi;p__Ascomycota;c__Sordariomycetes;o__NA;f__NA;g__NA;s__NA","Fungi","Ascomycota","Sordariomycetes",NA,NA,NA,NA,0,11,111,0,0,0,76,0,67,0
"k__Fungi;p__Ascomycota;c__Sordariomycetes;o__NA;f__NA;g__Oncopodiella;s__NA","Fungi","Ascomycota","Sordariomycetes",NA,NA,"Oncopodiella",NA,0,0,0,0,0,0,0,0,0,0
"k__Fungi;p__Ascomycota;c__Sordariomycetes;o__NA;f__NA;g__Pleurophragmium;s__NA","Fungi","Ascomycota","Sordariomycetes",NA,NA,"Pleurophragmium",NA,0,0,0,0,0,0,0,0,0,0
"k__Fungi;p__Ascomycota;c__Sordariomycetes;o__NA;f__NA;g__Rhexodenticula;s__NA","Fungi","Ascomycota","Sordariomycetes",NA,NA,"Rhexodenticula",NA,0,0,0,0,0,0,0,0,0,0
"k__Fungi;p__Ascomycota;c__Sordariomycetes;o__NA;f__NA;g__Triadelphia;s__pulvinata","Fungi","Ascomycota","Sordariomycetes",NA,NA,"Triadelphia","pulvinata",0,0,0,0,0,0,0,0,0,0
"k__Fungi;p__Ascomycota;c__Sordariomycetes;o__Ophiostomatales;f__Ophiostomataceae;g__NA;s__NA","Fungi","Ascomycota","Sordariomycetes","Ophiostomatales","Ophiostomataceae",NA,NA,0,0,0,0,0,0,0,0,0,0
"k__Fungi;p__Ascomycota;c__Sordariomycetes;o__Ophiostomatales;f__Ophiostomataceae;g__Phialocephala;s__humicola","Fungi","Ascomycota","Sordariomycetes","Ophiostomatales","Ophiostomataceae","Phialocephala","humicola",0,0,0,0,0,0,0,0,0,0
"k__Fungi;p__Ascomycota;c__Sordariomycetes;o__Ophiostomatales;f__Ophiostomataceae;g__Sporothrix;s__brunneoviolacea","Fungi","Ascomycota","Sordariomycetes","Ophiostomatales","Ophiostomataceae","Sporothrix","brunneoviolacea",0,0,0,0,0,0,0,0,0,0
"k__Fungi;p__Ascomycota;c__Sordariomycetes;o__Ophiostomatales;f__Ophiostomataceae;g__Sporothrix;s__nivea-pallida-stylites","Fungi","Ascomycota","Sordariomycetes","Ophiostomatales","Ophiostomataceae","Sporothrix","nivea-pallida-stylites",0,0,0,0,0,0,0,0,0,0
"k__Fungi;p__Ascomycota;c__Sordariomycetes;o__Pleurotheciales;f__Pleurotheciaceae;g__Phaeoisaria;s__clematidis","Fungi","Ascomycota","Sordariomycetes","Pleurotheciales","Pleurotheciaceae","Phaeoisaria","clematidis",0,0,0,0,0,0,0,0,0,0
"k__Fungi;p__Ascomycota;c__Sordariomycetes;o__Pleurotheciales;f__Pleurotheciaceae;g__Pleurotheciella;s__NA","Fungi","Ascomycota","Sordariomycetes","Pleurotheciales","Pleurotheciaceae","Pleurotheciella",NA,0,0,0,0,0,0,0,0,0,0
"k__Fungi;p__Ascomycota;c__Sordariomycetes;o__Sordariales;f__Cephalothecaceae;g__Cephalotheca-Phialemonium;s__atrogriseum-sulfurea","Fungi","Ascomycota","Sordariomycetes","Sordariales","Cephalothecaceae","Cephalotheca-Phialemonium","atrogriseum-sulfurea",0,0,0,0,0,0,21,0,0,0
"k__Fungi;p__Ascomycota;c__Sordariomycetes;o__Sordariales;f__Cephalothecaceae;g__Cryptendoxyla;s__hypophloia","Fungi","Ascomycota","Sordariomycetes","Sordariales","Cephalothecaceae","Cryptendoxyla","hypophloia",0,0,0,0,0,0,0,0,0,0
"k__Fungi;p__Ascomycota;c__Sordariomycetes;o__Sordariales;f__Cephalothecaceae;g__Phialemonium;s__dimorphosporum","Fungi","Ascomycota","Sordariomycetes","Sordariales","Cephalothecaceae","Phialemonium","dimorphosporum",0,0,0,0,0,0,0,0,0,0
"k__Fungi;p__Ascomycota;c__Sordariomycetes;o__Sordariales;f__Cephalothecaceae;g__Phialemonium;s__inflatum","Fungi","Ascomycota","Sordariomycetes","Sordariales","Cephalothecaceae","Phialemonium","inflatum",0,0,0,0,0,0,0,0,0,0
"k__Fungi;p__Ascomycota;c__Sordariomycetes;o__Sordariales;f__Cephalothecaceae;g__Phialemonium;s__obovatum","Fungi","Ascomycota","Sordariomycetes","Sordariales","Cephalothecaceae","Phialemonium","obovatum",0,0,0,0,0,0,0,0,0,0
"k__Fungi;p__Ascomycota;c__Sordariomycetes;o__Sordariales;f__Chaetomiaceae;g__Amesia-Chaetomium;s__fusisporum-gelasinospora-jatrophae","Fungi","Ascomycota","Sordariomycetes","Sordariales","Chaetomiaceae","Amesia-Chaetomium","fusisporum-gelasinospora-jatrophae",0,0,0,0,0,0,0,0,0,0
"k__Fungi;p__Ascomycota;c__Sordariomycetes;o__Sordariales;f__Chaetomiaceae;g__Amesia-Chaetomium;s__microcephalum-nigricolor","Fungi","Ascomycota","Sordariomycetes","Sordariales","Chaetomiaceae","Amesia-Chaetomium","microcephalum-nigricolor",0,0,0,0,0,0,0,0,0,0
"k__Fungi;p__Ascomycota;c__Sordariomycetes;o__Sordariales;f__Chaetomiaceae;g__Arcopilus;s__aureus","Fungi","Ascomycota","Sordariomycetes","Sordariales","Chaetomiaceae","Arcopilus","aureus",0,0,0,0,0,0,0,0,0,33
"k__Fungi;p__Ascomycota;c__Sordariomycetes;o__Sordariales;f__Chaetomiaceae;g__Arcopilus;s__cupreus","Fungi","Ascomycota","Sordariomycetes","Sordariales","Chaetomiaceae","Arcopilus","cupreus",0,0,34,149,0,0,0,0,0,0
"k__Fungi;p__Ascomycota;c__Sordariomycetes;o__Sordariales;f__Chaetomiaceae;g__Arcopilus;s__turgidopilosus","Fungi","Ascomycota","Sordariomycetes","Sordariales","Chaetomiaceae","Arcopilus","turgidopilosus",0,0,252,167,0,0,0,0,0,0
"k__Fungi;p__Ascomycota;c__Sordariomycetes;o__Sordariales;f__Chaetomiaceae;g__Botryotrichum-Chaetomium;s__ancistrocladum-murorum","Fungi","Ascomycota","Sordariomycetes","Sordariales","Chaetomiaceae","Botryotrichum-Chaetomium","ancistrocladum-murorum",0,0,0,0,0,0,0,0,0,0
"k__Fungi;p__Ascomycota;c__Sordariomycetes;o__Sordariales;f__Chaetomiaceae;g__Botryotrichum;s__spirotrichum","Fungi","Ascomycota","Sordariomycetes","Sordariales","Chaetomiaceae","Botryotrichum","spirotrichum",0,0,0,0,0,0,0,0,0,0
"k__Fungi;p__Ascomycota;c__Sordariomycetes;o__Sordariales;f__Chaetomiaceae;g__Chaetomium-Collariella;s__NA","Fungi","Ascomycota","Sordariomycetes","Sordariales","Chaetomiaceae","Chaetomium-Collariella",NA,0,0,0,0,0,0,0,0,0,0
"k__Fungi;p__Ascomycota;c__Sordariomycetes;o__Sordariales;f__Chaetomiaceae;g__Chaetomium-Corynascella;s__NA","Fungi","Ascomycota","Sordariomycetes","Sordariales","Chaetomiaceae","Chaetomium-Corynascella",NA,0,0,0,0,0,0,0,0,0,0
"k__Fungi;p__Ascomycota;c__Sordariomycetes;o__Sordariales;f__Chaetomiaceae;g__Chaetomium-Humicola;s__olivacea-sphaerale","Fungi","Ascomycota","Sordariomycetes","Sordariales","Chaetomiaceae","Chaetomium-Humicola","olivacea-sphaerale",0,0,0,0,0,0,0,0,0,0
"k__Fungi;p__Ascomycota;c__Sordariomycetes;o__Sordariales;f__Chaetomiaceae;g__Chaetomium-Subramaniula;s__NA","Fungi","Ascomycota","Sordariomycetes","Sordariales","Chaetomiaceae","Chaetomium-Subramaniula",NA,0,0,0,0,0,0,0,0,0,0
"k__Fungi;p__Ascomycota;c__Sordariomycetes;o__Sordariales;f__Chaetomiaceae;g__Chaetomium;s__NA","Fungi","Ascomycota","Sordariomycetes","Sordariales","Chaetomiaceae","Chaetomium",NA,0,0,0,0,0,0,0,0,0,0
"k__Fungi;p__Ascomycota;c__Sordariomycetes;o__Sordariales;f__Chaetomiaceae;g__Chaetomium;s__angustispirale","Fungi","Ascomycota","Sordariomycetes","Sordariales","Chaetomiaceae","Chaetomium","angustispirale",0,0,0,0,0,0,0,0,0,0
"k__Fungi;p__Ascomycota;c__Sordariomycetes;o__Sordariales;f__Chaetomiaceae;g__Chaetomium;s__angustispirale-unguicola","Fungi","Ascomycota","Sordariomycetes","Sordariales","Chaetomiaceae","Chaetomium","angustispirale-unguicola",0,0,0,0,0,0,0,0,0,0
"k__Fungi;p__Ascomycota;c__Sordariomycetes;o__Sordariales;f__Chaetomiaceae;g__Chaetomium;s__globosum","Fungi","Ascomycota","Sordariomycetes","Sordariales","Chaetomiaceae","Chaetomium","globosum",0,0,0,0,0,0,0,0,0,0
"k__Fungi;p__Ascomycota;c__Sordariomycetes;o__Sordariales;f__Chaetomiaceae;g__Chaetomium;s__thermophilum","Fungi","Ascomycota","Sordariomycetes","Sordariales","Chaetomiaceae","Chaetomium","thermophilum",0,0,0,0,0,0,0,0,0,0
"k__Fungi;p__Ascomycota;c__Sordariomycetes;o__Sordariales;f__Chaetomiaceae;g__Chaetomium;s__trigonosporum","Fungi","Ascomycota","Sordariomycetes","Sordariales","Chaetomiaceae","Chaetomium","trigonosporum",0,2157,0,0,0,0,1655,0,0,0
"k__Fungi;p__Ascomycota;c__Sordariomycetes;o__Sordariales;f__Chaetomiaceae;g__Dichotomopilus;s__NA","Fungi","Ascomycota","Sordariomycetes","Sordariales","Chaetomiaceae","Dichotomopilus",NA,0,521,0,0,0,0,867,0,0,34
"k__Fungi;p__Ascomycota;c__Sordariomycetes;o__Sordariales;f__Chaetomiaceae;g__Dichotomopilus;s__dolichotrichus","Fungi","Ascomycota","Sordariomycetes","Sordariales","Chaetomiaceae","Dichotomopilus","dolichotrichus",0,0,0,0,0,0,173,0,0,0
"k__Fungi;p__Ascomycota;c__Sordariomycetes;o__Sordariales;f__Chaetomiaceae;g__Humicola;s__fuscoatra","Fungi","Ascomycota","Sordariomycetes","Sordariales","Chaetomiaceae","Humicola","fuscoatra",0,0,292,27,0,0,0,0,0,0
"k__Fungi;p__Ascomycota;c__Sordariomycetes;o__Sordariales;f__Chaetomiaceae;g__NA;s__NA","Fungi","Ascomycota","Sordariomycetes","Sordariales","Chaetomiaceae",NA,NA,0,0,21,0,0,0,0,0,0,0
"k__Fungi;p__Ascomycota;c__Sordariomycetes;o__Sordariales;f__Chaetomiaceae;g__Thielavia;s__terrestris","Fungi","Ascomycota","Sordariomycetes","Sordariales","Chaetomiaceae","Thielavia","terrestris",0,0,0,0,0,0,0,0,0,0
"k__Fungi;p__Ascomycota;c__Sordariomycetes;o__Sordariales;f__Lasiosphaeriaceae;g__Apodus;s__oryzae","Fungi","Ascomycota","Sordariomycetes","Sordariales","Lasiosphaeriaceae","Apodus","oryzae",0,0,0,0,0,0,0,0,0,0
"k__Fungi;p__Ascomycota;c__Sordariomycetes;o__Sordariales;f__Lasiosphaeriaceae;g__Lasiosphaeris;s__NA","Fungi","Ascomycota","Sordariomycetes","Sordariales","Lasiosphaeriaceae","Lasiosphaeris",NA,0,0,0,0,0,0,0,0,0,0
"k__Fungi;p__Ascomycota;c__Sordariomycetes;o__Sordariales;f__Lasiosphaeriaceae;g__NA;s__NA","Fungi","Ascomycota","Sordariomycetes","Sordariales","Lasiosphaeriaceae",NA,NA,0,0,0,0,0,0,0,0,0,0
"k__Fungi;p__Ascomycota;c__Sordariomycetes;o__Sordariales;f__Lasiosphaeriaceae;g__Podospora;s__NA","Fungi","Ascomycota","Sordariomycetes","Sordariales","Lasiosphaeriaceae","Podospora",NA,0,0,0,0,0,0,0,0,0,0
"k__Fungi;p__Ascomycota;c__Sordariomycetes;o__Sordariales;f__Lasiosphaeriaceae;g__Podospora;s__longicollis","Fungi","Ascomycota","Sordariomycetes","Sordariales","Lasiosphaeriaceae","Podospora","longicollis",0,102,0,0,0,0,0,0,0,0
"k__Fungi;p__Ascomycota;c__Sordariomycetes;o__Sordariales;f__NA;g__NA;s__NA","Fungi","Ascomycota","Sordariomycetes","Sordariales",NA,NA,NA,0,0,0,0,0,0,0,0,0,0
"k__Fungi;p__Ascomycota;c__Sordariomycetes;o__Sordariales;f__Sordariaceae;g__Diplogelasinospora;s__grovesii","Fungi","Ascomycota","Sordariomycetes","Sordariales","Sordariaceae","Diplogelasinospora","grovesii",0,0,0,0,0,0,0,0,0,0
"k__Fungi;p__Ascomycota;c__Sordariomycetes;o__Sordariales;f__Sordariaceae;g__Neurospora;s__discreta","Fungi","Ascomycota","Sordariomycetes","Sordariales","Sordariaceae","Neurospora","discreta",0,0,0,0,0,0,0,0,0,0
"k__Fungi;p__Ascomycota;c__Sordariomycetes;o__Togniniales;f__Togniniaceae;g__Distoseptispora-Phaeoacremonium;s__NA","Fungi","Ascomycota","Sordariomycetes","Togniniales","Togniniaceae","Distoseptispora-Phaeoacremonium",NA,0,0,0,0,0,0,0,0,0,0
"k__Fungi;p__Ascomycota;c__Sordariomycetes;o__Togniniales;f__Togniniaceae;g__Phaeoacremonium;s__angustius-austroafricanum","Fungi","Ascomycota","Sordariomycetes","Togniniales","Togniniaceae","Phaeoacremonium","angustius-austroafricanum",0,0,0,0,0,0,0,0,0,0
"k__Fungi;p__Ascomycota;c__Sordariomycetes;o__Togniniales;f__Togniniaceae;g__Phaeoacremonium;s__argentinense","Fungi","Ascomycota","Sordariomycetes","Togniniales","Togniniaceae","Phaeoacremonium","argentinense",0,0,0,0,0,0,0,0,0,0
"k__Fungi;p__Ascomycota;c__Sordariomycetes;o__Togniniales;f__Togniniaceae;g__Phaeoacremonium;s__fuscum","Fungi","Ascomycota","Sordariomycetes","Togniniales","Togniniaceae","Phaeoacremonium","fuscum",0,0,18,0,0,0,0,0,0,0
"k__Fungi;p__Ascomycota;c__Sordariomycetes;o__Togniniales;f__Togniniaceae;g__Phaeoacremonium;s__griseo-olivaceum-minimum","Fungi","Ascomycota","Sordariomycetes","Togniniales","Togniniaceae","Phaeoacremonium","griseo-olivaceum-minimum",0,30,0,0,0,0,0,0,0,0
"k__Fungi;p__Ascomycota;c__Sordariomycetes;o__Togniniales;f__Togniniaceae;g__Phaeoacremonium;s__occidentale","Fungi","Ascomycota","Sordariomycetes","Togniniales","Togniniaceae","Phaeoacremonium","occidentale",0,0,0,0,0,0,0,0,0,0
"k__Fungi;p__Ascomycota;c__Sordariomycetes;o__Togniniales;f__Togniniaceae;g__Phaeoacremonium;s__parasiticum","Fungi","Ascomycota","Sordariomycetes","Togniniales","Togniniaceae","Phaeoacremonium","parasiticum",0,0,25,0,0,0,0,0,0,0
"k__Fungi;p__Ascomycota;c__Sordariomycetes;o__Trichosphaeriales;f__Trichosphaeriaceae;g__NA;s__NA","Fungi","Ascomycota","Sordariomycetes","Trichosphaeriales","Trichosphaeriaceae",NA,NA,110,0,2708,5187,0,0,0,0,0,0
"k__Fungi;p__Ascomycota;c__Sordariomycetes;o__Trichosphaeriales;f__Trichosphaeriaceae;g__Nigrospora;s__NA","Fungi","Ascomycota","Sordariomycetes","Trichosphaeriales","Trichosphaeriaceae","Nigrospora",NA,63,0,316,735,0,445,0,0,0,0
"k__Fungi;p__Ascomycota;c__Sordariomycetes;o__Trichosphaeriales;f__Trichosphaeriaceae;g__Nigrospora;s__oryzae","Fungi","Ascomycota","Sordariomycetes","Trichosphaeriales","Trichosphaeriaceae","Nigrospora","oryzae",634,0,20862,30121,64,3063,0,20227,14487,0
"k__Fungi;p__Ascomycota;c__Sordariomycetes;o__Xylariales;f__Amphisphaeriaceae;g__NA;s__NA","Fungi","Ascomycota","Sordariomycetes","Xylariales","Amphisphaeriaceae",NA,NA,0,17,0,0,0,0,181,0,0,0
"k__Fungi;p__Ascomycota;c__Sordariomycetes;o__Xylariales;f__Apiosporaceae;g__Arthrinium;s__phaeospermum","Fungi","Ascomycota","Sordariomycetes","Xylariales","Apiosporaceae","Arthrinium","phaeospermum",0,0,0,0,0,0,0,0,0,0
"k__Fungi;p__Ascomycota;c__Sordariomycetes;o__Xylariales;f__Apiosporaceae;g__Arthrinium;s__pseudosinense","Fungi","Ascomycota","Sordariomycetes","Xylariales","Apiosporaceae","Arthrinium","pseudosinense",0,0,0,0,0,0,0,0,0,0
"k__Fungi;p__Ascomycota;c__Sordariomycetes;o__Xylariales;f__Apiosporaceae;g__NA;s__NA","Fungi","Ascomycota","Sordariomycetes","Xylariales","Apiosporaceae",NA,NA,0,0,0,0,0,0,0,0,0,0
"k__Fungi;p__Ascomycota;c__Sordariomycetes;o__Xylariales;f__Barrmaeliaceae;g__Barrmaelia;s__rhamnicola","Fungi","Ascomycota","Sordariomycetes","Xylariales","Barrmaeliaceae","Barrmaelia","rhamnicola",0,0,11,0,0,0,0,0,0,0
"k__Fungi;p__Ascomycota;c__Sordariomycetes;o__Xylariales;f__Beltraniaceae;g__Beltrania;s__pseudorhombica","Fungi","Ascomycota","Sordariomycetes","Xylariales","Beltraniaceae","Beltrania","pseudorhombica",0,0,0,0,0,0,0,0,0,0
"k__Fungi;p__Ascomycota;c__Sordariomycetes;o__Xylariales;f__Beltraniaceae;g__Beltraniella;s__acaciae","Fungi","Ascomycota","Sordariomycetes","Xylariales","Beltraniaceae","Beltraniella","acaciae",0,0,0,0,0,0,0,0,0,0
"k__Fungi;p__Ascomycota;c__Sordariomycetes;o__Xylariales;f__Diatrypaceae;g__Allocryptovalsa;s__cryptovalsoidea","Fungi","Ascomycota","Sordariomycetes","Xylariales","Diatrypaceae","Allocryptovalsa","cryptovalsoidea",0,0,0,0,0,0,0,0,0,0
"k__Fungi;p__Ascomycota;c__Sordariomycetes;o__Xylariales;f__Diatrypaceae;g__Diatrype;s__stigma","Fungi","Ascomycota","Sordariomycetes","Xylariales","Diatrypaceae","Diatrype","stigma",0,0,0,0,0,0,0,0,0,0
"k__Fungi;p__Ascomycota;c__Sordariomycetes;o__Xylariales;f__Diatrypaceae;g__Diatrypella;s__favacea","Fungi","Ascomycota","Sordariomycetes","Xylariales","Diatrypaceae","Diatrypella","favacea",0,0,0,0,0,0,0,0,0,0
"k__Fungi;p__Ascomycota;c__Sordariomycetes;o__Xylariales;f__Hyponectriaceae;g__Monographella;s__NA","Fungi","Ascomycota","Sordariomycetes","Xylariales","Hyponectriaceae","Monographella",NA,0,0,0,0,0,0,0,0,0,0
"k__Fungi;p__Ascomycota;c__Sordariomycetes;o__Xylariales;f__Hyponectriaceae;g__Monographella;s__nivalis","Fungi","Ascomycota","Sordariomycetes","Xylariales","Hyponectriaceae","Monographella","nivalis",0,0,0,0,0,0,0,0,0,0
"k__Fungi;p__Ascomycota;c__Sordariomycetes;o__Xylariales;f__Hypoxylaceae;g__Annulohypoxylon;s__NA","Fungi","Ascomycota","Sordariomycetes","Xylariales","Hypoxylaceae","Annulohypoxylon",NA,0,0,0,0,0,0,0,0,0,0
"k__Fungi;p__Ascomycota;c__Sordariomycetes;o__Xylariales;f__Hypoxylaceae;g__Annulohypoxylon;s__truncatum","Fungi","Ascomycota","Sordariomycetes","Xylariales","Hypoxylaceae","Annulohypoxylon","truncatum",0,0,0,0,0,0,0,0,0,0
"k__Fungi;p__Ascomycota;c__Sordariomycetes;o__Xylariales;f__Hypoxylaceae;g__Hypoxylon;s__NA","Fungi","Ascomycota","Sordariomycetes","Xylariales","Hypoxylaceae","Hypoxylon",NA,0,0,0,0,0,0,0,0,0,0
"k__Fungi;p__Ascomycota;c__Sordariomycetes;o__Xylariales;f__Hypoxylaceae;g__Hypoxylon;s__rubiginosum","Fungi","Ascomycota","Sordariomycetes","Xylariales","Hypoxylaceae","Hypoxylon","rubiginosum",0,0,0,0,0,0,0,0,0,0
"k__Fungi;p__Ascomycota;c__Sordariomycetes;o__Xylariales;f__Hypoxylaceae;g__NA;s__NA","Fungi","Ascomycota","Sordariomycetes","Xylariales","Hypoxylaceae",NA,NA,0,0,0,0,0,0,0,0,0,0
"k__Fungi;p__Ascomycota;c__Sordariomycetes;o__Xylariales;f__Microdochiaceae;g__Microdochium;s__NA","Fungi","Ascomycota","Sordariomycetes","Xylariales","Microdochiaceae","Microdochium",NA,0,0,15,71,0,0,0,0,300,0
"k__Fungi;p__Ascomycota;c__Sordariomycetes;o__Xylariales;f__Microdochiaceae;g__Microdochium;s__neoqueenslandicum","Fungi","Ascomycota","Sordariomycetes","Xylariales","Microdochiaceae","Microdochium","neoqueenslandicum",0,0,0,0,0,0,0,0,0,0
"k__Fungi;p__Ascomycota;c__Sordariomycetes;o__Xylariales;f__Microdochiaceae;g__Microdochium;s__novae-zelandiae","Fungi","Ascomycota","Sordariomycetes","Xylariales","Microdochiaceae","Microdochium","novae-zelandiae",0,0,0,0,0,0,0,0,0,0
"k__Fungi;p__Ascomycota;c__Sordariomycetes;o__Xylariales;f__NA;g__Castanediella;s__couratarii","Fungi","Ascomycota","Sordariomycetes","Xylariales",NA,"Castanediella","couratarii",0,0,0,0,0,0,0,0,0,0
"k__Fungi;p__Ascomycota;c__Sordariomycetes;o__Xylariales;f__NA;g__Hansfordia;s__NA","Fungi","Ascomycota","Sordariomycetes","Xylariales",NA,"Hansfordia",NA,0,0,0,0,0,0,0,0,0,0
"k__Fungi;p__Ascomycota;c__Sordariomycetes;o__Xylariales;f__NA;g__NA;s__NA","Fungi","Ascomycota","Sordariomycetes","Xylariales",NA,NA,NA,0,0,44,0,0,0,228,1039,0,0
"k__Fungi;p__Ascomycota;c__Sordariomycetes;o__Xylariales;f__NA;g__Phialemoniopsis;s__curvata","Fungi","Ascomycota","Sordariomycetes","Xylariales",NA,"Phialemoniopsis","curvata",0,0,0,0,0,0,0,0,0,0
"k__Fungi;p__Ascomycota;c__Sordariomycetes;o__Xylariales;f__NA;g__Phlogicylindrium;s__NA","Fungi","Ascomycota","Sordariomycetes","Xylariales",NA,"Phlogicylindrium",NA,0,0,0,0,0,0,0,0,0,0
"k__Fungi;p__Ascomycota;c__Sordariomycetes;o__Xylariales;f__NA;g__Polyscytalum;s__NA","Fungi","Ascomycota","Sordariomycetes","Xylariales",NA,"Polyscytalum",NA,0,0,0,0,0,0,0,0,0,0
"k__Fungi;p__Ascomycota;c__Sordariomycetes;o__Xylariales;f__NA;g__Zygosporium;s__pseudogibbum","Fungi","Ascomycota","Sordariomycetes","Xylariales",NA,"Zygosporium","pseudogibbum",0,0,0,0,0,0,0,0,0,0
"k__Fungi;p__Ascomycota;c__Sordariomycetes;o__Xylariales;f__Sporocadaceae;g__Bartalinia;s__robillardoides","Fungi","Ascomycota","Sordariomycetes","Xylariales","Sporocadaceae","Bartalinia","robillardoides",0,0,188,0,0,0,0,0,0,0
"k__Fungi;p__Ascomycota;c__Sordariomycetes;o__Xylariales;f__Sporocadaceae;g__Diploceras;s__hypericinum","Fungi","Ascomycota","Sordariomycetes","Xylariales","Sporocadaceae","Diploceras","hypericinum",0,0,0,0,0,0,0,0,0,0
"k__Fungi;p__Ascomycota;c__Sordariomycetes;o__Xylariales;f__Sporocadaceae;g__Monochaetia;s__dimorphospora","Fungi","Ascomycota","Sordariomycetes","Xylariales","Sporocadaceae","Monochaetia","dimorphospora",0,0,0,0,0,0,0,0,0,0
"k__Fungi;p__Ascomycota;c__Sordariomycetes;o__Xylariales;f__Sporocadaceae;g__Pestalotiopsis;s__NA","Fungi","Ascomycota","Sordariomycetes","Xylariales","Sporocadaceae","Pestalotiopsis",NA,0,0,0,0,0,0,37,1852,0,0
"k__Fungi;p__Ascomycota;c__Sordariomycetes;o__Xylariales;f__Sporocadaceae;g__Pestalotiopsis;s__jesteri","Fungi","Ascomycota","Sordariomycetes","Xylariales","Sporocadaceae","Pestalotiopsis","jesteri",0,0,0,0,0,0,0,0,0,0
"k__Fungi;p__Ascomycota;c__Sordariomycetes;o__Xylariales;f__Sporocadaceae;g__Pestalotiopsis;s__lespedezae","Fungi","Ascomycota","Sordariomycetes","Xylariales","Sporocadaceae","Pestalotiopsis","lespedezae",0,0,39,0,0,0,0,0,0,0
"k__Fungi;p__Ascomycota;c__Sordariomycetes;o__Xylariales;f__Sporocadaceae;g__Pestalotiopsis;s__lespedezae-microspora-vismiae","Fungi","Ascomycota","Sordariomycetes","Xylariales","Sporocadaceae","Pestalotiopsis","lespedezae-microspora-vismiae",0,0,50,80,0,0,123,1429,0,0
"k__Fungi;p__Ascomycota;c__Sordariomycetes;o__Xylariales;f__Sporocadaceae;g__Pestalotiopsis;s__microspora","Fungi","Ascomycota","Sordariomycetes","Xylariales","Sporocadaceae","Pestalotiopsis","microspora",0,0,0,0,0,0,0,0,0,0
"k__Fungi;p__Ascomycota;c__Sordariomycetes;o__Xylariales;f__Sporocadaceae;g__Pestalotiopsis;s__microspora-vismiae","Fungi","Ascomycota","Sordariomycetes","Xylariales","Sporocadaceae","Pestalotiopsis","microspora-vismiae",0,0,0,0,0,0,0,0,0,0
"k__Fungi;p__Ascomycota;c__Sordariomycetes;o__Xylariales;f__Sporocadaceae;g__Pestalotiopsis;s__vismiae","Fungi","Ascomycota","Sordariomycetes","Xylariales","Sporocadaceae","Pestalotiopsis","vismiae",0,0,0,0,0,55,0,0,0,0
"k__Fungi;p__Ascomycota;c__Sordariomycetes;o__Xylariales;f__Sporocadaceae;g__Robillarda;s__sessilis","Fungi","Ascomycota","Sordariomycetes","Xylariales","Sporocadaceae","Robillarda","sessilis",0,0,0,0,0,0,0,0,0,0
"k__Fungi;p__Ascomycota;c__Sordariomycetes;o__Xylariales;f__Sporocadaceae;g__Seiridium;s__phylicae","Fungi","Ascomycota","Sordariomycetes","Xylariales","Sporocadaceae","Seiridium","phylicae",0,0,0,0,0,0,0,0,0,0
"k__Fungi;p__Ascomycota;c__Sordariomycetes;o__Xylariales;f__Xylariaceae;g__Anthostomella;s__NA","Fungi","Ascomycota","Sordariomycetes","Xylariales","Xylariaceae","Anthostomella",NA,0,0,0,0,0,0,0,0,0,0
"k__Fungi;p__Ascomycota;c__Sordariomycetes;o__Xylariales;f__Xylariaceae;g__Anthostomella;s__leucospermi","Fungi","Ascomycota","Sordariomycetes","Xylariales","Xylariaceae","Anthostomella","leucospermi",0,0,0,0,0,0,0,0,0,0
"k__Fungi;p__Ascomycota;c__Sordariomycetes;o__Xylariales;f__Xylariaceae;g__Anthostomella;s__sepelibilis","Fungi","Ascomycota","Sordariomycetes","Xylariales","Xylariaceae","Anthostomella","sepelibilis",0,0,0,0,0,0,0,0,0,0
"k__Fungi;p__Ascomycota;c__Sordariomycetes;o__Xylariales;f__Xylariaceae;g__Ascovirgaria;s__NA","Fungi","Ascomycota","Sordariomycetes","Xylariales","Xylariaceae","Ascovirgaria",NA,0,0,0,0,0,0,0,0,0,0
"k__Fungi;p__Ascomycota;c__Sordariomycetes;o__Xylariales;f__Xylariaceae;g__Biscogniauxia;s__NA","Fungi","Ascomycota","Sordariomycetes","Xylariales","Xylariaceae","Biscogniauxia",NA,0,0,0,0,0,0,0,0,0,0
"k__Fungi;p__Ascomycota;c__Sordariomycetes;o__Xylariales;f__Xylariaceae;g__Biscogniauxia;s__philippinensis","Fungi","Ascomycota","Sordariomycetes","Xylariales","Xylariaceae","Biscogniauxia","philippinensis",0,0,0,0,0,0,0,0,0,0
"k__Fungi;p__Ascomycota;c__Sordariomycetes;o__Xylariales;f__Xylariaceae;g__Circinotrichum;s__maculiforme","Fungi","Ascomycota","Sordariomycetes","Xylariales","Xylariaceae","Circinotrichum","maculiforme",0,0,0,0,0,0,0,0,0,0
"k__Fungi;p__Ascomycota;c__Sordariomycetes;o__Xylariales;f__Xylariaceae;g__Lopadostoma-Whalleya;s__pouzarii","Fungi","Ascomycota","Sordariomycetes","Xylariales","Xylariaceae","Lopadostoma-Whalleya","pouzarii",0,0,0,0,0,0,0,0,0,0
"k__Fungi;p__Ascomycota;c__Sordariomycetes;o__Xylariales;f__Xylariaceae;g__Muscodor;s__NA","Fungi","Ascomycota","Sordariomycetes","Xylariales","Xylariaceae","Muscodor",NA,0,0,0,48,0,0,0,0,0,0
"k__Fungi;p__Ascomycota;c__Sordariomycetes;o__Xylariales;f__Xylariaceae;g__NA;s__NA","Fungi","Ascomycota","Sordariomycetes","Xylariales","Xylariaceae",NA,NA,0,0,126,78,0,0,134,0,0,0
"k__Fungi;p__Ascomycota;c__Sordariomycetes;o__Xylariales;f__Xylariaceae;g__Nemania;s__NA","Fungi","Ascomycota","Sordariomycetes","Xylariales","Xylariaceae","Nemania",NA,0,0,0,0,0,0,67,0,0,0
"k__Fungi;p__Ascomycota;c__Sordariomycetes;o__Xylariales;f__Xylariaceae;g__Nemania;s__illita","Fungi","Ascomycota","Sordariomycetes","Xylariales","Xylariaceae","Nemania","illita",0,0,0,0,0,0,0,0,0,0
"k__Fungi;p__Ascomycota;c__Sordariomycetes;o__Xylariales;f__Xylariaceae;g__Rosellinia;s__thelena","Fungi","Ascomycota","Sordariomycetes","Xylariales","Xylariaceae","Rosellinia","thelena",0,0,0,0,0,0,0,0,0,0
"k__Fungi;p__Ascomycota;c__Sordariomycetes;o__Xylariales;f__Xylariaceae;g__Vamsapriya;s__indica","Fungi","Ascomycota","Sordariomycetes","Xylariales","Xylariaceae","Vamsapriya","indica",0,0,0,0,0,0,0,0,0,0
"k__Fungi;p__Ascomycota;c__Sordariomycetes;o__Xylariales;f__Xylariaceae;g__Xylaria;s__NA","Fungi","Ascomycota","Sordariomycetes","Xylariales","Xylariaceae","Xylaria",NA,0,11,90,67,0,0,0,0,0,0
"k__Fungi;p__Ascomycota;c__Sordariomycetes;o__Xylariales;f__Xylariaceae;g__Xylaria;s__carpophila","Fungi","Ascomycota","Sordariomycetes","Xylariales","Xylariaceae","Xylaria","carpophila",0,0,0,0,0,0,0,0,0,0
"k__Fungi;p__Ascomycota;c__Sordariomycetes;o__Xylariales;f__Xylariaceae;g__Xylaria;s__hypoxylon","Fungi","Ascomycota","Sordariomycetes","Xylariales","Xylariaceae","Xylaria","hypoxylon",0,0,0,0,0,0,0,0,0,0
"k__Fungi;p__Ascomycota;c__Sordariomycetes;o__Xylariales;f__Xylariaceae;g__Xylaria;s__oxyacanthae","Fungi","Ascomycota","Sordariomycetes","Xylariales","Xylariaceae","Xylaria","oxyacanthae",0,0,0,0,0,0,0,0,0,0
"k__Fungi;p__Ascomycota;c__Sordariomycetes;o__Xylariales;f__Xylariaceae;g__Xylaria;s__polymorpha","Fungi","Ascomycota","Sordariomycetes","Xylariales","Xylariaceae","Xylaria","polymorpha",0,0,0,0,0,0,0,0,0,0
"k__Fungi;p__Ascomycota;c__Taphrinomycetes;o__Taphrinales;f__NA;g__NA;s__NA","Fungi","Ascomycota","Taphrinomycetes","Taphrinales",NA,NA,NA,0,0,0,0,0,0,0,0,0,0
"k__Fungi;p__Ascomycota;c__Taphrinomycetes;o__Taphrinales;f__Protomycetaceae;g__Protomyces;s__inouyei","Fungi","Ascomycota","Taphrinomycetes","Taphrinales","Protomycetaceae","Protomyces","inouyei",0,0,0,0,0,0,0,0,0,0
"k__Fungi;p__Ascomycota;c__Taphrinomycetes;o__Taphrinales;f__Taphrinaceae;g__Taphrina;s__inositophila","Fungi","Ascomycota","Taphrinomycetes","Taphrinales","Taphrinaceae","Taphrina","inositophila",0,0,0,0,0,0,0,0,0,0
"k__Fungi;p__Ascomycota;c__Taphrinomycetes;o__Taphrinales;f__Taphrinaceae;g__Taphrina;s__purpurascens","Fungi","Ascomycota","Taphrinomycetes","Taphrinales","Taphrinaceae","Taphrina","purpurascens",0,0,0,0,0,0,0,0,0,0
"k__Fungi;p__Ascomycota;c__Xylonomycetes;o__GS34;f__NA;g__NA;s__NA","Fungi","Ascomycota","Xylonomycetes","GS34",NA,NA,NA,0,0,0,0,0,0,0,0,0,0
"k__Fungi;p__Basidiomycota;c__Agaricomycetes;o__Agaricales;f__Agaricaceae;g__Agaricus;s__NA","Fungi","Basidiomycota","Agaricomycetes","Agaricales","Agaricaceae","Agaricus",NA,0,0,0,0,0,0,0,0,0,0
"k__Fungi;p__Basidiomycota;c__Agaricomycetes;o__Agaricales;f__Agaricaceae;g__Agaricus;s__blazei","Fungi","Basidiomycota","Agaricomycetes","Agaricales","Agaricaceae","Agaricus","blazei",0,0,0,0,0,0,0,0,0,0
"k__Fungi;p__Basidiomycota;c__Agaricomycetes;o__Agaricales;f__Agaricaceae;g__Agaricus;s__californicus","Fungi","Basidiomycota","Agaricomycetes","Agaricales","Agaricaceae","Agaricus","californicus",0,0,0,0,0,0,0,0,0,0
"k__Fungi;p__Basidiomycota;c__Agaricomycetes;o__Agaricales;f__Agaricaceae;g__Agaricus;s__daliensis","Fungi","Basidiomycota","Agaricomycetes","Agaricales","Agaricaceae","Agaricus","daliensis",0,16,0,0,0,0,0,0,0,0
"k__Fungi;p__Basidiomycota;c__Agaricomycetes;o__Agaricales;f__Agaricaceae;g__Agaricus;s__johnstonii","Fungi","Basidiomycota","Agaricomycetes","Agaricales","Agaricaceae","Agaricus","johnstonii",0,52,0,0,0,0,39,0,0,0
"k__Fungi;p__Basidiomycota;c__Agaricomycetes;o__Agaricales;f__Agaricaceae;g__Agaricus;s__lutosus","Fungi","Basidiomycota","Agaricomycetes","Agaricales","Agaricaceae","Agaricus","lutosus",0,0,0,0,0,0,0,0,0,0
"k__Fungi;p__Basidiomycota;c__Agaricomycetes;o__Agaricales;f__Agaricaceae;g__Coprinus;s__phaeopunctatus","Fungi","Basidiomycota","Agaricomycetes","Agaricales","Agaricaceae","Coprinus","phaeopunctatus",0,0,0,0,0,0,0,0,0,0
"k__Fungi;p__Basidiomycota;c__Agaricomycetes;o__Agaricales;f__Agaricaceae;g__Lacrymaria;s__lacrymabunda","Fungi","Basidiomycota","Agaricomycetes","Agaricales","Agaricaceae","Lacrymaria","lacrymabunda",0,0,0,0,0,0,0,0,0,0
"k__Fungi;p__Basidiomycota;c__Agaricomycetes;o__Agaricales;f__Agaricaceae;g__Lepiota;s__subalba","Fungi","Basidiomycota","Agaricomycetes","Agaricales","Agaricaceae","Lepiota","subalba",0,0,0,0,0,0,0,0,0,0
"k__Fungi;p__Basidiomycota;c__Agaricomycetes;o__Agaricales;f__Agaricaceae;g__Leucoagaricus;s__brunnescens","Fungi","Basidiomycota","Agaricomycetes","Agaricales","Agaricaceae","Leucoagaricus","brunnescens",0,0,0,0,0,0,0,0,0,0
"k__Fungi;p__Basidiomycota;c__Agaricomycetes;o__Agaricales;f__Agaricaceae;g__Leucoagaricus;s__melanotrichus","Fungi","Basidiomycota","Agaricomycetes","Agaricales","Agaricaceae","Leucoagaricus","melanotrichus",0,0,0,0,0,0,0,0,0,0
"k__Fungi;p__Basidiomycota;c__Agaricomycetes;o__Agaricales;f__Agaricaceae;g__Leucoagaricus;s__purpureolilacinus","Fungi","Basidiomycota","Agaricomycetes","Agaricales","Agaricaceae","Leucoagaricus","purpureolilacinus",0,0,0,0,0,0,0,0,0,0
"k__Fungi;p__Basidiomycota;c__Agaricomycetes;o__Agaricales;f__Agaricaceae;g__Leucocoprinus;s__NA","Fungi","Basidiomycota","Agaricomycetes","Agaricales","Agaricaceae","Leucocoprinus",NA,0,0,0,0,0,0,0,0,0,0
"k__Fungi;p__Basidiomycota;c__Agaricomycetes;o__Agaricales;f__Agaricaceae;g__Leucocoprinus;s__ianthinus","Fungi","Basidiomycota","Agaricomycetes","Agaricales","Agaricaceae","Leucocoprinus","ianthinus",0,0,0,0,0,0,0,0,0,0
"k__Fungi;p__Basidiomycota;c__Agaricomycetes;o__Agaricales;f__Agaricaceae;g__Melanophyllum;s__haematospermum","Fungi","Basidiomycota","Agaricomycetes","Agaricales","Agaricaceae","Melanophyllum","haematospermum",0,0,0,0,0,0,0,0,0,0
"k__Fungi;p__Basidiomycota;c__Agaricomycetes;o__Agaricales;f__Agaricaceae;g__NA;s__NA","Fungi","Basidiomycota","Agaricomycetes","Agaricales","Agaricaceae",NA,NA,0,0,0,0,0,0,0,0,0,0
"k__Fungi;p__Basidiomycota;c__Agaricomycetes;o__Agaricales;f__Agaricaceae;g__Tulostoma;s__NA","Fungi","Basidiomycota","Agaricomycetes","Agaricales","Agaricaceae","Tulostoma",NA,0,0,22,53,0,0,0,0,0,0
"k__Fungi;p__Basidiomycota;c__Agaricomycetes;o__Agaricales;f__Amanitaceae;g__Amanita;s__NA","Fungi","Basidiomycota","Agaricomycetes","Agaricales","Amanitaceae","Amanita",NA,0,0,0,0,0,0,0,0,0,0
"k__Fungi;p__Basidiomycota;c__Agaricomycetes;o__Agaricales;f__Amanitaceae;g__Amanita;s__flavipes","Fungi","Basidiomycota","Agaricomycetes","Agaricales","Amanitaceae","Amanita","flavipes",0,0,0,0,0,0,0,0,0,0
"k__Fungi;p__Basidiomycota;c__Agaricomycetes;o__Agaricales;f__Amanitaceae;g__Amanita;s__orientigemmata","Fungi","Basidiomycota","Agaricomycetes","Agaricales","Amanitaceae","Amanita","orientigemmata",0,0,0,0,0,0,0,0,0,0
"k__Fungi;p__Basidiomycota;c__Agaricomycetes;o__Agaricales;f__Amanitaceae;g__Amanita;s__suballiacea","Fungi","Basidiomycota","Agaricomycetes","Agaricales","Amanitaceae","Amanita","suballiacea",0,0,0,0,0,0,0,0,0,0
"k__Fungi;p__Basidiomycota;c__Agaricomycetes;o__Agaricales;f__Bolbitiaceae;g__Agrocybe;s__putaminum","Fungi","Basidiomycota","Agaricomycetes","Agaricales","Bolbitiaceae","Agrocybe","putaminum",0,0,0,0,0,0,0,0,0,0
"k__Fungi;p__Basidiomycota;c__Agaricomycetes;o__Agaricales;f__Bolbitiaceae;g__Conocybe;s__moseri","Fungi","Basidiomycota","Agaricomycetes","Agaricales","Bolbitiaceae","Conocybe","moseri",0,0,0,0,0,0,0,0,0,0
"k__Fungi;p__Basidiomycota;c__Agaricomycetes;o__Agaricales;f__Catathelasmataceae;g__Callistosporium;s__luteo-olivaceum","Fungi","Basidiomycota","Agaricomycetes","Agaricales","Catathelasmataceae","Callistosporium","luteo-olivaceum",0,0,0,0,0,0,0,0,0,0
"k__Fungi;p__Basidiomycota;c__Agaricomycetes;o__Agaricales;f__Catathelasmataceae;g__Callistosporium;s__pinicola","Fungi","Basidiomycota","Agaricomycetes","Agaricales","Catathelasmataceae","Callistosporium","pinicola",0,166,0,0,0,0,586,0,0,0
"k__Fungi;p__Basidiomycota;c__Agaricomycetes;o__Agaricales;f__Clavariaceae;g__Mucronella;s__bresadolae","Fungi","Basidiomycota","Agaricomycetes","Agaricales","Clavariaceae","Mucronella","bresadolae",0,0,0,0,0,0,0,0,0,0
"k__Fungi;p__Basidiomycota;c__Agaricomycetes;o__Agaricales;f__Clavariaceae;g__NA;s__NA","Fungi","Basidiomycota","Agaricomycetes","Agaricales","Clavariaceae",NA,NA,0,0,0,0,0,0,0,0,0,0
"k__Fungi;p__Basidiomycota;c__Agaricomycetes;o__Agaricales;f__Cortinariaceae;g__Cortinarius;s__NA","Fungi","Basidiomycota","Agaricomycetes","Agaricales","Cortinariaceae","Cortinarius",NA,0,0,0,0,0,0,0,0,0,0
"k__Fungi;p__Basidiomycota;c__Agaricomycetes;o__Agaricales;f__Cortinariaceae;g__Cortinarius;s__biformis","Fungi","Basidiomycota","Agaricomycetes","Agaricales","Cortinariaceae","Cortinarius","biformis",0,0,0,0,0,0,0,0,0,0
"k__Fungi;p__Basidiomycota;c__Agaricomycetes;o__Agaricales;f__Cortinariaceae;g__Cortinarius;s__disjungendus","Fungi","Basidiomycota","Agaricomycetes","Agaricales","Cortinariaceae","Cortinarius","disjungendus",0,0,0,0,0,0,0,0,0,0
"k__Fungi;p__Basidiomycota;c__Agaricomycetes;o__Agaricales;f__Cortinariaceae;g__Cortinarius;s__mucosus","Fungi","Basidiomycota","Agaricomycetes","Agaricales","Cortinariaceae","Cortinarius","mucosus",0,0,0,0,0,0,0,0,0,0
"k__Fungi;p__Basidiomycota;c__Agaricomycetes;o__Agaricales;f__Cortinariaceae;g__Cortinarius;s__xantho-ochraceus","Fungi","Basidiomycota","Agaricomycetes","Agaricales","Cortinariaceae","Cortinarius","xantho-ochraceus",0,0,0,0,0,0,0,0,0,0
"k__Fungi;p__Basidiomycota;c__Agaricomycetes;o__Agaricales;f__Crepidotaceae;g__Crepidotus;s__crocophyllus","Fungi","Basidiomycota","Agaricomycetes","Agaricales","Crepidotaceae","Crepidotus","crocophyllus",0,0,0,0,0,0,0,0,0,0
"k__Fungi;p__Basidiomycota;c__Agaricomycetes;o__Agaricales;f__Cyphellaceae;g__Cyphellopsis;s__anomala","Fungi","Basidiomycota","Agaricomycetes","Agaricales","Cyphellaceae","Cyphellopsis","anomala",0,0,0,0,0,0,0,0,0,0
"k__Fungi;p__Basidiomycota;c__Agaricomycetes;o__Agaricales;f__Cystostereaceae;g__NA;s__NA","Fungi","Basidiomycota","Agaricomycetes","Agaricales","Cystostereaceae",NA,NA,0,0,0,0,0,0,0,0,0,0
"k__Fungi;p__Basidiomycota;c__Agaricomycetes;o__Agaricales;f__Entolomataceae;g__Clitopilus;s__NA","Fungi","Basidiomycota","Agaricomycetes","Agaricales","Entolomataceae","Clitopilus",NA,0,0,0,0,0,0,0,0,0,0
"k__Fungi;p__Basidiomycota;c__Agaricomycetes;o__Agaricales;f__Entolomataceae;g__Clitopilus;s__hobsonii","Fungi","Basidiomycota","Agaricomycetes","Agaricales","Entolomataceae","Clitopilus","hobsonii",0,0,0,0,0,0,33,0,0,0
"k__Fungi;p__Basidiomycota;c__Agaricomycetes;o__Agaricales;f__Entolomataceae;g__Entoloma;s__NA","Fungi","Basidiomycota","Agaricomycetes","Agaricales","Entolomataceae","Entoloma",NA,0,0,14,0,0,0,0,0,0,0
"k__Fungi;p__Basidiomycota;c__Agaricomycetes;o__Agaricales;f__Entolomataceae;g__Entoloma;s__atrosericeum-conicosericeum","Fungi","Basidiomycota","Agaricomycetes","Agaricales","Entolomataceae","Entoloma","atrosericeum-conicosericeum",0,0,0,0,0,0,0,0,0,0
"k__Fungi;p__Basidiomycota;c__Agaricomycetes;o__Agaricales;f__Entolomataceae;g__Entoloma;s__hirtipes-pseudofavrei","Fungi","Basidiomycota","Agaricomycetes","Agaricales","Entolomataceae","Entoloma","hirtipes-pseudofavrei",0,0,0,0,0,0,0,0,0,0
"k__Fungi;p__Basidiomycota;c__Agaricomycetes;o__Agaricales;f__Entolomataceae;g__Entoloma;s__korhonenii","Fungi","Basidiomycota","Agaricomycetes","Agaricales","Entolomataceae","Entoloma","korhonenii",0,0,0,0,0,0,0,0,0,0
"k__Fungi;p__Basidiomycota;c__Agaricomycetes;o__Agaricales;f__Entolomataceae;g__Entoloma;s__rhodocylix","Fungi","Basidiomycota","Agaricomycetes","Agaricales","Entolomataceae","Entoloma","rhodocylix",0,0,0,0,0,0,0,0,0,0
"k__Fungi;p__Basidiomycota;c__Agaricomycetes;o__Agaricales;f__Inocybaceae;g__Inocybe;s__mixtilis","Fungi","Basidiomycota","Agaricomycetes","Agaricales","Inocybaceae","Inocybe","mixtilis",0,0,0,0,0,0,0,0,0,0
"k__Fungi;p__Basidiomycota;c__Agaricomycetes;o__Agaricales;f__Lycoperdaceae;g__Bovista;s__aestivalis","Fungi","Basidiomycota","Agaricomycetes","Agaricales","Lycoperdaceae","Bovista","aestivalis",0,0,0,0,0,0,0,0,0,0
"k__Fungi;p__Basidiomycota;c__Agaricomycetes;o__Agaricales;f__Lycoperdaceae;g__Bovista;s__furfuracea","Fungi","Basidiomycota","Agaricomycetes","Agaricales","Lycoperdaceae","Bovista","furfuracea",0,0,0,0,0,0,0,0,0,0
"k__Fungi;p__Basidiomycota;c__Agaricomycetes;o__Agaricales;f__Lycoperdaceae;g__Calvatia;s__NA","Fungi","Basidiomycota","Agaricomycetes","Agaricales","Lycoperdaceae","Calvatia",NA,0,0,0,0,0,0,0,0,0,0
"k__Fungi;p__Basidiomycota;c__Agaricomycetes;o__Agaricales;f__Lycoperdaceae;g__Lycoperdon;s__excipuliforme","Fungi","Basidiomycota","Agaricomycetes","Agaricales","Lycoperdaceae","Lycoperdon","excipuliforme",0,0,0,0,0,0,0,0,0,0
"k__Fungi;p__Basidiomycota;c__Agaricomycetes;o__Agaricales;f__Lycoperdaceae;g__Lycoperdon;s__lambinonii-subcretaceum","Fungi","Basidiomycota","Agaricomycetes","Agaricales","Lycoperdaceae","Lycoperdon","lambinonii-subcretaceum",0,14,0,0,0,0,0,0,0,0
"k__Fungi;p__Basidiomycota;c__Agaricomycetes;o__Agaricales;f__Lycoperdaceae;g__Lycoperdon;s__lambinonii-subumbrinum-utriforme","Fungi","Basidiomycota","Agaricomycetes","Agaricales","Lycoperdaceae","Lycoperdon","lambinonii-subumbrinum-utriforme",0,0,0,0,0,0,0,0,0,0
"k__Fungi;p__Basidiomycota;c__Agaricomycetes;o__Agaricales;f__Lycoperdaceae;g__Lycoperdon;s__lambinonii-utriforme","Fungi","Basidiomycota","Agaricomycetes","Agaricales","Lycoperdaceae","Lycoperdon","lambinonii-utriforme",0,0,0,0,0,0,0,0,0,0
"k__Fungi;p__Basidiomycota;c__Agaricomycetes;o__Agaricales;f__Lycoperdaceae;g__Lycoperdon;s__pratense","Fungi","Basidiomycota","Agaricomycetes","Agaricales","Lycoperdaceae","Lycoperdon","pratense",0,0,0,0,0,0,0,0,0,0
"k__Fungi;p__Basidiomycota;c__Agaricomycetes;o__Agaricales;f__Lycoperdaceae;g__Lycoperdon;s__pyriforme","Fungi","Basidiomycota","Agaricomycetes","Agaricales","Lycoperdaceae","Lycoperdon","pyriforme",0,0,0,0,0,0,0,0,0,0
"k__Fungi;p__Basidiomycota;c__Agaricomycetes;o__Agaricales;f__Lycoperdaceae;g__Lycoperdon;s__rupicola","Fungi","Basidiomycota","Agaricomycetes","Agaricales","Lycoperdaceae","Lycoperdon","rupicola",0,0,0,0,0,0,0,0,0,0
"k__Fungi;p__Basidiomycota;c__Agaricomycetes;o__Agaricales;f__Lycoperdaceae;g__Lycoperdon;s__subcretaceum","Fungi","Basidiomycota","Agaricomycetes","Agaricales","Lycoperdaceae","Lycoperdon","subcretaceum",0,0,0,0,0,0,0,0,0,0
"k__Fungi;p__Basidiomycota;c__Agaricomycetes;o__Agaricales;f__Lycoperdaceae;g__Lycoperdon;s__subumbrinum","Fungi","Basidiomycota","Agaricomycetes","Agaricales","Lycoperdaceae","Lycoperdon","subumbrinum",0,0,0,0,0,0,0,0,0,0
"k__Fungi;p__Basidiomycota;c__Agaricomycetes;o__Agaricales;f__Lycoperdaceae;g__Lycoperdon;s__utriforme","Fungi","Basidiomycota","Agaricomycetes","Agaricales","Lycoperdaceae","Lycoperdon","utriforme",0,0,0,43,0,0,0,0,0,0
"k__Fungi;p__Basidiomycota;c__Agaricomycetes;o__Agaricales;f__Marasmiaceae;g__Campanella;s__NA","Fungi","Basidiomycota","Agaricomycetes","Agaricales","Marasmiaceae","Campanella",NA,0,0,0,0,0,0,0,0,0,0
"k__Fungi;p__Basidiomycota;c__Agaricomycetes;o__Agaricales;f__Marasmiaceae;g__Marasmius;s__NA","Fungi","Basidiomycota","Agaricomycetes","Agaricales","Marasmiaceae","Marasmius",NA,0,0,0,0,0,0,0,0,0,0
"k__Fungi;p__Basidiomycota;c__Agaricomycetes;o__Agaricales;f__Marasmiaceae;g__Marasmius;s__ferruginoides","Fungi","Basidiomycota","Agaricomycetes","Agaricales","Marasmiaceae","Marasmius","ferruginoides",0,0,0,0,0,0,0,0,0,0
"k__Fungi;p__Basidiomycota;c__Agaricomycetes;o__Agaricales;f__Marasmiaceae;g__Marasmius;s__imitarius","Fungi","Basidiomycota","Agaricomycetes","Agaricales","Marasmiaceae","Marasmius","imitarius",0,0,0,0,0,0,0,0,0,0
"k__Fungi;p__Basidiomycota;c__Agaricomycetes;o__Agaricales;f__Marasmiaceae;g__Marasmius;s__nigrodiscus","Fungi","Basidiomycota","Agaricomycetes","Agaricales","Marasmiaceae","Marasmius","nigrodiscus",0,0,0,0,0,0,0,0,0,0
"k__Fungi;p__Basidiomycota;c__Agaricomycetes;o__Agaricales;f__Mycenaceae;g__Cruentomycena;s__NA","Fungi","Basidiomycota","Agaricomycetes","Agaricales","Mycenaceae","Cruentomycena",NA,0,0,0,0,0,0,0,0,0,0
"k__Fungi;p__Basidiomycota;c__Agaricomycetes;o__Agaricales;f__Mycenaceae;g__Mycena;s__arcangeliana","Fungi","Basidiomycota","Agaricomycetes","Agaricales","Mycenaceae","Mycena","arcangeliana",0,0,0,0,0,0,0,0,0,0
"k__Fungi;p__Basidiomycota;c__Agaricomycetes;o__Agaricales;f__Mycenaceae;g__Mycena;s__epipterygia","Fungi","Basidiomycota","Agaricomycetes","Agaricales","Mycenaceae","Mycena","epipterygia",0,0,0,0,0,0,0,0,0,0
"k__Fungi;p__Basidiomycota;c__Agaricomycetes;o__Agaricales;f__Mycenaceae;g__Mycena;s__meliigena","Fungi","Basidiomycota","Agaricomycetes","Agaricales","Mycenaceae","Mycena","meliigena",0,0,0,0,0,0,0,0,0,0
"k__Fungi;p__Basidiomycota;c__Agaricomycetes;o__Agaricales;f__Mycenaceae;g__Mycena;s__meliigena-plumbea","Fungi","Basidiomycota","Agaricomycetes","Agaricales","Mycenaceae","Mycena","meliigena-plumbea",0,0,0,0,0,0,0,0,0,0
"k__Fungi;p__Basidiomycota;c__Agaricomycetes;o__Agaricales;f__Mycenaceae;g__Mycena;s__plumbea","Fungi","Basidiomycota","Agaricomycetes","Agaricales","Mycenaceae","Mycena","plumbea",0,0,0,0,0,0,0,0,0,0
"k__Fungi;p__Basidiomycota;c__Agaricomycetes;o__Agaricales;f__Mycenaceae;g__Xeromphalina;s__cauticinalis","Fungi","Basidiomycota","Agaricomycetes","Agaricales","Mycenaceae","Xeromphalina","cauticinalis",0,0,0,0,0,0,0,0,0,0
"k__Fungi;p__Basidiomycota;c__Agaricomycetes;o__Agaricales;f__NA;g__Dendrothele;s__nivosa","Fungi","Basidiomycota","Agaricomycetes","Agaricales",NA,"Dendrothele","nivosa",0,0,0,0,0,0,0,0,0,0
"k__Fungi;p__Basidiomycota;c__Agaricomycetes;o__Agaricales;f__NA;g__NA;s__NA","Fungi","Basidiomycota","Agaricomycetes","Agaricales",NA,NA,NA,0,0,0,0,0,0,0,0,0,41
"k__Fungi;p__Basidiomycota;c__Agaricomycetes;o__Agaricales;f__Omphalotaceae;g__Gymnopus;s__NA","Fungi","Basidiomycota","Agaricomycetes","Agaricales","Omphalotaceae","Gymnopus",NA,0,0,0,0,0,0,0,0,0,0
"k__Fungi;p__Basidiomycota;c__Agaricomycetes;o__Agaricales;f__Omphalotaceae;g__Gymnopus;s__menehune","Fungi","Basidiomycota","Agaricomycetes","Agaricales","Omphalotaceae","Gymnopus","menehune",0,0,0,0,0,0,0,0,0,0
"k__Fungi;p__Basidiomycota;c__Agaricomycetes;o__Agaricales;f__Omphalotaceae;g__Rhodocollybia;s__NA","Fungi","Basidiomycota","Agaricomycetes","Agaricales","Omphalotaceae","Rhodocollybia",NA,0,0,0,0,0,0,0,0,0,0
"k__Fungi;p__Basidiomycota;c__Agaricomycetes;o__Agaricales;f__Omphalotaceae;g__Rhodocollybia;s__butyracea","Fungi","Basidiomycota","Agaricomycetes","Agaricales","Omphalotaceae","Rhodocollybia","butyracea",0,0,0,0,0,0,0,0,0,0
"k__Fungi;p__Basidiomycota;c__Agaricomycetes;o__Agaricales;f__Omphalotaceae;g__Rhodocollybia;s__prolixa","Fungi","Basidiomycota","Agaricomycetes","Agaricales","Omphalotaceae","Rhodocollybia","prolixa",0,0,0,0,0,0,0,0,0,0
"k__Fungi;p__Basidiomycota;c__Agaricomycetes;o__Agaricales;f__Physalacriaceae;g__Armillaria;s__mellea","Fungi","Basidiomycota","Agaricomycetes","Agaricales","Physalacriaceae","Armillaria","mellea",0,0,0,0,0,0,0,0,0,0
"k__Fungi;p__Basidiomycota;c__Agaricomycetes;o__Agaricales;f__Physalacriaceae;g__Cryptomarasmius;s__crescentiae","Fungi","Basidiomycota","Agaricomycetes","Agaricales","Physalacriaceae","Cryptomarasmius","crescentiae",0,0,0,0,0,0,0,0,0,0
"k__Fungi;p__Basidiomycota;c__Agaricomycetes;o__Agaricales;f__Physalacriaceae;g__Cylindrobasidium;s__evolvens","Fungi","Basidiomycota","Agaricomycetes","Agaricales","Physalacriaceae","Cylindrobasidium","evolvens",0,0,0,0,0,0,0,0,0,0
"k__Fungi;p__Basidiomycota;c__Agaricomycetes;o__Agaricales;f__Pluteaceae;g__Pluteus;s__elaphinus-orestes-spegazzinianus","Fungi","Basidiomycota","Agaricomycetes","Agaricales","Pluteaceae","Pluteus","elaphinus-orestes-spegazzinianus",0,0,0,0,0,0,0,0,0,0
"k__Fungi;p__Basidiomycota;c__Agaricomycetes;o__Agaricales;f__Pluteaceae;g__Pluteus;s__hongoi","Fungi","Basidiomycota","Agaricomycetes","Agaricales","Pluteaceae","Pluteus","hongoi",0,0,0,0,0,0,0,0,0,0
"k__Fungi;p__Basidiomycota;c__Agaricomycetes;o__Agaricales;f__Pluteaceae;g__Pluteus;s__petasatus","Fungi","Basidiomycota","Agaricomycetes","Agaricales","Pluteaceae","Pluteus","petasatus",0,0,0,0,0,0,37,0,0,0
"k__Fungi;p__Basidiomycota;c__Agaricomycetes;o__Agaricales;f__Pluteaceae;g__Pluteus;s__thomsonii","Fungi","Basidiomycota","Agaricomycetes","Agaricales","Pluteaceae","Pluteus","thomsonii",0,0,0,0,0,0,0,0,0,0
"k__Fungi;p__Basidiomycota;c__Agaricomycetes;o__Agaricales;f__Psathyrellaceae;g__Coprinellus;s__NA","Fungi","Basidiomycota","Agaricomycetes","Agaricales","Psathyrellaceae","Coprinellus",NA,0,0,0,0,0,0,0,0,0,0
"k__Fungi;p__Basidiomycota;c__Agaricomycetes;o__Agaricales;f__Psathyrellaceae;g__Coprinellus;s__brevisetulosus","Fungi","Basidiomycota","Agaricomycetes","Agaricales","Psathyrellaceae","Coprinellus","brevisetulosus",0,0,0,0,0,0,0,0,0,0
"k__Fungi;p__Basidiomycota;c__Agaricomycetes;o__Agaricales;f__Psathyrellaceae;g__Coprinellus;s__callinus-heterosetulosus","Fungi","Basidiomycota","Agaricomycetes","Agaricales","Psathyrellaceae","Coprinellus","callinus-heterosetulosus",0,0,22,0,0,0,0,0,0,0
"k__Fungi;p__Basidiomycota;c__Agaricomycetes;o__Agaricales;f__Psathyrellaceae;g__Coprinellus;s__callinus-heterosetulosus-plagioporus","Fungi","Basidiomycota","Agaricomycetes","Agaricales","Psathyrellaceae","Coprinellus","callinus-heterosetulosus-plagioporus",0,0,0,0,0,0,0,0,0,0
"k__Fungi;p__Basidiomycota;c__Agaricomycetes;o__Agaricales;f__Psathyrellaceae;g__Coprinellus;s__disseminatus","Fungi","Basidiomycota","Agaricomycetes","Agaricales","Psathyrellaceae","Coprinellus","disseminatus",0,0,0,0,0,0,0,0,0,0
"k__Fungi;p__Basidiomycota;c__Agaricomycetes;o__Agaricales;f__Psathyrellaceae;g__Coprinellus;s__ellisii","Fungi","Basidiomycota","Agaricomycetes","Agaricales","Psathyrellaceae","Coprinellus","ellisii",0,0,0,0,0,0,0,0,0,0
"k__Fungi;p__Basidiomycota;c__Agaricomycetes;o__Agaricales;f__Psathyrellaceae;g__Coprinellus;s__eurysporus","Fungi","Basidiomycota","Agaricomycetes","Agaricales","Psathyrellaceae","Coprinellus","eurysporus",0,0,0,0,0,0,0,0,0,0
"k__Fungi;p__Basidiomycota;c__Agaricomycetes;o__Agaricales;f__Psathyrellaceae;g__Coprinellus;s__heptemerus","Fungi","Basidiomycota","Agaricomycetes","Agaricales","Psathyrellaceae","Coprinellus","heptemerus",0,0,0,0,0,0,0,0,0,0
"k__Fungi;p__Basidiomycota;c__Agaricomycetes;o__Agaricales;f__Psathyrellaceae;g__Coprinellus;s__micaceus","Fungi","Basidiomycota","Agaricomycetes","Agaricales","Psathyrellaceae","Coprinellus","micaceus",0,0,0,0,0,0,0,0,0,0
"k__Fungi;p__Basidiomycota;c__Agaricomycetes;o__Agaricales;f__Psathyrellaceae;g__Coprinellus;s__pallidus","Fungi","Basidiomycota","Agaricomycetes","Agaricales","Psathyrellaceae","Coprinellus","pallidus",0,0,0,0,0,0,0,0,0,0
"k__Fungi;p__Basidiomycota;c__Agaricomycetes;o__Agaricales;f__Psathyrellaceae;g__Coprinopsis;s__NA","Fungi","Basidiomycota","Agaricomycetes","Agaricales","Psathyrellaceae","Coprinopsis",NA,0,0,0,0,0,0,0,0,0,0
"k__Fungi;p__Basidiomycota;c__Agaricomycetes;o__Agaricales;f__Psathyrellaceae;g__Coprinopsis;s__atramentaria","Fungi","Basidiomycota","Agaricomycetes","Agaricales","Psathyrellaceae","Coprinopsis","atramentaria",0,0,0,0,0,0,0,0,0,0
"k__Fungi;p__Basidiomycota;c__Agaricomycetes;o__Agaricales;f__Psathyrellaceae;g__Coprinopsis;s__cinerea","Fungi","Basidiomycota","Agaricomycetes","Agaricales","Psathyrellaceae","Coprinopsis","cinerea",0,46818,0,0,0,0,1012,0,0,0
"k__Fungi;p__Basidiomycota;c__Agaricomycetes;o__Agaricales;f__Psathyrellaceae;g__Coprinopsis;s__clastophylla","Fungi","Basidiomycota","Agaricomycetes","Agaricales","Psathyrellaceae","Coprinopsis","clastophylla",0,0,0,0,0,0,0,0,0,0
"k__Fungi;p__Basidiomycota;c__Agaricomycetes;o__Agaricales;f__Psathyrellaceae;g__Coprinopsis;s__echinospora","Fungi","Basidiomycota","Agaricomycetes","Agaricales","Psathyrellaceae","Coprinopsis","echinospora",0,0,0,0,0,0,0,0,0,0
"k__Fungi;p__Basidiomycota;c__Agaricomycetes;o__Agaricales;f__Psathyrellaceae;g__Coprinopsis;s__rugosobispora","Fungi","Basidiomycota","Agaricomycetes","Agaricales","Psathyrellaceae","Coprinopsis","rugosobispora",0,0,0,0,0,0,0,0,0,0
"k__Fungi;p__Basidiomycota;c__Agaricomycetes;o__Agaricales;f__Psathyrellaceae;g__Coprinopsis;s__vermiculifer","Fungi","Basidiomycota","Agaricomycetes","Agaricales","Psathyrellaceae","Coprinopsis","vermiculifer",0,0,0,0,0,0,0,0,0,0
"k__Fungi;p__Basidiomycota;c__Agaricomycetes;o__Agaricales;f__Psathyrellaceae;g__Coprinopsis;s__villosa","Fungi","Basidiomycota","Agaricomycetes","Agaricales","Psathyrellaceae","Coprinopsis","villosa",0,0,0,0,0,0,0,0,0,0
"k__Fungi;p__Basidiomycota;c__Agaricomycetes;o__Agaricales;f__Psathyrellaceae;g__NA;s__NA","Fungi","Basidiomycota","Agaricomycetes","Agaricales","Psathyrellaceae",NA,NA,0,0,140,17,0,0,30,513,0,0
"k__Fungi;p__Basidiomycota;c__Agaricomycetes;o__Agaricales;f__Psathyrellaceae;g__Parasola;s__setulosa","Fungi","Basidiomycota","Agaricomycetes","Agaricales","Psathyrellaceae","Parasola","setulosa",0,0,0,0,0,0,0,0,0,0
"k__Fungi;p__Basidiomycota;c__Agaricomycetes;o__Agaricales;f__Psathyrellaceae;g__Psathyrella;s__NA","Fungi","Basidiomycota","Agaricomycetes","Agaricales","Psathyrellaceae","Psathyrella",NA,0,0,0,0,0,0,0,0,0,0
"k__Fungi;p__Basidiomycota;c__Agaricomycetes;o__Agaricales;f__Psathyrellaceae;g__Psathyrella;s__candolleana","Fungi","Basidiomycota","Agaricomycetes","Agaricales","Psathyrellaceae","Psathyrella","candolleana",0,0,0,0,0,0,0,0,0,0
"k__Fungi;p__Basidiomycota;c__Agaricomycetes;o__Agaricales;f__Psathyrellaceae;g__Psathyrella;s__piluliformis","Fungi","Basidiomycota","Agaricomycetes","Agaricales","Psathyrellaceae","Psathyrella","piluliformis",0,0,0,0,0,0,0,0,0,0
"k__Fungi;p__Basidiomycota;c__Agaricomycetes;o__Agaricales;f__Psathyrellaceae;g__Psathyrella;s__sacchariolens","Fungi","Basidiomycota","Agaricomycetes","Agaricales","Psathyrellaceae","Psathyrella","sacchariolens",0,0,0,0,0,0,0,0,0,0
"k__Fungi;p__Basidiomycota;c__Agaricomycetes;o__Agaricales;f__Psathyrellaceae;g__Psathyrella;s__sulcatotuberculosa","Fungi","Basidiomycota","Agaricomycetes","Agaricales","Psathyrellaceae","Psathyrella","sulcatotuberculosa",0,0,0,0,0,0,0,0,0,0
"k__Fungi;p__Basidiomycota;c__Agaricomycetes;o__Agaricales;f__Schizophyllaceae;g__Chondrostereum;s__purpureum","Fungi","Basidiomycota","Agaricomycetes","Agaricales","Schizophyllaceae","Chondrostereum","purpureum",0,0,0,0,0,0,0,0,0,0
"k__Fungi;p__Basidiomycota;c__Agaricomycetes;o__Agaricales;f__Schizophyllaceae;g__Henningsomyces;s__NA","Fungi","Basidiomycota","Agaricomycetes","Agaricales","Schizophyllaceae","Henningsomyces",NA,0,0,0,0,0,0,0,0,0,0
"k__Fungi;p__Basidiomycota;c__Agaricomycetes;o__Agaricales;f__Schizophyllaceae;g__Schizophyllum;s__commune","Fungi","Basidiomycota","Agaricomycetes","Agaricales","Schizophyllaceae","Schizophyllum","commune",0,0,0,0,0,0,0,0,0,0
"k__Fungi;p__Basidiomycota;c__Agaricomycetes;o__Agaricales;f__Strophariaceae;g__Galerina-Pholiota;s__lubrica-velaglutinosa","Fungi","Basidiomycota","Agaricomycetes","Agaricales","Strophariaceae","Galerina-Pholiota","lubrica-velaglutinosa",0,0,0,0,0,0,0,0,0,0
"k__Fungi;p__Basidiomycota;c__Agaricomycetes;o__Agaricales;f__Strophariaceae;g__Galerina;s__NA","Fungi","Basidiomycota","Agaricomycetes","Agaricales","Strophariaceae","Galerina",NA,0,0,0,0,0,0,0,0,0,0
"k__Fungi;p__Basidiomycota;c__Agaricomycetes;o__Agaricales;f__Strophariaceae;g__Hypholoma;s__australe-brunneum-fasciculare","Fungi","Basidiomycota","Agaricomycetes","Agaricales","Strophariaceae","Hypholoma","australe-brunneum-fasciculare",0,0,0,0,0,0,0,0,0,0
"k__Fungi;p__Basidiomycota;c__Agaricomycetes;o__Agaricales;f__Strophariaceae;g__Hypholoma;s__fasciculare","Fungi","Basidiomycota","Agaricomycetes","Agaricales","Strophariaceae","Hypholoma","fasciculare",0,0,0,0,0,0,0,0,0,0
"k__Fungi;p__Basidiomycota;c__Agaricomycetes;o__Agaricales;f__Strophariaceae;g__Pholiota;s__castanea","Fungi","Basidiomycota","Agaricomycetes","Agaricales","Strophariaceae","Pholiota","castanea",0,0,0,0,0,0,0,0,0,0
"k__Fungi;p__Basidiomycota;c__Agaricomycetes;o__Agaricales;f__Strophariaceae;g__Pholiota;s__conissans","Fungi","Basidiomycota","Agaricomycetes","Agaricales","Strophariaceae","Pholiota","conissans",0,0,0,0,0,0,0,0,0,0
"k__Fungi;p__Basidiomycota;c__Agaricomycetes;o__Agaricales;f__Strophariaceae;g__Psilocybe;s__NA","Fungi","Basidiomycota","Agaricomycetes","Agaricales","Strophariaceae","Psilocybe",NA,0,0,0,0,19,0,0,0,0,0
"k__Fungi;p__Basidiomycota;c__Agaricomycetes;o__Agaricales;f__Tricholomataceae;g__Baeospora;s__myosura","Fungi","Basidiomycota","Agaricomycetes","Agaricales","Tricholomataceae","Baeospora","myosura",0,0,0,0,0,0,0,0,0,0
"k__Fungi;p__Basidiomycota;c__Agaricomycetes;o__Agaricales;f__Tricholomataceae;g__Clitocybe;s__NA","Fungi","Basidiomycota","Agaricomycetes","Agaricales","Tricholomataceae","Clitocybe",NA,0,0,0,0,0,0,0,0,0,0
"k__Fungi;p__Basidiomycota;c__Agaricomycetes;o__Agaricales;f__Tricholomataceae;g__Clitocybe;s__metachroa","Fungi","Basidiomycota","Agaricomycetes","Agaricales","Tricholomataceae","Clitocybe","metachroa",0,0,0,0,0,0,0,0,0,0
"k__Fungi;p__Basidiomycota;c__Agaricomycetes;o__Agaricales;f__Tricholomataceae;g__Collybia;s__maculata","Fungi","Basidiomycota","Agaricomycetes","Agaricales","Tricholomataceae","Collybia","maculata",0,0,0,0,0,0,0,0,0,0
"k__Fungi;p__Basidiomycota;c__Agaricomycetes;o__Agaricales;f__Tricholomataceae;g__Flagelloscypha;s__minutissima","Fungi","Basidiomycota","Agaricomycetes","Agaricales","Tricholomataceae","Flagelloscypha","minutissima",0,0,0,0,0,0,45,0,0,0
"k__Fungi;p__Basidiomycota;c__Agaricomycetes;o__Agaricales;f__Tricholomataceae;g__Laccaria;s__NA","Fungi","Basidiomycota","Agaricomycetes","Agaricales","Tricholomataceae","Laccaria",NA,0,0,0,0,0,0,0,0,0,0
"k__Fungi;p__Basidiomycota;c__Agaricomycetes;o__Agaricales;f__Tricholomataceae;g__Laccaria;s__laccata-trichodermophora","Fungi","Basidiomycota","Agaricomycetes","Agaricales","Tricholomataceae","Laccaria","laccata-trichodermophora",0,0,0,0,0,0,0,0,0,0
"k__Fungi;p__Basidiomycota;c__Agaricomycetes;o__Agaricales;f__Tricholomataceae;g__Lepista;s__nuda","Fungi","Basidiomycota","Agaricomycetes","Agaricales","Tricholomataceae","Lepista","nuda",0,0,0,0,0,0,0,0,0,0
"k__Fungi;p__Basidiomycota;c__Agaricomycetes;o__Agaricales;f__Tricholomataceae;g__Lepista;s__sordida","Fungi","Basidiomycota","Agaricomycetes","Agaricales","Tricholomataceae","Lepista","sordida",0,0,0,0,0,0,0,0,0,0
"k__Fungi;p__Basidiomycota;c__Agaricomycetes;o__Agaricales;f__Tricholomataceae;g__NA;s__NA","Fungi","Basidiomycota","Agaricomycetes","Agaricales","Tricholomataceae",NA,NA,0,0,0,0,0,0,0,0,0,0
"k__Fungi;p__Basidiomycota;c__Agaricomycetes;o__Agaricales;f__Tricholomataceae;g__Tricholoma;s__caligatum","Fungi","Basidiomycota","Agaricomycetes","Agaricales","Tricholomataceae","Tricholoma","caligatum",0,0,0,0,0,0,0,0,0,0
"k__Fungi;p__Basidiomycota;c__Agaricomycetes;o__Agaricales;f__Tricholomataceae;g__Tricholoma;s__equestre","Fungi","Basidiomycota","Agaricomycetes","Agaricales","Tricholomataceae","Tricholoma","equestre",0,0,0,0,0,0,0,0,0,0
"k__Fungi;p__Basidiomycota;c__Agaricomycetes;o__Agaricales;f__Tricholomataceae;g__Tricholoma;s__imbricatum","Fungi","Basidiomycota","Agaricomycetes","Agaricales","Tricholomataceae","Tricholoma","imbricatum",0,0,0,0,0,0,0,0,0,0
"k__Fungi;p__Basidiomycota;c__Agaricomycetes;o__Agaricales;f__Tricholomataceae;g__Tricholoma;s__portentosum","Fungi","Basidiomycota","Agaricomycetes","Agaricales","Tricholomataceae","Tricholoma","portentosum",0,0,0,0,0,0,0,0,0,0
"k__Fungi;p__Basidiomycota;c__Agaricomycetes;o__Amylocorticiales;f__Amylocorticiaceae;g__Amyloxenasma;s__NA","Fungi","Basidiomycota","Agaricomycetes","Amylocorticiales","Amylocorticiaceae","Amyloxenasma",NA,0,0,0,0,0,0,0,0,0,0
"k__Fungi;p__Basidiomycota;c__Agaricomycetes;o__Amylocorticiales;f__Amylocorticiaceae;g__Ceraceomyces;s__NA","Fungi","Basidiomycota","Agaricomycetes","Amylocorticiales","Amylocorticiaceae","Ceraceomyces",NA,0,0,0,0,0,0,0,0,0,0
"k__Fungi;p__Basidiomycota;c__Agaricomycetes;o__Amylocorticiales;f__Amylocorticiaceae;g__Ceraceomyces;s__serpens","Fungi","Basidiomycota","Agaricomycetes","Amylocorticiales","Amylocorticiaceae","Ceraceomyces","serpens",0,0,0,0,0,0,0,0,0,0
"k__Fungi;p__Basidiomycota;c__Agaricomycetes;o__Atheliales;f__Atheliaceae;g__Amphinema;s__NA","Fungi","Basidiomycota","Agaricomycetes","Atheliales","Atheliaceae","Amphinema",NA,0,0,0,0,0,0,0,0,0,0
"k__Fungi;p__Basidiomycota;c__Agaricomycetes;o__Atheliales;f__Atheliaceae;g__Athelia;s__decipiens","Fungi","Basidiomycota","Agaricomycetes","Atheliales","Atheliaceae","Athelia","decipiens",0,0,0,0,0,0,0,0,0,0
"k__Fungi;p__Basidiomycota;c__Agaricomycetes;o__Atheliales;f__Atheliaceae;g__Leptosporomyces;s__NA","Fungi","Basidiomycota","Agaricomycetes","Atheliales","Atheliaceae","Leptosporomyces",NA,0,0,0,0,0,0,0,0,0,0
"k__Fungi;p__Basidiomycota;c__Agaricomycetes;o__Atheliales;f__Atheliaceae;g__NA;s__NA","Fungi","Basidiomycota","Agaricomycetes","Atheliales","Atheliaceae",NA,NA,0,0,0,0,0,0,52,0,0,0
"k__Fungi;p__Basidiomycota;c__Agaricomycetes;o__Atheliales;f__Atheliaceae;g__Tylospora;s__NA","Fungi","Basidiomycota","Agaricomycetes","Atheliales","Atheliaceae","Tylospora",NA,0,0,0,0,0,0,0,0,0,0
"k__Fungi;p__Basidiomycota;c__Agaricomycetes;o__Atheliales;f__Atheliaceae;g__Tylospora;s__fibrillosa","Fungi","Basidiomycota","Agaricomycetes","Atheliales","Atheliaceae","Tylospora","fibrillosa",0,0,0,0,0,0,0,0,0,0
"k__Fungi;p__Basidiomycota;c__Agaricomycetes;o__Auriculariales;f__Aporpiaceae;g__Elmerina;s__NA","Fungi","Basidiomycota","Agaricomycetes","Auriculariales","Aporpiaceae","Elmerina",NA,0,0,0,0,0,52,0,0,0,0
"k__Fungi;p__Basidiomycota;c__Agaricomycetes;o__Auriculariales;f__Aporpiaceae;g__Elmerina;s__caryae","Fungi","Basidiomycota","Agaricomycetes","Auriculariales","Aporpiaceae","Elmerina","caryae",0,0,0,0,0,0,0,0,0,0
"k__Fungi;p__Basidiomycota;c__Agaricomycetes;o__Auriculariales;f__Auriculariaceae;g__Auricularia;s__NA","Fungi","Basidiomycota","Agaricomycetes","Auriculariales","Auriculariaceae","Auricularia",NA,0,0,0,0,0,0,0,0,0,0
"k__Fungi;p__Basidiomycota;c__Agaricomycetes;o__Auriculariales;f__Auriculariaceae;g__NA;s__NA","Fungi","Basidiomycota","Agaricomycetes","Auriculariales","Auriculariaceae",NA,NA,0,0,0,0,0,0,0,0,0,0
"k__Fungi;p__Basidiomycota;c__Agaricomycetes;o__Auriculariales;f__Exidiaceae;g__Basidiodendron;s__NA","Fungi","Basidiomycota","Agaricomycetes","Auriculariales","Exidiaceae","Basidiodendron",NA,0,0,0,0,0,0,0,0,0,0
"k__Fungi;p__Basidiomycota;c__Agaricomycetes;o__Auriculariales;f__Exidiaceae;g__Exidia-Exidiopsis;s__repanda","Fungi","Basidiomycota","Agaricomycetes","Auriculariales","Exidiaceae","Exidia-Exidiopsis","repanda",0,0,0,0,0,0,0,0,0,0
"k__Fungi;p__Basidiomycota;c__Agaricomycetes;o__Auriculariales;f__Exidiaceae;g__Exidia;s__glandulosa","Fungi","Basidiomycota","Agaricomycetes","Auriculariales","Exidiaceae","Exidia","glandulosa",0,0,0,0,0,0,0,0,0,0
"k__Fungi;p__Basidiomycota;c__Agaricomycetes;o__Auriculariales;f__Exidiaceae;g__Exidia;s__recisa","Fungi","Basidiomycota","Agaricomycetes","Auriculariales","Exidiaceae","Exidia","recisa",0,0,0,0,0,0,0,0,0,0
"k__Fungi;p__Basidiomycota;c__Agaricomycetes;o__Auriculariales;f__Hyaloriaceae;g__NA;s__NA","Fungi","Basidiomycota","Agaricomycetes","Auriculariales","Hyaloriaceae",NA,NA,0,0,0,0,0,0,0,0,0,0
"k__Fungi;p__Basidiomycota;c__Agaricomycetes;o__Auriculariales;f__NA;g__Heterochaetella;s__NA","Fungi","Basidiomycota","Agaricomycetes","Auriculariales",NA,"Heterochaetella",NA,0,0,0,0,0,0,0,0,0,0
"k__Fungi;p__Basidiomycota;c__Agaricomycetes;o__Auriculariales;f__NA;g__NA;s__NA","Fungi","Basidiomycota","Agaricomycetes","Auriculariales",NA,NA,NA,0,0,0,0,0,0,0,0,0,0
"k__Fungi;p__Basidiomycota;c__Agaricomycetes;o__Boletales;f__Astraeaceae;g__Astraeus;s__odoratus","Fungi","Basidiomycota","Agaricomycetes","Boletales","Astraeaceae","Astraeus","odoratus",0,0,0,0,0,0,0,0,0,0
"k__Fungi;p__Basidiomycota;c__Agaricomycetes;o__Boletales;f__Boletaceae;g__Boletus;s__NA","Fungi","Basidiomycota","Agaricomycetes","Boletales","Boletaceae","Boletus",NA,0,0,0,0,0,0,0,0,0,0
"k__Fungi;p__Basidiomycota;c__Agaricomycetes;o__Boletales;f__Boletaceae;g__Chalciporus;s__rubinellus","Fungi","Basidiomycota","Agaricomycetes","Boletales","Boletaceae","Chalciporus","rubinellus",0,0,0,0,0,0,0,0,0,0
"k__Fungi;p__Basidiomycota;c__Agaricomycetes;o__Boletales;f__Boletaceae;g__NA;s__NA","Fungi","Basidiomycota","Agaricomycetes","Boletales","Boletaceae",NA,NA,0,0,0,0,0,0,0,0,0,0
"k__Fungi;p__Basidiomycota;c__Agaricomycetes;o__Boletales;f__Boletaceae;g__Retiboletus;s__ornatipes","Fungi","Basidiomycota","Agaricomycetes","Boletales","Boletaceae","Retiboletus","ornatipes",0,34,0,0,0,0,0,0,0,0
"k__Fungi;p__Basidiomycota;c__Agaricomycetes;o__Boletales;f__Boletaceae;g__Strobilomyces;s__NA","Fungi","Basidiomycota","Agaricomycetes","Boletales","Boletaceae","Strobilomyces",NA,0,0,0,0,0,0,0,0,0,0
"k__Fungi;p__Basidiomycota;c__Agaricomycetes;o__Boletales;f__Boletaceae;g__Strobilomyces;s__strobilaceus","Fungi","Basidiomycota","Agaricomycetes","Boletales","Boletaceae","Strobilomyces","strobilaceus",0,96,0,0,0,0,0,0,0,0
"k__Fungi;p__Basidiomycota;c__Agaricomycetes;o__Boletales;f__Boletaceae;g__Tylopilus;s__rubrobrunneus","Fungi","Basidiomycota","Agaricomycetes","Boletales","Boletaceae","Tylopilus","rubrobrunneus",0,11,0,0,0,0,19,0,0,0
"k__Fungi;p__Basidiomycota;c__Agaricomycetes;o__Boletales;f__Coniophoraceae;g__Coniophora;s__NA","Fungi","Basidiomycota","Agaricomycetes","Boletales","Coniophoraceae","Coniophora",NA,0,0,0,0,0,0,0,0,0,0
"k__Fungi;p__Basidiomycota;c__Agaricomycetes;o__Boletales;f__Coniophoraceae;g__Coniophora;s__marmorata","Fungi","Basidiomycota","Agaricomycetes","Boletales","Coniophoraceae","Coniophora","marmorata",0,0,0,0,0,0,0,0,0,0
"k__Fungi;p__Basidiomycota;c__Agaricomycetes;o__Boletales;f__Coniophoraceae;g__Coniophora;s__opuntiae","Fungi","Basidiomycota","Agaricomycetes","Boletales","Coniophoraceae","Coniophora","opuntiae",0,0,0,0,0,0,0,0,0,0
"k__Fungi;p__Basidiomycota;c__Agaricomycetes;o__Boletales;f__NA;g__Leucogyrophana;s__olivascens","Fungi","Basidiomycota","Agaricomycetes","Boletales",NA,"Leucogyrophana","olivascens",0,0,0,0,0,0,0,0,0,0
"k__Fungi;p__Basidiomycota;c__Agaricomycetes;o__Boletales;f__NA;g__NA;s__NA","Fungi","Basidiomycota","Agaricomycetes","Boletales",NA,NA,NA,0,0,0,0,0,0,0,0,0,0
"k__Fungi;p__Basidiomycota;c__Agaricomycetes;o__Boletales;f__Pisolithaceae;g__Pisolithus;s__arhizus","Fungi","Basidiomycota","Agaricomycetes","Boletales","Pisolithaceae","Pisolithus","arhizus",0,15,0,0,0,0,32,0,0,0
"k__Fungi;p__Basidiomycota;c__Agaricomycetes;o__Boletales;f__Rhizopogonaceae;g__Rhizopogon;s__NA","Fungi","Basidiomycota","Agaricomycetes","Boletales","Rhizopogonaceae","Rhizopogon",NA,0,0,0,0,0,0,0,0,0,0
"k__Fungi;p__Basidiomycota;c__Agaricomycetes;o__Boletales;f__Rhizopogonaceae;g__Rhizopogon;s__albidus","Fungi","Basidiomycota","Agaricomycetes","Boletales","Rhizopogonaceae","Rhizopogon","albidus",0,12,0,0,0,0,0,0,0,0
"k__Fungi;p__Basidiomycota;c__Agaricomycetes;o__Boletales;f__Rhizopogonaceae;g__Rhizopogon;s__pseudoroseolus","Fungi","Basidiomycota","Agaricomycetes","Boletales","Rhizopogonaceae","Rhizopogon","pseudoroseolus",0,0,0,0,0,0,30,0,0,0
"k__Fungi;p__Basidiomycota;c__Agaricomycetes;o__Boletales;f__Sclerodermataceae;g__Scleroderma;s__cepa","Fungi","Basidiomycota","Agaricomycetes","Boletales","Sclerodermataceae","Scleroderma","cepa",0,0,0,0,0,0,0,0,0,0
"k__Fungi;p__Basidiomycota;c__Agaricomycetes;o__Boletales;f__Suillaceae;g__Suillus;s__NA","Fungi","Basidiomycota","Agaricomycetes","Boletales","Suillaceae","Suillus",NA,0,0,0,0,0,0,0,0,0,0
"k__Fungi;p__Basidiomycota;c__Agaricomycetes;o__Boletales;f__Suillaceae;g__Suillus;s__brevipes","Fungi","Basidiomycota","Agaricomycetes","Boletales","Suillaceae","Suillus","brevipes",0,0,0,0,0,0,0,0,0,0
"k__Fungi;p__Basidiomycota;c__Agaricomycetes;o__Boletales;f__Suillaceae;g__Suillus;s__variegatus","Fungi","Basidiomycota","Agaricomycetes","Boletales","Suillaceae","Suillus","variegatus",0,0,0,0,0,0,0,0,0,0
"k__Fungi;p__Basidiomycota;c__Agaricomycetes;o__Boletales;f__Tapinellaceae;g__Tapinella;s__panuoides","Fungi","Basidiomycota","Agaricomycetes","Boletales","Tapinellaceae","Tapinella","panuoides",0,0,0,0,0,0,0,0,0,0
"k__Fungi;p__Basidiomycota;c__Agaricomycetes;o__Cantharellales;f__Botryobasidiaceae;g__Botryobasidium;s__NA","Fungi","Basidiomycota","Agaricomycetes","Cantharellales","Botryobasidiaceae","Botryobasidium",NA,0,0,0,0,0,0,0,0,0,0
"k__Fungi;p__Basidiomycota;c__Agaricomycetes;o__Cantharellales;f__Botryobasidiaceae;g__Botryobasidium;s__candicans","Fungi","Basidiomycota","Agaricomycetes","Cantharellales","Botryobasidiaceae","Botryobasidium","candicans",0,0,0,0,0,0,0,0,0,0
"k__Fungi;p__Basidiomycota;c__Agaricomycetes;o__Cantharellales;f__Ceratobasidiaceae;g__Ceratobasidium;s__NA","Fungi","Basidiomycota","Agaricomycetes","Cantharellales","Ceratobasidiaceae","Ceratobasidium",NA,0,0,0,0,0,0,0,0,0,0
"k__Fungi;p__Basidiomycota;c__Agaricomycetes;o__Cantharellales;f__Ceratobasidiaceae;g__NA;s__NA","Fungi","Basidiomycota","Agaricomycetes","Cantharellales","Ceratobasidiaceae",NA,NA,0,0,0,0,0,0,0,0,0,0
"k__Fungi;p__Basidiomycota;c__Agaricomycetes;o__Cantharellales;f__Ceratobasidiaceae;g__Thanatephorus;s__NA","Fungi","Basidiomycota","Agaricomycetes","Cantharellales","Ceratobasidiaceae","Thanatephorus",NA,0,0,0,0,0,0,0,0,0,0
"k__Fungi;p__Basidiomycota;c__Agaricomycetes;o__Cantharellales;f__Ceratobasidiaceae;g__Waitea;s__circinata","Fungi","Basidiomycota","Agaricomycetes","Cantharellales","Ceratobasidiaceae","Waitea","circinata",0,0,0,0,0,0,0,0,0,0
"k__Fungi;p__Basidiomycota;c__Agaricomycetes;o__Cantharellales;f__Clavulinaceae;g__NA;s__NA","Fungi","Basidiomycota","Agaricomycetes","Cantharellales","Clavulinaceae",NA,NA,0,0,0,0,0,0,0,0,0,0
"k__Fungi;p__Basidiomycota;c__Agaricomycetes;o__Cantharellales;f__Hydnaceae;g__Hydnum;s__NA","Fungi","Basidiomycota","Agaricomycetes","Cantharellales","Hydnaceae","Hydnum",NA,0,0,0,0,0,0,0,0,0,0
"k__Fungi;p__Basidiomycota;c__Agaricomycetes;o__Cantharellales;f__NA;g__Burgoa;s__verzuoliana","Fungi","Basidiomycota","Agaricomycetes","Cantharellales",NA,"Burgoa","verzuoliana",0,0,0,0,0,0,0,0,0,0
"k__Fungi;p__Basidiomycota;c__Agaricomycetes;o__Cantharellales;f__NA;g__NA;s__NA","Fungi","Basidiomycota","Agaricomycetes","Cantharellales",NA,NA,NA,0,0,0,0,0,0,0,0,0,0
"k__Fungi;p__Basidiomycota;c__Agaricomycetes;o__Corticiales;f__Corticiaceae;g__Acanthophysellum;s__NA","Fungi","Basidiomycota","Agaricomycetes","Corticiales","Corticiaceae","Acanthophysellum",NA,0,0,0,0,0,0,120,0,0,0
"k__Fungi;p__Basidiomycota;c__Agaricomycetes;o__Corticiales;f__Corticiaceae;g__Basidioradulum;s__radula","Fungi","Basidiomycota","Agaricomycetes","Corticiales","Corticiaceae","Basidioradulum","radula",0,0,0,0,0,0,0,0,0,0
"k__Fungi;p__Basidiomycota;c__Agaricomycetes;o__Corticiales;f__Corticiaceae;g__Boidinia;s__furfuracea","Fungi","Basidiomycota","Agaricomycetes","Corticiales","Corticiaceae","Boidinia","furfuracea",0,0,0,0,0,0,0,0,0,0
"k__Fungi;p__Basidiomycota;c__Agaricomycetes;o__Corticiales;f__Corticiaceae;g__Corticium;s__NA","Fungi","Basidiomycota","Agaricomycetes","Corticiales","Corticiaceae","Corticium",NA,0,0,0,0,0,0,0,0,0,0
"k__Fungi;p__Basidiomycota;c__Agaricomycetes;o__Corticiales;f__Corticiaceae;g__Corticium;s__confine","Fungi","Basidiomycota","Agaricomycetes","Corticiales","Corticiaceae","Corticium","confine",0,0,0,0,0,0,0,0,0,0
"k__Fungi;p__Basidiomycota;c__Agaricomycetes;o__Corticiales;f__Corticiaceae;g__Dendrodontia;s__bicolor","Fungi","Basidiomycota","Agaricomycetes","Corticiales","Corticiaceae","Dendrodontia","bicolor",0,0,0,0,0,0,0,0,0,0
"k__Fungi;p__Basidiomycota;c__Agaricomycetes;o__Corticiales;f__Corticiaceae;g__Duportella;s__lassa","Fungi","Basidiomycota","Agaricomycetes","Corticiales","Corticiaceae","Duportella","lassa",0,0,0,0,0,0,0,0,0,0
"k__Fungi;p__Basidiomycota;c__Agaricomycetes;o__Corticiales;f__Corticiaceae;g__Galzinia;s__NA","Fungi","Basidiomycota","Agaricomycetes","Corticiales","Corticiaceae","Galzinia",NA,0,0,0,0,0,0,0,0,0,0
"k__Fungi;p__Basidiomycota;c__Agaricomycetes;o__Corticiales;f__Corticiaceae;g__Gloeohypochnicium;s__analogum","Fungi","Basidiomycota","Agaricomycetes","Corticiales","Corticiaceae","Gloeohypochnicium","analogum",0,0,0,0,0,0,0,0,0,0
"k__Fungi;p__Basidiomycota;c__Agaricomycetes;o__Corticiales;f__Corticiaceae;g__Haplotrichum;s__conspersum","Fungi","Basidiomycota","Agaricomycetes","Corticiales","Corticiaceae","Haplotrichum","conspersum",0,0,0,0,0,0,0,0,0,0
"k__Fungi;p__Basidiomycota;c__Agaricomycetes;o__Corticiales;f__Corticiaceae;g__Hyphodontia;s__NA","Fungi","Basidiomycota","Agaricomycetes","Corticiales","Corticiaceae","Hyphodontia",NA,0,0,0,0,0,0,0,0,0,0
"k__Fungi;p__Basidiomycota;c__Agaricomycetes;o__Corticiales;f__Corticiaceae;g__Hyphodontia;s__floccosa","Fungi","Basidiomycota","Agaricomycetes","Corticiales","Corticiaceae","Hyphodontia","floccosa",0,0,0,0,0,0,0,0,0,0
"k__Fungi;p__Basidiomycota;c__Agaricomycetes;o__Corticiales;f__Corticiaceae;g__Hyphodontia;s__pallidula","Fungi","Basidiomycota","Agaricomycetes","Corticiales","Corticiaceae","Hyphodontia","pallidula",0,0,0,0,0,0,0,0,0,0
"k__Fungi;p__Basidiomycota;c__Agaricomycetes;o__Corticiales;f__Corticiaceae;g__Hyphodontia;s__tropica","Fungi","Basidiomycota","Agaricomycetes","Corticiales","Corticiaceae","Hyphodontia","tropica",0,0,0,0,0,0,0,0,0,0
"k__Fungi;p__Basidiomycota;c__Agaricomycetes;o__Corticiales;f__Corticiaceae;g__Hypochnicium;s__cremicolor","Fungi","Basidiomycota","Agaricomycetes","Corticiales","Corticiaceae","Hypochnicium","cremicolor",0,0,0,0,0,0,0,0,0,0
"k__Fungi;p__Basidiomycota;c__Agaricomycetes;o__Corticiales;f__Corticiaceae;g__Hypochnicium;s__geogenium","Fungi","Basidiomycota","Agaricomycetes","Corticiales","Corticiaceae","Hypochnicium","geogenium",0,0,0,0,0,0,0,0,0,0
"k__Fungi;p__Basidiomycota;c__Agaricomycetes;o__Corticiales;f__Corticiaceae;g__Laetisaria;s__NA","Fungi","Basidiomycota","Agaricomycetes","Corticiales","Corticiaceae","Laetisaria",NA,0,0,0,0,0,0,0,0,0,0
"k__Fungi;p__Basidiomycota;c__Agaricomycetes;o__Corticiales;f__Corticiaceae;g__NA;s__NA","Fungi","Basidiomycota","Agaricomycetes","Corticiales","Corticiaceae",NA,NA,0,0,24,0,0,0,0,0,0,0
"k__Fungi;p__Basidiomycota;c__Agaricomycetes;o__Corticiales;f__Corticiaceae;g__Peniophorella;s__pallida","Fungi","Basidiomycota","Agaricomycetes","Corticiales","Corticiaceae","Peniophorella","pallida",0,0,0,0,0,0,0,0,0,0
"k__Fungi;p__Basidiomycota;c__Agaricomycetes;o__Corticiales;f__Corticiaceae;g__Peniophorella;s__praetermissa","Fungi","Basidiomycota","Agaricomycetes","Corticiales","Corticiaceae","Peniophorella","praetermissa",0,0,0,0,0,0,0,0,0,0
"k__Fungi;p__Basidiomycota;c__Agaricomycetes;o__Corticiales;f__Corticiaceae;g__Peniophorella;s__pubera","Fungi","Basidiomycota","Agaricomycetes","Corticiales","Corticiaceae","Peniophorella","pubera",0,0,0,0,0,0,0,0,0,0
"k__Fungi;p__Basidiomycota;c__Agaricomycetes;o__Corticiales;f__Corticiaceae;g__Peniophorella;s__rude","Fungi","Basidiomycota","Agaricomycetes","Corticiales","Corticiaceae","Peniophorella","rude",0,0,0,0,0,0,0,0,0,0
"k__Fungi;p__Basidiomycota;c__Agaricomycetes;o__Corticiales;f__Corticiaceae;g__Phlebiella;s__borealis","Fungi","Basidiomycota","Agaricomycetes","Corticiales","Corticiaceae","Phlebiella","borealis",0,0,0,0,0,0,0,0,0,0
"k__Fungi;p__Basidiomycota;c__Agaricomycetes;o__Corticiales;f__Corticiaceae;g__Sistotrema;s__NA","Fungi","Basidiomycota","Agaricomycetes","Corticiales","Corticiaceae","Sistotrema",NA,0,0,0,0,0,0,0,0,0,0
"k__Fungi;p__Basidiomycota;c__Agaricomycetes;o__Corticiales;f__Corticiaceae;g__Sistotrema;s__brinkmannii","Fungi","Basidiomycota","Agaricomycetes","Corticiales","Corticiaceae","Sistotrema","brinkmannii",0,0,0,0,0,0,0,0,0,0
"k__Fungi;p__Basidiomycota;c__Agaricomycetes;o__Corticiales;f__Corticiaceae;g__Sistotrema;s__diademiferum","Fungi","Basidiomycota","Agaricomycetes","Corticiales","Corticiaceae","Sistotrema","diademiferum",0,0,0,0,0,0,0,0,0,0
"k__Fungi;p__Basidiomycota;c__Agaricomycetes;o__Corticiales;f__Corticiaceae;g__Sistotrema;s__oblongisporum","Fungi","Basidiomycota","Agaricomycetes","Corticiales","Corticiaceae","Sistotrema","oblongisporum",0,0,0,0,0,0,0,0,0,0
"k__Fungi;p__Basidiomycota;c__Agaricomycetes;o__Corticiales;f__Corticiaceae;g__Subulicystidium;s__grandisporum","Fungi","Basidiomycota","Agaricomycetes","Corticiales","Corticiaceae","Subulicystidium","grandisporum",0,0,0,0,0,0,0,0,0,0
"k__Fungi;p__Basidiomycota;c__Agaricomycetes;o__Corticiales;f__NA;g__NA;s__NA","Fungi","Basidiomycota","Agaricomycetes","Corticiales",NA,NA,NA,0,0,0,0,0,0,0,0,0,0
"k__Fungi;p__Basidiomycota;c__Agaricomycetes;o__Geastrales;f__Geastraceae;g__Geastrum;s__NA","Fungi","Basidiomycota","Agaricomycetes","Geastrales","Geastraceae","Geastrum",NA,0,0,16,0,0,0,0,0,0,0
"k__Fungi;p__Basidiomycota;c__Agaricomycetes;o__Geastrales;f__Geastraceae;g__Geastrum;s__kotlabae","Fungi","Basidiomycota","Agaricomycetes","Geastrales","Geastraceae","Geastrum","kotlabae",0,0,0,0,0,0,0,0,0,0
"k__Fungi;p__Basidiomycota;c__Agaricomycetes;o__Geastrales;f__Geastraceae;g__Geastrum;s__saccatum","Fungi","Basidiomycota","Agaricomycetes","Geastrales","Geastraceae","Geastrum","saccatum",0,11,0,0,0,0,0,0,0,0
"k__Fungi;p__Basidiomycota;c__Agaricomycetes;o__Hymenochaetales;f__Hymenochaetaceae;g__Coltricia;s__NA","Fungi","Basidiomycota","Agaricomycetes","Hymenochaetales","Hymenochaetaceae","Coltricia",NA,0,0,0,0,0,0,0,0,0,0
"k__Fungi;p__Basidiomycota;c__Agaricomycetes;o__Hymenochaetales;f__Hymenochaetaceae;g__Fomitiporella;s__NA","Fungi","Basidiomycota","Agaricomycetes","Hymenochaetales","Hymenochaetaceae","Fomitiporella",NA,0,0,0,0,0,0,0,0,0,0
"k__Fungi;p__Basidiomycota;c__Agaricomycetes;o__Hymenochaetales;f__Hymenochaetaceae;g__Fuscoporia;s__NA","Fungi","Basidiomycota","Agaricomycetes","Hymenochaetales","Hymenochaetaceae","Fuscoporia",NA,0,0,0,0,0,0,0,0,0,0
"k__Fungi;p__Basidiomycota;c__Agaricomycetes;o__Hymenochaetales;f__Hymenochaetaceae;g__Fuscoporia;s__gilva","Fungi","Basidiomycota","Agaricomycetes","Hymenochaetales","Hymenochaetaceae","Fuscoporia","gilva",0,0,0,0,0,0,0,0,0,0
"k__Fungi;p__Basidiomycota;c__Agaricomycetes;o__Hymenochaetales;f__Hymenochaetaceae;g__Hastodontia;s__NA","Fungi","Basidiomycota","Agaricomycetes","Hymenochaetales","Hymenochaetaceae","Hastodontia",NA,0,0,0,0,0,0,0,0,0,0
"k__Fungi;p__Basidiomycota;c__Agaricomycetes;o__Hymenochaetales;f__Hymenochaetaceae;g__Hymenochaete;s__cana","Fungi","Basidiomycota","Agaricomycetes","Hymenochaetales","Hymenochaetaceae","Hymenochaete","cana",0,0,0,0,0,0,47,0,0,0
"k__Fungi;p__Basidiomycota;c__Agaricomycetes;o__Hymenochaetales;f__Hymenochaetaceae;g__Hymenochaete;s__cana-quercicola","Fungi","Basidiomycota","Agaricomycetes","Hymenochaetales","Hymenochaetaceae","Hymenochaete","cana-quercicola",0,0,0,0,0,0,0,0,0,0
"k__Fungi;p__Basidiomycota;c__Agaricomycetes;o__Hymenochaetales;f__Hymenochaetaceae;g__Hymenochaete;s__curtisii","Fungi","Basidiomycota","Agaricomycetes","Hymenochaetales","Hymenochaetaceae","Hymenochaete","curtisii",0,0,0,0,0,0,0,0,0,0
"k__Fungi;p__Basidiomycota;c__Agaricomycetes;o__Hymenochaetales;f__Hymenochaetaceae;g__Hymenochaete;s__pinnatifida","Fungi","Basidiomycota","Agaricomycetes","Hymenochaetales","Hymenochaetaceae","Hymenochaete","pinnatifida",0,0,0,0,0,0,0,0,0,0
"k__Fungi;p__Basidiomycota;c__Agaricomycetes;o__Hymenochaetales;f__Hymenochaetaceae;g__Hymenochaete;s__rubiginosa","Fungi","Basidiomycota","Agaricomycetes","Hymenochaetales","Hymenochaetaceae","Hymenochaete","rubiginosa",0,0,0,0,0,0,0,0,0,0
"k__Fungi;p__Basidiomycota;c__Agaricomycetes;o__Hymenochaetales;f__Hymenochaetaceae;g__Hymenochaete;s__senatoumbrina","Fungi","Basidiomycota","Agaricomycetes","Hymenochaetales","Hymenochaetaceae","Hymenochaete","senatoumbrina",0,0,0,0,0,0,0,0,0,0
"k__Fungi;p__Basidiomycota;c__Agaricomycetes;o__Hymenochaetales;f__Hymenochaetaceae;g__Hymenochaetopsis;s__NA","Fungi","Basidiomycota","Agaricomycetes","Hymenochaetales","Hymenochaetaceae","Hymenochaetopsis",NA,0,0,0,0,0,0,0,0,0,0
"k__Fungi;p__Basidiomycota;c__Agaricomycetes;o__Hymenochaetales;f__Hymenochaetaceae;g__NA;s__NA","Fungi","Basidiomycota","Agaricomycetes","Hymenochaetales","Hymenochaetaceae",NA,NA,0,0,0,0,0,0,0,0,0,0
"k__Fungi;p__Basidiomycota;c__Agaricomycetes;o__Hymenochaetales;f__Hymenochaetaceae;g__Phellinus;s__NA","Fungi","Basidiomycota","Agaricomycetes","Hymenochaetales","Hymenochaetaceae","Phellinus",NA,0,24,0,0,0,0,33,0,0,0
"k__Fungi;p__Basidiomycota;c__Agaricomycetes;o__Hymenochaetales;f__Hymenochaetaceae;g__Phellinus;s__rhamni","Fungi","Basidiomycota","Agaricomycetes","Hymenochaetales","Hymenochaetaceae","Phellinus","rhamni",0,0,0,0,0,0,0,0,0,0
"k__Fungi;p__Basidiomycota;c__Agaricomycetes;o__Hymenochaetales;f__NA;g__NA;s__NA","Fungi","Basidiomycota","Agaricomycetes","Hymenochaetales",NA,NA,NA,0,0,0,0,0,0,0,0,0,0
"k__Fungi;p__Basidiomycota;c__Agaricomycetes;o__Hymenochaetales;f__NA;g__Resinicium;s__friabile","Fungi","Basidiomycota","Agaricomycetes","Hymenochaetales",NA,"Resinicium","friabile",0,0,0,0,0,0,0,0,0,0
"k__Fungi;p__Basidiomycota;c__Agaricomycetes;o__Hymenochaetales;f__NA;g__Trichaptum;s__biforme","Fungi","Basidiomycota","Agaricomycetes","Hymenochaetales",NA,"Trichaptum","biforme",0,0,0,0,0,0,0,0,0,0
"k__Fungi;p__Basidiomycota;c__Agaricomycetes;o__Hymenochaetales;f__NA;g__Trichaptum;s__fuscoviolaceum","Fungi","Basidiomycota","Agaricomycetes","Hymenochaetales",NA,"Trichaptum","fuscoviolaceum",0,0,0,0,0,0,0,0,0,0
"k__Fungi;p__Basidiomycota;c__Agaricomycetes;o__Hymenochaetales;f__Rickenellaceae;g__Sidera;s__vulgaris","Fungi","Basidiomycota","Agaricomycetes","Hymenochaetales","Rickenellaceae","Sidera","vulgaris",0,0,0,0,0,0,0,0,0,0
"k__Fungi;p__Basidiomycota;c__Agaricomycetes;o__Hymenochaetales;f__Schizoporaceae;g__Alutaceodontia;s__alutacea","Fungi","Basidiomycota","Agaricomycetes","Hymenochaetales","Schizoporaceae","Alutaceodontia","alutacea",0,0,0,0,0,0,0,0,0,0
"k__Fungi;p__Basidiomycota;c__Agaricomycetes;o__Hymenochaetales;f__Schizoporaceae;g__Xylodon;s__NA","Fungi","Basidiomycota","Agaricomycetes","Hymenochaetales","Schizoporaceae","Xylodon",NA,0,0,0,0,0,0,0,0,0,0
"k__Fungi;p__Basidiomycota;c__Agaricomycetes;o__Hymenochaetales;f__Schizoporaceae;g__Xylodon;s__asperus","Fungi","Basidiomycota","Agaricomycetes","Hymenochaetales","Schizoporaceae","Xylodon","asperus",0,0,0,0,0,0,0,0,0,0
"k__Fungi;p__Basidiomycota;c__Agaricomycetes;o__Hymenochaetales;f__Schizoporaceae;g__Xylodon;s__nespori","Fungi","Basidiomycota","Agaricomycetes","Hymenochaetales","Schizoporaceae","Xylodon","nespori",0,0,0,0,0,0,0,0,0,0
"k__Fungi;p__Basidiomycota;c__Agaricomycetes;o__Hymenochaetales;f__Tubulicrinaceae;g__Tubulicrinis;s__NA","Fungi","Basidiomycota","Agaricomycetes","Hymenochaetales","Tubulicrinaceae","Tubulicrinis",NA,0,0,0,0,0,0,0,0,0,0
"k__Fungi;p__Basidiomycota;c__Agaricomycetes;o__NA;f__NA;g__NA;s__NA","Fungi","Basidiomycota","Agaricomycetes",NA,NA,NA,NA,13,0,16,14,0,21,187,0,51,0
"k__Fungi;p__Basidiomycota;c__Agaricomycetes;o__NA;f__NA;g__Sclerogaster;s__NA","Fungi","Basidiomycota","Agaricomycetes",NA,NA,"Sclerogaster",NA,0,0,0,0,0,0,0,0,0,0
"k__Fungi;p__Basidiomycota;c__Agaricomycetes;o__NA;f__Xenasmataceae;g__Xenasmatella;s__NA","Fungi","Basidiomycota","Agaricomycetes",NA,"Xenasmataceae","Xenasmatella",NA,0,0,0,0,0,0,0,0,0,0
"k__Fungi;p__Basidiomycota;c__Agaricomycetes;o__NA;f__Xenasmataceae;g__Xenasmatella;s__ardosiaca","Fungi","Basidiomycota","Agaricomycetes",NA,"Xenasmataceae","Xenasmatella","ardosiaca",0,0,0,0,0,0,0,0,0,0
"k__Fungi;p__Basidiomycota;c__Agaricomycetes;o__Polyporales;f__Dacryobolaceae;g__Postia;s__coeruleivirens","Fungi","Basidiomycota","Agaricomycetes","Polyporales","Dacryobolaceae","Postia","coeruleivirens",0,0,0,0,0,0,0,0,0,0
"k__Fungi;p__Basidiomycota;c__Agaricomycetes;o__Polyporales;f__Dacryobolaceae;g__Postia;s__floriformis-hibernica","Fungi","Basidiomycota","Agaricomycetes","Polyporales","Dacryobolaceae","Postia","floriformis-hibernica",0,0,0,0,0,0,0,0,0,0
"k__Fungi;p__Basidiomycota;c__Agaricomycetes;o__Polyporales;f__Dacryobolaceae;g__Postia;s__folliculocystidiata","Fungi","Basidiomycota","Agaricomycetes","Polyporales","Dacryobolaceae","Postia","folliculocystidiata",0,0,0,0,0,0,0,0,0,0
"k__Fungi;p__Basidiomycota;c__Agaricomycetes;o__Polyporales;f__Fomitopsidaceae;g__Fomitopsis;s__cajanderi","Fungi","Basidiomycota","Agaricomycetes","Polyporales","Fomitopsidaceae","Fomitopsis","cajanderi",0,0,0,0,0,0,0,0,0,0
"k__Fungi;p__Basidiomycota;c__Agaricomycetes;o__Polyporales;f__Gelatoporiaceae;g__Sebipora;s__NA","Fungi","Basidiomycota","Agaricomycetes","Polyporales","Gelatoporiaceae","Sebipora",NA,0,0,0,0,0,0,0,0,0,0
"k__Fungi;p__Basidiomycota;c__Agaricomycetes;o__Polyporales;f__Grifolaceae;g__Grifola;s__frondosa","Fungi","Basidiomycota","Agaricomycetes","Polyporales","Grifolaceae","Grifola","frondosa",0,0,0,0,0,0,0,0,0,0
"k__Fungi;p__Basidiomycota;c__Agaricomycetes;o__Polyporales;f__Hyphodermataceae;g__Hyphoderma;s__NA","Fungi","Basidiomycota","Agaricomycetes","Polyporales","Hyphodermataceae","Hyphoderma",NA,0,0,0,0,0,0,0,0,0,0
"k__Fungi;p__Basidiomycota;c__Agaricomycetes;o__Polyporales;f__Hyphodermataceae;g__Hyphoderma;s__litschaueri","Fungi","Basidiomycota","Agaricomycetes","Polyporales","Hyphodermataceae","Hyphoderma","litschaueri",0,0,0,0,0,0,0,0,0,0
"k__Fungi;p__Basidiomycota;c__Agaricomycetes;o__Polyporales;f__Hyphodermataceae;g__Hyphoderma;s__setigerum","Fungi","Basidiomycota","Agaricomycetes","Polyporales","Hyphodermataceae","Hyphoderma","setigerum",0,0,0,0,0,0,0,0,0,0
"k__Fungi;p__Basidiomycota;c__Agaricomycetes;o__Polyporales;f__Incrustoporiaceae;g__Skeletocutis;s__diluta","Fungi","Basidiomycota","Agaricomycetes","Polyporales","Incrustoporiaceae","Skeletocutis","diluta",0,0,0,0,0,17,0,0,21,0
"k__Fungi;p__Basidiomycota;c__Agaricomycetes;o__Polyporales;f__Incrustoporiaceae;g__Tyromyces;s__fissilis","Fungi","Basidiomycota","Agaricomycetes","Polyporales","Incrustoporiaceae","Tyromyces","fissilis",0,0,0,0,0,0,0,0,0,0
"k__Fungi;p__Basidiomycota;c__Agaricomycetes;o__Polyporales;f__Irpicaceae;g__Byssomerulius;s__corium","Fungi","Basidiomycota","Agaricomycetes","Polyporales","Irpicaceae","Byssomerulius","corium",0,0,0,0,0,0,0,0,0,0
"k__Fungi;p__Basidiomycota;c__Agaricomycetes;o__Polyporales;f__Irpicaceae;g__Ceriporia-Flavodon;s__NA","Fungi","Basidiomycota","Agaricomycetes","Polyporales","Irpicaceae","Ceriporia-Flavodon",NA,0,0,0,0,0,0,0,0,0,0
"k__Fungi;p__Basidiomycota;c__Agaricomycetes;o__Polyporales;f__Irpicaceae;g__Ceriporia;s__pseudocystidiata","Fungi","Basidiomycota","Agaricomycetes","Polyporales","Irpicaceae","Ceriporia","pseudocystidiata",0,0,0,0,0,0,0,0,0,0
"k__Fungi;p__Basidiomycota;c__Agaricomycetes;o__Polyporales;f__Irpicaceae;g__Ceriporia;s__viridans","Fungi","Basidiomycota","Agaricomycetes","Polyporales","Irpicaceae","Ceriporia","viridans",0,0,0,0,0,0,0,0,0,0
"k__Fungi;p__Basidiomycota;c__Agaricomycetes;o__Polyporales;f__Irpicaceae;g__Gloeoporus;s__taxicola","Fungi","Basidiomycota","Agaricomycetes","Polyporales","Irpicaceae","Gloeoporus","taxicola",0,0,0,0,0,0,0,0,0,0
"k__Fungi;p__Basidiomycota;c__Agaricomycetes;o__Polyporales;f__Irpicaceae;g__Irpex;s__lacteus","Fungi","Basidiomycota","Agaricomycetes","Polyporales","Irpicaceae","Irpex","lacteus",0,0,0,0,0,0,0,0,0,0
"k__Fungi;p__Basidiomycota;c__Agaricomycetes;o__Polyporales;f__Ischnodermataceae;g__Ischnoderma;s__resinosum","Fungi","Basidiomycota","Agaricomycetes","Polyporales","Ischnodermataceae","Ischnoderma","resinosum",0,0,0,0,0,0,0,0,0,0
"k__Fungi;p__Basidiomycota;c__Agaricomycetes;o__Polyporales;f__Laetiporaceae;g__Laetiporus;s__sulphureus","Fungi","Basidiomycota","Agaricomycetes","Polyporales","Laetiporaceae","Laetiporus","sulphureus",0,0,0,0,0,0,0,0,0,0
"k__Fungi;p__Basidiomycota;c__Agaricomycetes;o__Polyporales;f__Meripilaceae;g__Physisporinus;s__pouzarii","Fungi","Basidiomycota","Agaricomycetes","Polyporales","Meripilaceae","Physisporinus","pouzarii",0,0,0,0,0,0,0,0,0,0
"k__Fungi;p__Basidiomycota;c__Agaricomycetes;o__Polyporales;f__Meripilaceae;g__Physisporinus;s__vitreus","Fungi","Basidiomycota","Agaricomycetes","Polyporales","Meripilaceae","Physisporinus","vitreus",0,0,0,0,0,0,0,0,0,0
"k__Fungi;p__Basidiomycota;c__Agaricomycetes;o__Polyporales;f__Meripilaceae;g__Rigidoporus;s__NA","Fungi","Basidiomycota","Agaricomycetes","Polyporales","Meripilaceae","Rigidoporus",NA,0,0,0,54,0,40,151,0,0,0
"k__Fungi;p__Basidiomycota;c__Agaricomycetes;o__Polyporales;f__Meripilaceae;g__Rigidoporus;s__corticola","Fungi","Basidiomycota","Agaricomycetes","Polyporales","Meripilaceae","Rigidoporus","corticola",0,0,0,0,0,0,0,0,0,0
"k__Fungi;p__Basidiomycota;c__Agaricomycetes;o__Polyporales;f__Meruliaceae;g__Ceriporiopsis;s__NA","Fungi","Basidiomycota","Agaricomycetes","Polyporales","Meruliaceae","Ceriporiopsis",NA,0,0,39,0,0,0,0,211,0,0
"k__Fungi;p__Basidiomycota;c__Agaricomycetes;o__Polyporales;f__Meruliaceae;g__Mycoacia;s__NA","Fungi","Basidiomycota","Agaricomycetes","Polyporales","Meruliaceae","Mycoacia",NA,0,0,0,0,0,0,0,0,0,0
"k__Fungi;p__Basidiomycota;c__Agaricomycetes;o__Polyporales;f__Meruliaceae;g__Mycoacia;s__nothofagi","Fungi","Basidiomycota","Agaricomycetes","Polyporales","Meruliaceae","Mycoacia","nothofagi",0,0,0,0,0,0,0,0,0,0
"k__Fungi;p__Basidiomycota;c__Agaricomycetes;o__Polyporales;f__Meruliaceae;g__Mycoacia;s__uda","Fungi","Basidiomycota","Agaricomycetes","Polyporales","Meruliaceae","Mycoacia","uda",0,0,0,0,0,0,0,0,0,0
"k__Fungi;p__Basidiomycota;c__Agaricomycetes;o__Polyporales;f__Meruliaceae;g__NA;s__NA","Fungi","Basidiomycota","Agaricomycetes","Polyporales","Meruliaceae",NA,NA,0,0,0,0,0,0,0,0,0,0
"k__Fungi;p__Basidiomycota;c__Agaricomycetes;o__Polyporales;f__Meruliaceae;g__Phlebia;s__NA","Fungi","Basidiomycota","Agaricomycetes","Polyporales","Meruliaceae","Phlebia",NA,0,0,0,0,0,0,0,0,0,111
"k__Fungi;p__Basidiomycota;c__Agaricomycetes;o__Polyporales;f__Meruliaceae;g__Phlebia;s__acanthocystis","Fungi","Basidiomycota","Agaricomycetes","Polyporales","Meruliaceae","Phlebia","acanthocystis",0,0,17,0,0,0,0,0,0,0
"k__Fungi;p__Basidiomycota;c__Agaricomycetes;o__Polyporales;f__Meruliaceae;g__Phlebia;s__brevispora","Fungi","Basidiomycota","Agaricomycetes","Polyporales","Meruliaceae","Phlebia","brevispora",0,0,18,0,0,0,42,0,0,0
"k__Fungi;p__Basidiomycota;c__Agaricomycetes;o__Polyporales;f__Meruliaceae;g__Phlebia;s__nantahaliensis","Fungi","Basidiomycota","Agaricomycetes","Polyporales","Meruliaceae","Phlebia","nantahaliensis",0,0,0,0,0,0,33,0,0,0
"k__Fungi;p__Basidiomycota;c__Agaricomycetes;o__Polyporales;f__Meruliaceae;g__Phlebia;s__tremellosa","Fungi","Basidiomycota","Agaricomycetes","Polyporales","Meruliaceae","Phlebia","tremellosa",0,0,0,0,0,0,0,0,0,0
"k__Fungi;p__Basidiomycota;c__Agaricomycetes;o__Polyporales;f__Meruliaceae;g__Scopuloides;s__NA","Fungi","Basidiomycota","Agaricomycetes","Polyporales","Meruliaceae","Scopuloides",NA,0,0,0,0,0,0,0,0,0,0
"k__Fungi;p__Basidiomycota;c__Agaricomycetes;o__Polyporales;f__Meruliaceae;g__Scopuloides;s__hydnoides","Fungi","Basidiomycota","Agaricomycetes","Polyporales","Meruliaceae","Scopuloides","hydnoides",0,0,0,0,0,0,0,0,0,0
"k__Fungi;p__Basidiomycota;c__Agaricomycetes;o__Polyporales;f__NA;g__Fibroporia;s__radiculosa","Fungi","Basidiomycota","Agaricomycetes","Polyporales",NA,"Fibroporia","radiculosa",0,0,0,0,0,0,0,0,0,0
"k__Fungi;p__Basidiomycota;c__Agaricomycetes;o__Polyporales;f__NA;g__NA;s__NA","Fungi","Basidiomycota","Agaricomycetes","Polyporales",NA,NA,NA,0,0,0,0,0,26,0,0,0,0
"k__Fungi;p__Basidiomycota;c__Agaricomycetes;o__Polyporales;f__NA;g__Sarcoporia;s__polyspora","Fungi","Basidiomycota","Agaricomycetes","Polyporales",NA,"Sarcoporia","polyspora",0,0,0,0,0,0,0,0,0,0
"k__Fungi;p__Basidiomycota;c__Agaricomycetes;o__Polyporales;f__NA;g__Spongipellis;s__spumeus","Fungi","Basidiomycota","Agaricomycetes","Polyporales",NA,"Spongipellis","spumeus",0,0,0,0,0,0,0,0,0,0
"k__Fungi;p__Basidiomycota;c__Agaricomycetes;o__Polyporales;f__Phanerochaetaceae;g__Bjerkandera;s__adusta","Fungi","Basidiomycota","Agaricomycetes","Polyporales","Phanerochaetaceae","Bjerkandera","adusta",0,0,0,0,0,0,0,0,0,0
"k__Fungi;p__Basidiomycota;c__Agaricomycetes;o__Polyporales;f__Phanerochaetaceae;g__Phanerochaete;s__NA","Fungi","Basidiomycota","Agaricomycetes","Polyporales","Phanerochaetaceae","Phanerochaete",NA,0,0,0,0,0,0,0,0,0,0
"k__Fungi;p__Basidiomycota;c__Agaricomycetes;o__Polyporales;f__Phanerochaetaceae;g__Phanerochaete;s__sordida","Fungi","Basidiomycota","Agaricomycetes","Polyporales","Phanerochaetaceae","Phanerochaete","sordida",0,0,0,0,0,0,25,0,0,0
"k__Fungi;p__Basidiomycota;c__Agaricomycetes;o__Polyporales;f__Phanerochaetaceae;g__Phlebiopsis;s__flavidoalba","Fungi","Basidiomycota","Agaricomycetes","Polyporales","Phanerochaetaceae","Phlebiopsis","flavidoalba",0,0,0,0,0,0,12,0,0,0
"k__Fungi;p__Basidiomycota;c__Agaricomycetes;o__Polyporales;f__Polyporaceae;g__Daedaleopsis;s__confragosa","Fungi","Basidiomycota","Agaricomycetes","Polyporales","Polyporaceae","Daedaleopsis","confragosa",0,0,0,0,0,0,0,0,0,0
"k__Fungi;p__Basidiomycota;c__Agaricomycetes;o__Polyporales;f__Polyporaceae;g__Lentinus;s__squarrosulus-velutinus","Fungi","Basidiomycota","Agaricomycetes","Polyporales","Polyporaceae","Lentinus","squarrosulus-velutinus",0,0,0,0,0,0,0,0,0,23
"k__Fungi;p__Basidiomycota;c__Agaricomycetes;o__Polyporales;f__Polyporaceae;g__Lenzites;s__betulina","Fungi","Basidiomycota","Agaricomycetes","Polyporales","Polyporaceae","Lenzites","betulina",0,0,0,0,0,0,0,0,0,0
"k__Fungi;p__Basidiomycota;c__Agaricomycetes;o__Polyporales;f__Polyporaceae;g__NA;s__NA","Fungi","Basidiomycota","Agaricomycetes","Polyporales","Polyporaceae",NA,NA,0,0,0,0,0,0,0,0,0,0
"k__Fungi;p__Basidiomycota;c__Agaricomycetes;o__Polyporales;f__Polyporaceae;g__Perenniporia;s__subacida","Fungi","Basidiomycota","Agaricomycetes","Polyporales","Polyporaceae","Perenniporia","subacida",0,0,0,0,0,0,0,0,0,0
"k__Fungi;p__Basidiomycota;c__Agaricomycetes;o__Polyporales;f__Polyporaceae;g__Perenniporia;s__truncatospora","Fungi","Basidiomycota","Agaricomycetes","Polyporales","Polyporaceae","Perenniporia","truncatospora",0,0,0,0,0,0,0,0,0,0
"k__Fungi;p__Basidiomycota;c__Agaricomycetes;o__Polyporales;f__Polyporaceae;g__Trametes;s__cubensis","Fungi","Basidiomycota","Agaricomycetes","Polyporales","Polyporaceae","Trametes","cubensis",0,0,0,0,0,0,0,0,0,0
"k__Fungi;p__Basidiomycota;c__Agaricomycetes;o__Polyporales;f__Polyporaceae;g__Trametes;s__gibbosa","Fungi","Basidiomycota","Agaricomycetes","Polyporales","Polyporaceae","Trametes","gibbosa",0,0,0,0,0,0,0,0,0,0
"k__Fungi;p__Basidiomycota;c__Agaricomycetes;o__Polyporales;f__Polyporaceae;g__Trametes;s__versicolor","Fungi","Basidiomycota","Agaricomycetes","Polyporales","Polyporaceae","Trametes","versicolor",0,0,0,0,0,0,0,0,0,0
"k__Fungi;p__Basidiomycota;c__Agaricomycetes;o__Polyporales;f__Steccherinaceae;g__Antrodiella;s__brasiliensis","Fungi","Basidiomycota","Agaricomycetes","Polyporales","Steccherinaceae","Antrodiella","brasiliensis",0,0,0,0,0,0,0,0,0,0
"k__Fungi;p__Basidiomycota;c__Agaricomycetes;o__Polyporales;f__Steccherinaceae;g__Junghuhnia;s__luteoalba","Fungi","Basidiomycota","Agaricomycetes","Polyporales","Steccherinaceae","Junghuhnia","luteoalba",0,0,0,0,0,0,0,0,0,0
"k__Fungi;p__Basidiomycota;c__Agaricomycetes;o__Polyporales;f__Steccherinaceae;g__Junghuhnia;s__subundata","Fungi","Basidiomycota","Agaricomycetes","Polyporales","Steccherinaceae","Junghuhnia","subundata",0,0,0,14,0,0,0,0,0,0
"k__Fungi;p__Basidiomycota;c__Agaricomycetes;o__Polyporales;f__Steccherinaceae;g__Nigroporus;s__vinosus","Fungi","Basidiomycota","Agaricomycetes","Polyporales","Steccherinaceae","Nigroporus","vinosus",0,0,0,0,0,0,0,0,0,0
"k__Fungi;p__Basidiomycota;c__Agaricomycetes;o__Polyporales;f__Steccherinaceae;g__Steccherinum;s__NA","Fungi","Basidiomycota","Agaricomycetes","Polyporales","Steccherinaceae","Steccherinum",NA,0,0,0,0,0,0,0,0,0,0
"k__Fungi;p__Basidiomycota;c__Agaricomycetes;o__Polyporales;f__Steccherinaceae;g__Steccherinum;s__bourdotii","Fungi","Basidiomycota","Agaricomycetes","Polyporales","Steccherinaceae","Steccherinum","bourdotii",0,0,0,0,0,0,0,0,0,0
"k__Fungi;p__Basidiomycota;c__Agaricomycetes;o__Polyporales;f__Steccherinaceae;g__Steccherinum;s__fimbriatum","Fungi","Basidiomycota","Agaricomycetes","Polyporales","Steccherinaceae","Steccherinum","fimbriatum",0,0,0,0,0,0,0,0,0,0
"k__Fungi;p__Basidiomycota;c__Agaricomycetes;o__Polyporales;f__Steccherinaceae;g__Steccherinum;s__ochraceum","Fungi","Basidiomycota","Agaricomycetes","Polyporales","Steccherinaceae","Steccherinum","ochraceum",0,0,0,0,0,0,0,0,0,0
"k__Fungi;p__Basidiomycota;c__Agaricomycetes;o__Russulales;f__Lachnocladiaceae;g__Dichostereum;s__NA","Fungi","Basidiomycota","Agaricomycetes","Russulales","Lachnocladiaceae","Dichostereum",NA,0,0,0,0,0,0,0,0,0,0
"k__Fungi;p__Basidiomycota;c__Agaricomycetes;o__Russulales;f__Lachnocladiaceae;g__Dichostereum;s__granulosum","Fungi","Basidiomycota","Agaricomycetes","Russulales","Lachnocladiaceae","Dichostereum","granulosum",0,0,0,0,0,0,0,0,0,61
"k__Fungi;p__Basidiomycota;c__Agaricomycetes;o__Russulales;f__Lachnocladiaceae;g__Scytinostroma;s__NA","Fungi","Basidiomycota","Agaricomycetes","Russulales","Lachnocladiaceae","Scytinostroma",NA,0,0,0,0,0,0,93,0,0,0
"k__Fungi;p__Basidiomycota;c__Agaricomycetes;o__Russulales;f__NA;g__NA;s__NA","Fungi","Basidiomycota","Agaricomycetes","Russulales",NA,NA,NA,0,0,0,0,0,0,0,0,0,0
"k__Fungi;p__Basidiomycota;c__Agaricomycetes;o__Russulales;f__Peniophoraceae;g__NA;s__NA","Fungi","Basidiomycota","Agaricomycetes","Russulales","Peniophoraceae",NA,NA,0,0,0,0,0,0,0,0,0,0
"k__Fungi;p__Basidiomycota;c__Agaricomycetes;o__Russulales;f__Peniophoraceae;g__Peniophora;s__NA","Fungi","Basidiomycota","Agaricomycetes","Russulales","Peniophoraceae","Peniophora",NA,0,0,0,0,0,0,0,0,0,0
"k__Fungi;p__Basidiomycota;c__Agaricomycetes;o__Russulales;f__Peniophoraceae;g__Peniophora;s__cinerea","Fungi","Basidiomycota","Agaricomycetes","Russulales","Peniophoraceae","Peniophora","cinerea",0,0,0,0,0,0,0,0,0,0
"k__Fungi;p__Basidiomycota;c__Agaricomycetes;o__Russulales;f__Peniophoraceae;g__Peniophora;s__cinerea-lycii","Fungi","Basidiomycota","Agaricomycetes","Russulales","Peniophoraceae","Peniophora","cinerea-lycii",0,0,0,0,0,0,0,0,0,0
"k__Fungi;p__Basidiomycota;c__Agaricomycetes;o__Russulales;f__Peniophoraceae;g__Peniophora;s__incarnata","Fungi","Basidiomycota","Agaricomycetes","Russulales","Peniophoraceae","Peniophora","incarnata",0,0,0,0,0,0,0,0,0,0
"k__Fungi;p__Basidiomycota;c__Agaricomycetes;o__Russulales;f__Peniophoraceae;g__Peniophora;s__laxitexta","Fungi","Basidiomycota","Agaricomycetes","Russulales","Peniophoraceae","Peniophora","laxitexta",0,0,0,0,0,0,0,0,0,0
"k__Fungi;p__Basidiomycota;c__Agaricomycetes;o__Russulales;f__Peniophoraceae;g__Peniophora;s__lycii","Fungi","Basidiomycota","Agaricomycetes","Russulales","Peniophoraceae","Peniophora","lycii",0,0,0,0,0,0,0,0,0,0
"k__Fungi;p__Basidiomycota;c__Agaricomycetes;o__Russulales;f__Peniophoraceae;g__Peniophora;s__pini","Fungi","Basidiomycota","Agaricomycetes","Russulales","Peniophoraceae","Peniophora","pini",0,0,0,0,0,0,49,0,0,0
"k__Fungi;p__Basidiomycota;c__Agaricomycetes;o__Russulales;f__Peniophoraceae;g__Peniophora;s__pithya","Fungi","Basidiomycota","Agaricomycetes","Russulales","Peniophoraceae","Peniophora","pithya",0,0,0,0,0,0,0,0,0,0
"k__Fungi;p__Basidiomycota;c__Agaricomycetes;o__Russulales;f__Russulaceae;g__Lactarius;s__NA","Fungi","Basidiomycota","Agaricomycetes","Russulales","Russulaceae","Lactarius",NA,0,0,0,0,0,0,0,0,0,0
"k__Fungi;p__Basidiomycota;c__Agaricomycetes;o__Russulales;f__Russulaceae;g__Lactarius;s__camphoratus","Fungi","Basidiomycota","Agaricomycetes","Russulales","Russulaceae","Lactarius","camphoratus",0,0,0,0,0,0,0,0,0,0
"k__Fungi;p__Basidiomycota;c__Agaricomycetes;o__Russulales;f__Russulaceae;g__Lactarius;s__deliciosus","Fungi","Basidiomycota","Agaricomycetes","Russulales","Russulaceae","Lactarius","deliciosus",0,0,0,0,0,0,0,0,0,0
"k__Fungi;p__Basidiomycota;c__Agaricomycetes;o__Russulales;f__Russulaceae;g__Lactarius;s__omphaliiformis","Fungi","Basidiomycota","Agaricomycetes","Russulales","Russulaceae","Lactarius","omphaliiformis",0,0,0,0,0,0,0,0,0,0
"k__Fungi;p__Basidiomycota;c__Agaricomycetes;o__Russulales;f__Russulaceae;g__Russula;s__NA","Fungi","Basidiomycota","Agaricomycetes","Russulales","Russulaceae","Russula",NA,0,0,0,0,0,0,0,0,0,0
"k__Fungi;p__Basidiomycota;c__Agaricomycetes;o__Russulales;f__Russulaceae;g__Russula;s__compacta","Fungi","Basidiomycota","Agaricomycetes","Russulales","Russulaceae","Russula","compacta",0,0,0,0,0,0,0,0,0,0
"k__Fungi;p__Basidiomycota;c__Agaricomycetes;o__Russulales;f__Stereaceae;g__Stereum;s__complicatum","Fungi","Basidiomycota","Agaricomycetes","Russulales","Stereaceae","Stereum","complicatum",0,0,0,0,0,0,0,0,0,0
"k__Fungi;p__Basidiomycota;c__Agaricomycetes;o__Russulales;f__Stereaceae;g__Stereum;s__hirsutum","Fungi","Basidiomycota","Agaricomycetes","Russulales","Stereaceae","Stereum","hirsutum",0,0,0,0,0,0,0,0,0,0
"k__Fungi;p__Basidiomycota;c__Agaricomycetes;o__Russulales;f__Stereaceae;g__Stereum;s__ostrea","Fungi","Basidiomycota","Agaricomycetes","Russulales","Stereaceae","Stereum","ostrea",0,0,0,0,0,0,39,0,0,0
"k__Fungi;p__Basidiomycota;c__Agaricomycetes;o__Russulales;f__Stereaceae;g__Stereum;s__sanguinolentum","Fungi","Basidiomycota","Agaricomycetes","Russulales","Stereaceae","Stereum","sanguinolentum",0,0,0,0,0,13,0,0,0,0
"k__Fungi;p__Basidiomycota;c__Agaricomycetes;o__Russulales;f__Wrightoporiaceae;g__Wrightoporia;s__austrosinensis","Fungi","Basidiomycota","Agaricomycetes","Russulales","Wrightoporiaceae","Wrightoporia","austrosinensis",0,0,0,0,0,0,0,0,0,0
"k__Fungi;p__Basidiomycota;c__Agaricomycetes;o__Sebacinales;f__NA;g__Chaetospermum;s__NA","Fungi","Basidiomycota","Agaricomycetes","Sebacinales",NA,"Chaetospermum",NA,0,0,0,0,0,0,0,0,0,0
"k__Fungi;p__Basidiomycota;c__Agaricomycetes;o__Sebacinales;f__Serendipitaceae;g__Serendipita;s__NA","Fungi","Basidiomycota","Agaricomycetes","Sebacinales","Serendipitaceae","Serendipita",NA,0,0,0,0,0,0,0,0,0,0
"k__Fungi;p__Basidiomycota;c__Agaricomycetes;o__Thelephorales;f__Thelephoraceae;g__NA;s__NA","Fungi","Basidiomycota","Agaricomycetes","Thelephorales","Thelephoraceae",NA,NA,0,0,0,0,0,0,0,0,0,0
"k__Fungi;p__Basidiomycota;c__Agaricomycetes;o__Thelephorales;f__Thelephoraceae;g__Odontia;s__NA","Fungi","Basidiomycota","Agaricomycetes","Thelephorales","Thelephoraceae","Odontia",NA,0,0,0,0,0,0,0,0,0,0
"k__Fungi;p__Basidiomycota;c__Agaricomycetes;o__Thelephorales;f__Thelephoraceae;g__Pseudotomentella;s__NA","Fungi","Basidiomycota","Agaricomycetes","Thelephorales","Thelephoraceae","Pseudotomentella",NA,0,0,0,0,0,0,0,0,0,0
"k__Fungi;p__Basidiomycota;c__Agaricomycetes;o__Thelephorales;f__Thelephoraceae;g__Thelephora;s__NA","Fungi","Basidiomycota","Agaricomycetes","Thelephorales","Thelephoraceae","Thelephora",NA,0,0,0,0,0,0,0,0,0,0
"k__Fungi;p__Basidiomycota;c__Agaricomycetes;o__Thelephorales;f__Thelephoraceae;g__Tomentella;s__NA","Fungi","Basidiomycota","Agaricomycetes","Thelephorales","Thelephoraceae","Tomentella",NA,0,0,0,0,0,0,0,0,0,0
"k__Fungi;p__Basidiomycota;c__Agaricomycetes;o__Thelephorales;f__Thelephoraceae;g__Tomentella;s__botryoides","Fungi","Basidiomycota","Agaricomycetes","Thelephorales","Thelephoraceae","Tomentella","botryoides",0,0,0,0,0,0,0,0,0,0
"k__Fungi;p__Basidiomycota;c__Agaricomycetes;o__Thelephorales;f__Thelephoraceae;g__Tomentella;s__lapida","Fungi","Basidiomycota","Agaricomycetes","Thelephorales","Thelephoraceae","Tomentella","lapida",0,0,0,0,0,0,0,0,0,0
"k__Fungi;p__Basidiomycota;c__Agaricomycetes;o__Thelephorales;f__Thelephoraceae;g__Tomentella;s__sublilacina","Fungi","Basidiomycota","Agaricomycetes","Thelephorales","Thelephoraceae","Tomentella","sublilacina",0,0,0,0,0,0,0,0,0,0
"k__Fungi;p__Basidiomycota;c__Agaricomycetes;o__Thelephorales;f__Thelephoraceae;g__Tomentellopsis;s__NA","Fungi","Basidiomycota","Agaricomycetes","Thelephorales","Thelephoraceae","Tomentellopsis",NA,0,0,0,0,0,0,71,0,0,0
"k__Fungi;p__Basidiomycota;c__Agaricomycetes;o__Thelephorales;f__Typhulaceae;g__Tygervalleyomyces;s__NA","Fungi","Basidiomycota","Agaricomycetes","Thelephorales","Typhulaceae","Tygervalleyomyces",NA,0,0,0,0,0,0,0,0,0,0
"k__Fungi;p__Basidiomycota;c__Agaricomycetes;o__Trechisporales;f__Hydnodontaceae;g__Brevicellicium;s__olivascens","Fungi","Basidiomycota","Agaricomycetes","Trechisporales","Hydnodontaceae","Brevicellicium","olivascens",0,0,0,0,0,0,0,0,0,0
"k__Fungi;p__Basidiomycota;c__Agaricomycetes;o__Trechisporales;f__Hydnodontaceae;g__Luellia;s__recondita","Fungi","Basidiomycota","Agaricomycetes","Trechisporales","Hydnodontaceae","Luellia","recondita",0,0,0,0,0,0,0,0,0,0
"k__Fungi;p__Basidiomycota;c__Agaricomycetes;o__Trechisporales;f__Hydnodontaceae;g__Sistotremastrum;s__NA","Fungi","Basidiomycota","Agaricomycetes","Trechisporales","Hydnodontaceae","Sistotremastrum",NA,0,0,0,0,0,0,0,0,0,0
"k__Fungi;p__Basidiomycota;c__Agaricomycetes;o__Trechisporales;f__Hydnodontaceae;g__Sistotremastrum;s__guttuliferum","Fungi","Basidiomycota","Agaricomycetes","Trechisporales","Hydnodontaceae","Sistotremastrum","guttuliferum",0,0,0,0,0,0,0,0,0,0
"k__Fungi;p__Basidiomycota;c__Agaricomycetes;o__Trechisporales;f__Hydnodontaceae;g__Trechispora;s__NA","Fungi","Basidiomycota","Agaricomycetes","Trechisporales","Hydnodontaceae","Trechispora",NA,0,0,0,0,0,0,0,0,0,0
"k__Fungi;p__Basidiomycota;c__Agaricomycetes;o__Trechisporales;f__Hydnodontaceae;g__Trechispora;s__byssinella","Fungi","Basidiomycota","Agaricomycetes","Trechisporales","Hydnodontaceae","Trechispora","byssinella",0,0,0,0,0,0,0,0,0,0
"k__Fungi;p__Basidiomycota;c__Agaricomycetes;o__Trechisporales;f__Hydnodontaceae;g__Trechispora;s__caucasica","Fungi","Basidiomycota","Agaricomycetes","Trechisporales","Hydnodontaceae","Trechispora","caucasica",0,0,0,0,0,0,0,0,0,0
"k__Fungi;p__Basidiomycota;c__Agaricomycetes;o__Trechisporales;f__Hydnodontaceae;g__Trechispora;s__invisitata","Fungi","Basidiomycota","Agaricomycetes","Trechisporales","Hydnodontaceae","Trechispora","invisitata",0,0,0,0,0,0,0,0,0,0
"k__Fungi;p__Basidiomycota;c__Agaricomycetes;o__Trechisporales;f__Hydnodontaceae;g__Trechispora;s__stellulata","Fungi","Basidiomycota","Agaricomycetes","Trechisporales","Hydnodontaceae","Trechispora","stellulata",0,0,0,0,0,0,0,0,0,0
"k__Fungi;p__Basidiomycota;c__Agaricomycetes;o__Trechisporales;f__NA;g__NA;s__NA","Fungi","Basidiomycota","Agaricomycetes","Trechisporales",NA,NA,NA,0,0,0,0,0,0,0,0,0,0
"k__Fungi;p__Basidiomycota;c__Agaricostilbomycetes;o__Agaricostilbales;f__Agaricostilbaceae;g__Sterigmatomyces;s__halophilus","Fungi","Basidiomycota","Agaricostilbomycetes","Agaricostilbales","Agaricostilbaceae","Sterigmatomyces","halophilus",0,0,0,0,0,0,0,0,0,0
"k__Fungi;p__Basidiomycota;c__Agaricostilbomycetes;o__Agaricostilbales;f__Chionosphaeraceae;g__Ballistosporomyces;s__sasicola","Fungi","Basidiomycota","Agaricostilbomycetes","Agaricostilbales","Chionosphaeraceae","Ballistosporomyces","sasicola",0,0,0,0,0,0,0,0,0,0
"k__Fungi;p__Basidiomycota;c__Agaricostilbomycetes;o__Agaricostilbales;f__Chionosphaeraceae;g__Ballistosporomyces;s__taupoensis","Fungi","Basidiomycota","Agaricostilbomycetes","Agaricostilbales","Chionosphaeraceae","Ballistosporomyces","taupoensis",0,0,0,0,0,0,0,0,0,0
"k__Fungi;p__Basidiomycota;c__Agaricostilbomycetes;o__Agaricostilbales;f__Kondoaceae;g__Bensingtonia;s__NA","Fungi","Basidiomycota","Agaricostilbomycetes","Agaricostilbales","Kondoaceae","Bensingtonia",NA,0,0,0,0,0,0,0,0,0,0
"k__Fungi;p__Basidiomycota;c__Agaricostilbomycetes;o__Agaricostilbales;f__Kondoaceae;g__Kondoa;s__NA","Fungi","Basidiomycota","Agaricostilbomycetes","Agaricostilbales","Kondoaceae","Kondoa",NA,0,0,0,0,0,0,0,0,0,0
"k__Fungi;p__Basidiomycota;c__Agaricostilbomycetes;o__Agaricostilbales;f__Kondoaceae;g__Kondoa;s__sorbi","Fungi","Basidiomycota","Agaricostilbomycetes","Agaricostilbales","Kondoaceae","Kondoa","sorbi",0,0,0,0,0,11,0,0,0,0
"k__Fungi;p__Basidiomycota;c__Atractiellomycetes;o__Atractiellales;f__Helicogloeaceae;g__Leucogloea;s__NA","Fungi","Basidiomycota","Atractiellomycetes","Atractiellales","Helicogloeaceae","Leucogloea",NA,0,0,0,0,0,0,0,0,0,0
"k__Fungi;p__Basidiomycota;c__Atractiellomycetes;o__Atractiellales;f__Phleogenaceae;g__Atractidochium;s__hillariae","Fungi","Basidiomycota","Atractiellomycetes","Atractiellales","Phleogenaceae","Atractidochium","hillariae",0,0,0,0,0,0,0,0,0,0
"k__Fungi;p__Basidiomycota;c__Cystobasidiomycetes;o__Cystobasidiales;f__Cystobasidiaceae;g__Cystobasidium;s__benthicum","Fungi","Basidiomycota","Cystobasidiomycetes","Cystobasidiales","Cystobasidiaceae","Cystobasidium","benthicum",0,0,0,0,0,0,0,0,0,0
"k__Fungi;p__Basidiomycota;c__Cystobasidiomycetes;o__Cystobasidiales;f__Cystobasidiaceae;g__Cystobasidium;s__pallidum","Fungi","Basidiomycota","Cystobasidiomycetes","Cystobasidiales","Cystobasidiaceae","Cystobasidium","pallidum",0,0,0,0,0,0,0,0,0,0
"k__Fungi;p__Basidiomycota;c__Cystobasidiomycetes;o__Cystobasidiales;f__Cystobasidiaceae;g__Cystobasidium;s__slooffiae","Fungi","Basidiomycota","Cystobasidiomycetes","Cystobasidiales","Cystobasidiaceae","Cystobasidium","slooffiae",0,0,0,0,0,0,0,0,0,0
"k__Fungi;p__Basidiomycota;c__Cystobasidiomycetes;o__Cystobasidiales;f__NA;g__Occultifur;s__NA","Fungi","Basidiomycota","Cystobasidiomycetes","Cystobasidiales",NA,"Occultifur",NA,0,0,0,0,0,0,0,0,0,0
"k__Fungi;p__Basidiomycota;c__Cystobasidiomycetes;o__Cystobasidiales;f__NA;g__Occultifur;s__externus","Fungi","Basidiomycota","Cystobasidiomycetes","Cystobasidiales",NA,"Occultifur","externus",0,0,178,0,0,0,0,0,0,0
"k__Fungi;p__Basidiomycota;c__Cystobasidiomycetes;o__Cystobasidiales;f__NA;g__Occultifur;s__tropicalis","Fungi","Basidiomycota","Cystobasidiomycetes","Cystobasidiales",NA,"Occultifur","tropicalis",0,0,76,0,0,0,0,0,0,0
"k__Fungi;p__Basidiomycota;c__Cystobasidiomycetes;o__Erythrobasidiales;f__Erythrobasidiaceae;g__Bannoa;s__hahajimensis","Fungi","Basidiomycota","Cystobasidiomycetes","Erythrobasidiales","Erythrobasidiaceae","Bannoa","hahajimensis",0,0,0,0,0,0,0,0,0,0
"k__Fungi;p__Basidiomycota;c__Cystobasidiomycetes;o__Erythrobasidiales;f__Erythrobasidiaceae;g__Erythrobasidium;s__NA","Fungi","Basidiomycota","Cystobasidiomycetes","Erythrobasidiales","Erythrobasidiaceae","Erythrobasidium",NA,0,0,0,0,0,0,0,0,0,0
"k__Fungi;p__Basidiomycota;c__Cystobasidiomycetes;o__Erythrobasidiales;f__NA;g__Hasegawazyma;s__lactosa","Fungi","Basidiomycota","Cystobasidiomycetes","Erythrobasidiales",NA,"Hasegawazyma","lactosa",0,0,101,51,0,0,0,0,0,0
"k__Fungi;p__Basidiomycota;c__Cystobasidiomycetes;o__Erythrobasidiales;f__NA;g__NA;s__NA","Fungi","Basidiomycota","Cystobasidiomycetes","Erythrobasidiales",NA,NA,NA,0,0,0,0,0,0,0,0,0,0
"k__Fungi;p__Basidiomycota;c__Cystobasidiomycetes;o__NA;f__NA;g__Buckleyzyma;s__aurantiaca","Fungi","Basidiomycota","Cystobasidiomycetes",NA,NA,"Buckleyzyma","aurantiaca",0,0,0,0,0,0,0,0,0,0
"k__Fungi;p__Basidiomycota;c__Cystobasidiomycetes;o__NA;f__NA;g__Sakaguchia;s__cladiensis","Fungi","Basidiomycota","Cystobasidiomycetes",NA,NA,"Sakaguchia","cladiensis",0,0,0,0,0,0,0,0,0,0
"k__Fungi;p__Basidiomycota;c__Cystobasidiomycetes;o__NA;f__NA;g__Sakaguchia;s__oryzae","Fungi","Basidiomycota","Cystobasidiomycetes",NA,NA,"Sakaguchia","oryzae",0,0,0,0,0,0,0,0,0,0
"k__Fungi;p__Basidiomycota;c__Cystobasidiomycetes;o__NA;f__Symmetrosporaceae;g__Symmetrospora;s__NA","Fungi","Basidiomycota","Cystobasidiomycetes",NA,"Symmetrosporaceae","Symmetrospora",NA,0,0,0,0,0,0,39,0,0,0
"k__Fungi;p__Basidiomycota;c__Cystobasidiomycetes;o__NA;f__Symmetrosporaceae;g__Symmetrospora;s__oryzicola","Fungi","Basidiomycota","Cystobasidiomycetes",NA,"Symmetrosporaceae","Symmetrospora","oryzicola",0,0,0,0,0,22,0,0,0,0
"k__Fungi;p__Basidiomycota;c__Cystobasidiomycetes;o__NA;f__Symmetrosporaceae;g__Symmetrospora;s__symmetrica","Fungi","Basidiomycota","Cystobasidiomycetes",NA,"Symmetrosporaceae","Symmetrospora","symmetrica",0,0,0,0,0,0,0,0,0,0
"k__Fungi;p__Basidiomycota;c__Exobasidiomycetes;o__Entylomatales;f__Entylomataceae;g__Entyloma;s__ficariae","Fungi","Basidiomycota","Exobasidiomycetes","Entylomatales","Entylomataceae","Entyloma","ficariae",0,0,0,0,0,0,0,0,0,0
"k__Fungi;p__Basidiomycota;c__Exobasidiomycetes;o__Entylomatales;f__Entylomataceae;g__Entyloma;s__matricariae","Fungi","Basidiomycota","Exobasidiomycetes","Entylomatales","Entylomataceae","Entyloma","matricariae",0,0,0,0,0,0,0,0,0,0
"k__Fungi;p__Basidiomycota;c__Exobasidiomycetes;o__Entylomatales;f__NA;g__Tilletiopsis;s__lilacina","Fungi","Basidiomycota","Exobasidiomycetes","Entylomatales",NA,"Tilletiopsis","lilacina",0,0,0,0,0,0,0,0,0,0
"k__Fungi;p__Basidiomycota;c__Exobasidiomycetes;o__Entylomatales;f__NA;g__Tilletiopsis;s__lilacina-washingtonensis","Fungi","Basidiomycota","Exobasidiomycetes","Entylomatales",NA,"Tilletiopsis","lilacina-washingtonensis",0,0,0,0,0,0,0,0,0,0
"k__Fungi;p__Basidiomycota;c__Exobasidiomycetes;o__Entylomatales;f__NA;g__Tilletiopsis;s__washingtonensis","Fungi","Basidiomycota","Exobasidiomycetes","Entylomatales",NA,"Tilletiopsis","washingtonensis",0,0,0,0,0,0,0,0,0,23
"k__Fungi;p__Basidiomycota;c__Exobasidiomycetes;o__Exobasidiales;f__Brachybasidiaceae;g__Meira;s__argovae","Fungi","Basidiomycota","Exobasidiomycetes","Exobasidiales","Brachybasidiaceae","Meira","argovae",0,0,34,0,0,0,0,0,0,0
"k__Fungi;p__Basidiomycota;c__Exobasidiomycetes;o__Exobasidiales;f__Brachybasidiaceae;g__Meira;s__miltonrushii","Fungi","Basidiomycota","Exobasidiomycetes","Exobasidiales","Brachybasidiaceae","Meira","miltonrushii",0,0,0,0,0,0,0,0,0,0
"k__Fungi;p__Basidiomycota;c__Exobasidiomycetes;o__Exobasidiales;f__Brachybasidiaceae;g__Meira;s__nashicola","Fungi","Basidiomycota","Exobasidiomycetes","Exobasidiales","Brachybasidiaceae","Meira","nashicola",0,0,0,0,0,0,38,0,0,0
"k__Fungi;p__Basidiomycota;c__Exobasidiomycetes;o__Exobasidiales;f__Cryptobasidiaceae;g__Acaromyces;s__ingoldii","Fungi","Basidiomycota","Exobasidiomycetes","Exobasidiales","Cryptobasidiaceae","Acaromyces","ingoldii",0,0,0,0,0,0,0,0,0,0
"k__Fungi;p__Basidiomycota;c__Exobasidiomycetes;o__Exobasidiales;f__Cryptobasidiaceae;g__Clinoconidium;s__sawadae","Fungi","Basidiomycota","Exobasidiomycetes","Exobasidiales","Cryptobasidiaceae","Clinoconidium","sawadae",0,0,0,0,0,0,0,0,0,0
"k__Fungi;p__Basidiomycota;c__Exobasidiomycetes;o__Exobasidiales;f__Exobasidiaceae;g__Exobasidium;s__NA","Fungi","Basidiomycota","Exobasidiomycetes","Exobasidiales","Exobasidiaceae","Exobasidium",NA,0,0,0,0,0,0,0,0,0,0
"k__Fungi;p__Basidiomycota;c__Exobasidiomycetes;o__Exobasidiales;f__Exobasidiaceae;g__Exobasidium;s__gracile","Fungi","Basidiomycota","Exobasidiomycetes","Exobasidiales","Exobasidiaceae","Exobasidium","gracile",0,0,0,0,0,0,0,0,0,0
"k__Fungi;p__Basidiomycota;c__Exobasidiomycetes;o__Exobasidiales;f__Exobasidiaceae;g__Exobasidium;s__japonicum","Fungi","Basidiomycota","Exobasidiomycetes","Exobasidiales","Exobasidiaceae","Exobasidium","japonicum",0,0,0,0,0,0,0,0,0,0
"k__Fungi;p__Basidiomycota;c__Exobasidiomycetes;o__Exobasidiales;f__Exobasidiaceae;g__Exobasidium;s__maculosum","Fungi","Basidiomycota","Exobasidiomycetes","Exobasidiales","Exobasidiaceae","Exobasidium","maculosum",0,0,0,0,0,0,0,0,0,0
"k__Fungi;p__Basidiomycota;c__Exobasidiomycetes;o__Exobasidiales;f__Exobasidiaceae;g__Exobasidium;s__rostrupii","Fungi","Basidiomycota","Exobasidiomycetes","Exobasidiales","Exobasidiaceae","Exobasidium","rostrupii",0,0,0,0,0,0,0,0,0,0
"k__Fungi;p__Basidiomycota;c__Exobasidiomycetes;o__Exobasidiales;f__Exobasidiaceae;g__Exobasidium;s__yoshinagae","Fungi","Basidiomycota","Exobasidiomycetes","Exobasidiales","Exobasidiaceae","Exobasidium","yoshinagae",0,0,0,0,0,0,0,0,0,0
"k__Fungi;p__Basidiomycota;c__Exobasidiomycetes;o__Exobasidiales;f__NA;g__NA;s__NA","Fungi","Basidiomycota","Exobasidiomycetes","Exobasidiales",NA,NA,NA,0,0,0,0,0,0,0,0,0,0
"k__Fungi;p__Basidiomycota;c__Exobasidiomycetes;o__Georgefischeriales;f__Gjaerumiaceae;g__Gjaerumia;s__minor","Fungi","Basidiomycota","Exobasidiomycetes","Georgefischeriales","Gjaerumiaceae","Gjaerumia","minor",0,0,0,0,0,0,0,0,0,0
"k__Fungi;p__Basidiomycota;c__Exobasidiomycetes;o__Microstromatales;f__Microstromataceae;g__Microstroma;s__NA","Fungi","Basidiomycota","Exobasidiomycetes","Microstromatales","Microstromataceae","Microstroma",NA,0,0,0,0,0,0,0,0,0,0
"k__Fungi;p__Basidiomycota;c__Exobasidiomycetes;o__Microstromatales;f__Microstromataceae;g__NA;s__NA","Fungi","Basidiomycota","Exobasidiomycetes","Microstromatales","Microstromataceae",NA,NA,0,0,0,0,0,0,0,0,0,0
"k__Fungi;p__Basidiomycota;c__Exobasidiomycetes;o__Microstromatales;f__NA;g__Pseudomicrostroma;s__phylloplanum","Fungi","Basidiomycota","Exobasidiomycetes","Microstromatales",NA,"Pseudomicrostroma","phylloplanum",0,0,0,0,0,0,0,0,0,0
"k__Fungi;p__Basidiomycota;c__Exobasidiomycetes;o__Microstromatales;f__Quambalariaceae;g__Quambalaria;s__cyanescens","Fungi","Basidiomycota","Exobasidiomycetes","Microstromatales","Quambalariaceae","Quambalaria","cyanescens",0,0,0,0,0,0,34,929,179,27
"k__Fungi;p__Basidiomycota;c__Exobasidiomycetes;o__Microstromatales;f__Quambalariaceae;g__Quambalaria;s__simpsonii","Fungi","Basidiomycota","Exobasidiomycetes","Microstromatales","Quambalariaceae","Quambalaria","simpsonii",0,0,0,0,0,0,0,0,0,0
"k__Fungi;p__Basidiomycota;c__Exobasidiomycetes;o__Tilletiales;f__Tilletiaceae;g__Tilletia;s__holci","Fungi","Basidiomycota","Exobasidiomycetes","Tilletiales","Tilletiaceae","Tilletia","holci",0,0,0,0,0,0,0,0,0,0
"k__Fungi;p__Basidiomycota;c__Geminibasidiomycetes;o__Geminibasidiales;f__Geminibasidiaceae;g__Geminibasidium;s__NA","Fungi","Basidiomycota","Geminibasidiomycetes","Geminibasidiales","Geminibasidiaceae","Geminibasidium",NA,0,0,0,17,0,0,0,0,0,0
"k__Fungi;p__Basidiomycota;c__Malasseziomycetes;o__Malasseziales;f__Malasseziaceae;g__Malassezia;s__arunalokei","Fungi","Basidiomycota","Malasseziomycetes","Malasseziales","Malasseziaceae","Malassezia","arunalokei",0,0,0,0,0,0,0,0,0,0
"k__Fungi;p__Basidiomycota;c__Malasseziomycetes;o__Malasseziales;f__Malasseziaceae;g__Malassezia;s__caprae","Fungi","Basidiomycota","Malasseziomycetes","Malasseziales","Malasseziaceae","Malassezia","caprae",0,0,0,0,0,0,0,0,0,0
"k__Fungi;p__Basidiomycota;c__Malasseziomycetes;o__Malasseziales;f__Malasseziaceae;g__Malassezia;s__globosa","Fungi","Basidiomycota","Malasseziomycetes","Malasseziales","Malasseziaceae","Malassezia","globosa",0,0,0,0,0,0,0,0,0,0
"k__Fungi;p__Basidiomycota;c__Malasseziomycetes;o__Malasseziales;f__Malasseziaceae;g__Malassezia;s__japonica","Fungi","Basidiomycota","Malasseziomycetes","Malasseziales","Malasseziaceae","Malassezia","japonica",0,29,165,1718,0,18,319,2277,428,91
"k__Fungi;p__Basidiomycota;c__Malasseziomycetes;o__Malasseziales;f__Malasseziaceae;g__Malassezia;s__restricta","Fungi","Basidiomycota","Malasseziomycetes","Malasseziales","Malasseziaceae","Malassezia","restricta",0,0,42,21,0,74,21,99,21,0
"k__Fungi;p__Basidiomycota;c__Malasseziomycetes;o__Malasseziales;f__Malasseziaceae;g__Malassezia;s__slooffiae","Fungi","Basidiomycota","Malasseziomycetes","Malasseziales","Malasseziaceae","Malassezia","slooffiae",0,0,0,0,0,0,0,0,0,0
"k__Fungi;p__Basidiomycota;c__Malasseziomycetes;o__Malasseziales;f__Malasseziaceae;g__Malassezia;s__sympodialis","Fungi","Basidiomycota","Malasseziomycetes","Malasseziales","Malasseziaceae","Malassezia","sympodialis",0,0,16,0,0,0,0,0,0,0
"k__Fungi;p__Basidiomycota;c__Malasseziomycetes;o__Malasseziales;f__NA;g__NA;s__NA","Fungi","Basidiomycota","Malasseziomycetes","Malasseziales",NA,NA,NA,0,0,0,0,0,12,0,77,0,0
"k__Fungi;p__Basidiomycota;c__Microbotryomycetes;o__Leucosporidiales;f__Leucosporidiaceae;g__Leucosporidium;s__intermedium","Fungi","Basidiomycota","Microbotryomycetes","Leucosporidiales","Leucosporidiaceae","Leucosporidium","intermedium",0,0,0,0,0,0,0,0,0,0
"k__Fungi;p__Basidiomycota;c__Microbotryomycetes;o__Microbotryales;f__Microbotryaceae;g__Microbotryum;s__cordae","Fungi","Basidiomycota","Microbotryomycetes","Microbotryales","Microbotryaceae","Microbotryum","cordae",0,0,0,0,0,0,0,0,0,0
"k__Fungi;p__Basidiomycota;c__Microbotryomycetes;o__Microbotryales;f__Ustilentylomataceae;g__Microbotryozyma;s__collariae","Fungi","Basidiomycota","Microbotryomycetes","Microbotryales","Ustilentylomataceae","Microbotryozyma","collariae",0,0,0,0,0,0,0,0,0,0
"k__Fungi;p__Basidiomycota;c__Microbotryomycetes;o__Microbotryales;f__Ustilentylomataceae;g__Ustilentyloma;s__graminis","Fungi","Basidiomycota","Microbotryomycetes","Microbotryales","Ustilentylomataceae","Ustilentyloma","graminis",0,0,0,0,0,0,0,0,0,0
"k__Fungi;p__Basidiomycota;c__Microbotryomycetes;o__NA;f__Chrysozymaceae;g__Chrysozyma;s__griseoflava","Fungi","Basidiomycota","Microbotryomycetes",NA,"Chrysozymaceae","Chrysozyma","griseoflava",0,0,0,0,0,0,0,0,0,0
"k__Fungi;p__Basidiomycota;c__Microbotryomycetes;o__NA;f__Chrysozymaceae;g__Fellozyma;s__NA","Fungi","Basidiomycota","Microbotryomycetes",NA,"Chrysozymaceae","Fellozyma",NA,0,0,0,0,0,0,0,0,0,0
"k__Fungi;p__Basidiomycota;c__Microbotryomycetes;o__NA;f__Chrysozymaceae;g__NA;s__NA","Fungi","Basidiomycota","Microbotryomycetes",NA,"Chrysozymaceae",NA,NA,0,0,0,0,0,0,0,0,0,0
"k__Fungi;p__Basidiomycota;c__Microbotryomycetes;o__NA;f__Chrysozymaceae;g__Pseudohyphozyma;s__bogoriensis","Fungi","Basidiomycota","Microbotryomycetes",NA,"Chrysozymaceae","Pseudohyphozyma","bogoriensis",0,0,0,0,0,0,0,0,0,0
"k__Fungi;p__Basidiomycota;c__Microbotryomycetes;o__NA;f__NA;g__Colacogloea;s__NA","Fungi","Basidiomycota","Microbotryomycetes",NA,NA,"Colacogloea",NA,0,0,0,0,0,0,0,0,0,0
"k__Fungi;p__Basidiomycota;c__Microbotryomycetes;o__NA;f__NA;g__Colacogloea;s__falcata","Fungi","Basidiomycota","Microbotryomycetes",NA,NA,"Colacogloea","falcata",0,0,0,0,0,0,0,0,0,0
"k__Fungi;p__Basidiomycota;c__Microbotryomycetes;o__NA;f__NA;g__Colacogloea;s__foliorum","Fungi","Basidiomycota","Microbotryomycetes",NA,NA,"Colacogloea","foliorum",0,0,0,0,0,0,0,0,0,0
"k__Fungi;p__Basidiomycota;c__Microbotryomycetes;o__NA;f__NA;g__Colacogloea;s__philyla","Fungi","Basidiomycota","Microbotryomycetes",NA,NA,"Colacogloea","philyla",0,0,0,0,0,0,0,0,0,0
"k__Fungi;p__Basidiomycota;c__Microbotryomycetes;o__NA;f__NA;g__Colacogloea;s__retinophila","Fungi","Basidiomycota","Microbotryomycetes",NA,NA,"Colacogloea","retinophila",0,0,0,0,0,0,0,0,0,0
"k__Fungi;p__Basidiomycota;c__Microbotryomycetes;o__NA;f__NA;g__Curvibasidium;s__cygneicollum","Fungi","Basidiomycota","Microbotryomycetes",NA,NA,"Curvibasidium","cygneicollum",0,0,0,0,0,0,0,0,0,0
"k__Fungi;p__Basidiomycota;c__Microbotryomycetes;o__NA;f__NA;g__NA;s__NA","Fungi","Basidiomycota","Microbotryomycetes",NA,NA,NA,NA,0,0,0,0,0,0,0,0,0,0
"k__Fungi;p__Basidiomycota;c__Microbotryomycetes;o__Sporidiobolales;f__NA;g__NA;s__NA","Fungi","Basidiomycota","Microbotryomycetes","Sporidiobolales",NA,NA,NA,0,0,0,0,0,0,39,0,0,0
"k__Fungi;p__Basidiomycota;c__Microbotryomycetes;o__Sporidiobolales;f__Sporidiobolaceae;g__NA;s__NA","Fungi","Basidiomycota","Microbotryomycetes","Sporidiobolales","Sporidiobolaceae",NA,NA,0,0,0,0,0,0,0,0,0,0
"k__Fungi;p__Basidiomycota;c__Microbotryomycetes;o__Sporidiobolales;f__Sporidiobolaceae;g__Rhodosporidiobolus;s__azoricus","Fungi","Basidiomycota","Microbotryomycetes","Sporidiobolales","Sporidiobolaceae","Rhodosporidiobolus","azoricus",0,0,0,0,0,0,0,0,0,0
"k__Fungi;p__Basidiomycota;c__Microbotryomycetes;o__Sporidiobolales;f__Sporidiobolaceae;g__Rhodosporidiobolus;s__fluvialis","Fungi","Basidiomycota","Microbotryomycetes","Sporidiobolales","Sporidiobolaceae","Rhodosporidiobolus","fluvialis",0,0,0,0,0,0,0,0,0,0
"k__Fungi;p__Basidiomycota;c__Microbotryomycetes;o__Sporidiobolales;f__Sporidiobolaceae;g__Rhodosporidiobolus;s__odoratus","Fungi","Basidiomycota","Microbotryomycetes","Sporidiobolales","Sporidiobolaceae","Rhodosporidiobolus","odoratus",0,0,0,0,0,0,0,0,0,0
"k__Fungi;p__Basidiomycota;c__Microbotryomycetes;o__Sporidiobolales;f__Sporidiobolaceae;g__Rhodosporidiobolus;s__ruineniae","Fungi","Basidiomycota","Microbotryomycetes","Sporidiobolales","Sporidiobolaceae","Rhodosporidiobolus","ruineniae",0,0,647,19,0,0,0,0,0,0
"k__Fungi;p__Basidiomycota;c__Microbotryomycetes;o__Sporidiobolales;f__Sporidiobolaceae;g__Rhodotorula;s__babjevae-glutinis-graminis","Fungi","Basidiomycota","Microbotryomycetes","Sporidiobolales","Sporidiobolaceae","Rhodotorula","babjevae-glutinis-graminis",0,0,0,0,0,0,0,0,45,0
"k__Fungi;p__Basidiomycota;c__Microbotryomycetes;o__Sporidiobolales;f__Sporidiobolaceae;g__Rhodotorula;s__dairenensis","Fungi","Basidiomycota","Microbotryomycetes","Sporidiobolales","Sporidiobolaceae","Rhodotorula","dairenensis",0,0,0,0,0,0,0,0,0,0
"k__Fungi;p__Basidiomycota;c__Microbotryomycetes;o__Sporidiobolales;f__Sporidiobolaceae;g__Rhodotorula;s__diobovata-glutinis","Fungi","Basidiomycota","Microbotryomycetes","Sporidiobolales","Sporidiobolaceae","Rhodotorula","diobovata-glutinis",0,0,0,0,0,0,0,0,0,0
"k__Fungi;p__Basidiomycota;c__Microbotryomycetes;o__Sporidiobolales;f__Sporidiobolaceae;g__Rhodotorula;s__glutinis-kratochvilovae","Fungi","Basidiomycota","Microbotryomycetes","Sporidiobolales","Sporidiobolaceae","Rhodotorula","glutinis-kratochvilovae",0,0,0,0,0,0,0,0,0,0
"k__Fungi;p__Basidiomycota;c__Microbotryomycetes;o__Sporidiobolales;f__Sporidiobolaceae;g__Rhodotorula;s__graminis","Fungi","Basidiomycota","Microbotryomycetes","Sporidiobolales","Sporidiobolaceae","Rhodotorula","graminis",0,0,0,0,0,0,0,0,0,0
"k__Fungi;p__Basidiomycota;c__Microbotryomycetes;o__Sporidiobolales;f__Sporidiobolaceae;g__Rhodotorula;s__mucilaginosa","Fungi","Basidiomycota","Microbotryomycetes","Sporidiobolales","Sporidiobolaceae","Rhodotorula","mucilaginosa",0,0,0,0,0,0,0,0,0,0
"k__Fungi;p__Basidiomycota;c__Microbotryomycetes;o__Sporidiobolales;f__Sporidiobolaceae;g__Rhodotorula;s__pacifica","Fungi","Basidiomycota","Microbotryomycetes","Sporidiobolales","Sporidiobolaceae","Rhodotorula","pacifica",0,0,0,0,0,0,0,0,0,0
"k__Fungi;p__Basidiomycota;c__Microbotryomycetes;o__Sporidiobolales;f__Sporidiobolaceae;g__Rhodotorula;s__paludigena","Fungi","Basidiomycota","Microbotryomycetes","Sporidiobolales","Sporidiobolaceae","Rhodotorula","paludigena",0,0,0,0,0,0,0,0,0,0
"k__Fungi;p__Basidiomycota;c__Microbotryomycetes;o__Sporidiobolales;f__Sporidiobolaceae;g__Rhodotorula;s__taiwanensis","Fungi","Basidiomycota","Microbotryomycetes","Sporidiobolales","Sporidiobolaceae","Rhodotorula","taiwanensis",0,0,29,0,0,0,0,0,0,0
"k__Fungi;p__Basidiomycota;c__Microbotryomycetes;o__Sporidiobolales;f__Sporidiobolaceae;g__Rhodotorula;s__toruloides","Fungi","Basidiomycota","Microbotryomycetes","Sporidiobolales","Sporidiobolaceae","Rhodotorula","toruloides",0,0,15,0,0,0,0,0,0,0
"k__Fungi;p__Basidiomycota;c__Microbotryomycetes;o__Sporidiobolales;f__Sporidiobolaceae;g__Sporidiobolus;s__NA","Fungi","Basidiomycota","Microbotryomycetes","Sporidiobolales","Sporidiobolaceae","Sporidiobolus",NA,0,0,0,0,0,0,0,0,0,0
"k__Fungi;p__Basidiomycota;c__Microbotryomycetes;o__Sporidiobolales;f__Sporidiobolaceae;g__Sporobolomyces;s__NA","Fungi","Basidiomycota","Microbotryomycetes","Sporidiobolales","Sporidiobolaceae","Sporobolomyces",NA,0,0,0,0,0,0,0,0,0,0
"k__Fungi;p__Basidiomycota;c__Microbotryomycetes;o__Sporidiobolales;f__Sporidiobolaceae;g__Sporobolomyces;s__koalae","Fungi","Basidiomycota","Microbotryomycetes","Sporidiobolales","Sporidiobolaceae","Sporobolomyces","koalae",0,0,0,0,0,0,0,0,0,0
"k__Fungi;p__Basidiomycota;c__Microbotryomycetes;o__Sporidiobolales;f__Sporidiobolaceae;g__Sporobolomyces;s__roseus","Fungi","Basidiomycota","Microbotryomycetes","Sporidiobolales","Sporidiobolaceae","Sporobolomyces","roseus",0,0,0,0,0,19,0,0,0,0
"k__Fungi;p__Basidiomycota;c__Microbotryomycetes;o__Sporidiobolales;f__Sporidiobolaceae;g__Sporobolomyces;s__ruberrimus","Fungi","Basidiomycota","Microbotryomycetes","Sporidiobolales","Sporidiobolaceae","Sporobolomyces","ruberrimus",0,0,0,0,0,0,0,0,0,0
"k__Fungi;p__Basidiomycota;c__Moniliellomycetes;o__Moniliellales;f__Moniliellaceae;g__Moniliella;s__megachiliensis","Fungi","Basidiomycota","Moniliellomycetes","Moniliellales","Moniliellaceae","Moniliella","megachiliensis",0,0,0,0,0,0,0,0,0,0
"k__Fungi;p__Basidiomycota;c__NA;o__NA;f__NA;g__NA;s__NA","Fungi","Basidiomycota",NA,NA,NA,NA,NA,0,0,0,0,0,0,0,0,0,0
"k__Fungi;p__Basidiomycota;c__Pucciniomycetes;o__Helicobasidiales;f__Helicobasidiaceae;g__NA;s__NA","Fungi","Basidiomycota","Pucciniomycetes","Helicobasidiales","Helicobasidiaceae",NA,NA,0,0,0,0,0,0,0,0,0,0
"k__Fungi;p__Basidiomycota;c__Pucciniomycetes;o__Platygloeales;f__NA;g__NA;s__NA","Fungi","Basidiomycota","Pucciniomycetes","Platygloeales",NA,NA,NA,0,0,0,0,0,0,85,0,0,0
"k__Fungi;p__Basidiomycota;c__Pucciniomycetes;o__Septobasidiales;f__Septobasidiaceae;g__NA;s__NA","Fungi","Basidiomycota","Pucciniomycetes","Septobasidiales","Septobasidiaceae",NA,NA,0,0,0,0,0,0,0,0,0,0
"k__Fungi;p__Basidiomycota;c__Spiculogloeomycetes;o__Spiculogloeales;f__Spiculogloeaceae;g__Phyllozyma;s__dimmennae","Fungi","Basidiomycota","Spiculogloeomycetes","Spiculogloeales","Spiculogloeaceae","Phyllozyma","dimmennae",0,0,0,0,0,0,0,0,0,0
"k__Fungi;p__Basidiomycota;c__Spiculogloeomycetes;o__Spiculogloeales;f__Spiculogloeaceae;g__Phyllozyma;s__linderae","Fungi","Basidiomycota","Spiculogloeomycetes","Spiculogloeales","Spiculogloeaceae","Phyllozyma","linderae",0,0,0,0,0,0,0,0,0,0
"k__Fungi;p__Basidiomycota;c__Tremellomycetes;o__Cystofilobasidiales;f__Cystofilobasidiaceae;g__Cystofilobasidium;s__capitatum","Fungi","Basidiomycota","Tremellomycetes","Cystofilobasidiales","Cystofilobasidiaceae","Cystofilobasidium","capitatum",0,0,0,0,0,0,0,0,0,0
"k__Fungi;p__Basidiomycota;c__Tremellomycetes;o__Cystofilobasidiales;f__Cystofilobasidiaceae;g__Cystofilobasidium;s__infirmominiatum","Fungi","Basidiomycota","Tremellomycetes","Cystofilobasidiales","Cystofilobasidiaceae","Cystofilobasidium","infirmominiatum",0,0,0,0,0,0,0,0,0,0
"k__Fungi;p__Basidiomycota;c__Tremellomycetes;o__Cystofilobasidiales;f__Cystofilobasidiaceae;g__Cystofilobasidium;s__macerans","Fungi","Basidiomycota","Tremellomycetes","Cystofilobasidiales","Cystofilobasidiaceae","Cystofilobasidium","macerans",0,0,0,0,0,0,0,0,0,0
"k__Fungi;p__Basidiomycota;c__Tremellomycetes;o__Cystofilobasidiales;f__Mrakiaceae;g__Itersonilia;s__perplexans","Fungi","Basidiomycota","Tremellomycetes","Cystofilobasidiales","Mrakiaceae","Itersonilia","perplexans",0,0,0,0,0,0,0,0,0,0
"k__Fungi;p__Basidiomycota;c__Tremellomycetes;o__Cystofilobasidiales;f__Mrakiaceae;g__Tausonia;s__pullulans","Fungi","Basidiomycota","Tremellomycetes","Cystofilobasidiales","Mrakiaceae","Tausonia","pullulans",0,0,0,0,0,0,0,0,0,0
"k__Fungi;p__Basidiomycota;c__Tremellomycetes;o__Cystofilobasidiales;f__Mrakiaceae;g__Udeniomyces;s__megalosporus","Fungi","Basidiomycota","Tremellomycetes","Cystofilobasidiales","Mrakiaceae","Udeniomyces","megalosporus",0,0,0,0,0,0,0,0,0,0
"k__Fungi;p__Basidiomycota;c__Tremellomycetes;o__Cystofilobasidiales;f__Mrakiaceae;g__Udeniomyces;s__puniceus","Fungi","Basidiomycota","Tremellomycetes","Cystofilobasidiales","Mrakiaceae","Udeniomyces","puniceus",0,0,0,0,0,22,0,0,0,0
"k__Fungi;p__Basidiomycota;c__Tremellomycetes;o__Filobasidiales;f__Filobasidiaceae;g__Filobasidium;s__chernovii","Fungi","Basidiomycota","Tremellomycetes","Filobasidiales","Filobasidiaceae","Filobasidium","chernovii",0,0,0,0,0,0,0,0,0,0
"k__Fungi;p__Basidiomycota;c__Tremellomycetes;o__Filobasidiales;f__Filobasidiaceae;g__Filobasidium;s__magnum","Fungi","Basidiomycota","Tremellomycetes","Filobasidiales","Filobasidiaceae","Filobasidium","magnum",0,0,0,87,0,1503,12,62,489,1269
"k__Fungi;p__Basidiomycota;c__Tremellomycetes;o__Filobasidiales;f__Filobasidiaceae;g__Filobasidium;s__uniguttulatum","Fungi","Basidiomycota","Tremellomycetes","Filobasidiales","Filobasidiaceae","Filobasidium","uniguttulatum",0,0,0,0,0,0,0,0,0,0
"k__Fungi;p__Basidiomycota;c__Tremellomycetes;o__Filobasidiales;f__Filobasidiaceae;g__Filobasidium;s__wieringae","Fungi","Basidiomycota","Tremellomycetes","Filobasidiales","Filobasidiaceae","Filobasidium","wieringae",0,0,0,0,0,0,0,0,0,31
"k__Fungi;p__Basidiomycota;c__Tremellomycetes;o__Filobasidiales;f__Filobasidiaceae;g__Heterocephalacria;s__arrabidensis","Fungi","Basidiomycota","Tremellomycetes","Filobasidiales","Filobasidiaceae","Heterocephalacria","arrabidensis",0,0,0,0,0,0,0,0,0,0
"k__Fungi;p__Basidiomycota;c__Tremellomycetes;o__Filobasidiales;f__Filobasidiaceae;g__Naganishia;s__NA","Fungi","Basidiomycota","Tremellomycetes","Filobasidiales","Filobasidiaceae","Naganishia",NA,0,0,0,0,0,0,0,0,0,0
"k__Fungi;p__Basidiomycota;c__Tremellomycetes;o__Filobasidiales;f__Filobasidiaceae;g__Naganishia;s__albida","Fungi","Basidiomycota","Tremellomycetes","Filobasidiales","Filobasidiaceae","Naganishia","albida",0,0,0,0,0,0,0,0,0,0
"k__Fungi;p__Basidiomycota;c__Tremellomycetes;o__Filobasidiales;f__Filobasidiaceae;g__Naganishia;s__antarctica-randhawae","Fungi","Basidiomycota","Tremellomycetes","Filobasidiales","Filobasidiaceae","Naganishia","antarctica-randhawae",0,0,0,0,0,0,0,0,0,0
"k__Fungi;p__Basidiomycota;c__Tremellomycetes;o__Filobasidiales;f__Filobasidiaceae;g__Naganishia;s__uzbekistanensis","Fungi","Basidiomycota","Tremellomycetes","Filobasidiales","Filobasidiaceae","Naganishia","uzbekistanensis",0,0,0,0,0,0,0,0,0,0
"k__Fungi;p__Basidiomycota;c__Tremellomycetes;o__Filobasidiales;f__Piskurozymaceae;g__Piskurozyma;s__NA","Fungi","Basidiomycota","Tremellomycetes","Filobasidiales","Piskurozymaceae","Piskurozyma",NA,0,0,0,0,0,0,0,0,0,0
"k__Fungi;p__Basidiomycota;c__Tremellomycetes;o__Filobasidiales;f__Piskurozymaceae;g__Piskurozyma;s__capsuligena","Fungi","Basidiomycota","Tremellomycetes","Filobasidiales","Piskurozymaceae","Piskurozyma","capsuligena",0,0,0,0,0,0,0,0,0,0
"k__Fungi;p__Basidiomycota;c__Tremellomycetes;o__Filobasidiales;f__Piskurozymaceae;g__Solicoccozyma;s__keelungensis","Fungi","Basidiomycota","Tremellomycetes","Filobasidiales","Piskurozymaceae","Solicoccozyma","keelungensis",0,0,31,0,0,0,0,0,0,0
"k__Fungi;p__Basidiomycota;c__Tremellomycetes;o__Holtermanniales;f__NA;g__Holtermanniella;s__takashimae","Fungi","Basidiomycota","Tremellomycetes","Holtermanniales",NA,"Holtermanniella","takashimae",0,0,0,0,0,0,0,0,0,0
"k__Fungi;p__Basidiomycota;c__Tremellomycetes;o__NA;f__NA;g__NA;s__NA","Fungi","Basidiomycota","Tremellomycetes",NA,NA,NA,NA,0,0,0,0,0,29,0,0,0,0
"k__Fungi;p__Basidiomycota;c__Tremellomycetes;o__Tremellales;f__Bulleraceae;g__Bullera;s__alba","Fungi","Basidiomycota","Tremellomycetes","Tremellales","Bulleraceae","Bullera","alba",0,0,0,0,0,40,0,0,145,0
"k__Fungi;p__Basidiomycota;c__Tremellomycetes;o__Tremellales;f__Bulleraceae;g__Fonsecazyma;s__mujuensis","Fungi","Basidiomycota","Tremellomycetes","Tremellales","Bulleraceae","Fonsecazyma","mujuensis",0,0,0,0,0,0,0,0,0,0
"k__Fungi;p__Basidiomycota;c__Tremellomycetes;o__Tremellales;f__Bulleraceae;g__Genolevuria;s__NA","Fungi","Basidiomycota","Tremellomycetes","Tremellales","Bulleraceae","Genolevuria",NA,0,0,0,0,0,0,0,0,0,0
"k__Fungi;p__Basidiomycota;c__Tremellomycetes;o__Tremellales;f__Bulleraceae;g__Genolevuria;s__amylolytica","Fungi","Basidiomycota","Tremellomycetes","Tremellales","Bulleraceae","Genolevuria","amylolytica",0,0,0,0,0,0,0,0,0,0
"k__Fungi;p__Basidiomycota;c__Tremellomycetes;o__Tremellales;f__Bulleribasidiaceae;g__Bulleribasidium;s__foliicola","Fungi","Basidiomycota","Tremellomycetes","Tremellales","Bulleribasidiaceae","Bulleribasidium","foliicola",0,0,0,0,0,0,0,0,0,0
"k__Fungi;p__Basidiomycota;c__Tremellomycetes;o__Tremellales;f__Bulleribasidiaceae;g__Bulleribasidium;s__oberjochense","Fungi","Basidiomycota","Tremellomycetes","Tremellales","Bulleribasidiaceae","Bulleribasidium","oberjochense",0,0,0,0,0,0,0,0,0,0
"k__Fungi;p__Basidiomycota;c__Tremellomycetes;o__Tremellales;f__Bulleribasidiaceae;g__Dioszegia;s__NA","Fungi","Basidiomycota","Tremellomycetes","Tremellales","Bulleribasidiaceae","Dioszegia",NA,0,0,0,0,0,0,0,0,0,0
"k__Fungi;p__Basidiomycota;c__Tremellomycetes;o__Tremellales;f__Bulleribasidiaceae;g__Dioszegia;s__xingshanensis","Fungi","Basidiomycota","Tremellomycetes","Tremellales","Bulleribasidiaceae","Dioszegia","xingshanensis",0,0,0,0,0,0,0,0,0,0
"k__Fungi;p__Basidiomycota;c__Tremellomycetes;o__Tremellales;f__Bulleribasidiaceae;g__Hannaella;s__NA","Fungi","Basidiomycota","Tremellomycetes","Tremellales","Bulleribasidiaceae","Hannaella",NA,0,0,11,0,0,68,0,0,0,0
"k__Fungi;p__Basidiomycota;c__Tremellomycetes;o__Tremellales;f__Bulleribasidiaceae;g__Hannaella;s__luteola","Fungi","Basidiomycota","Tremellomycetes","Tremellales","Bulleribasidiaceae","Hannaella","luteola",0,0,0,0,0,27,0,0,0,0
"k__Fungi;p__Basidiomycota;c__Tremellomycetes;o__Tremellales;f__Bulleribasidiaceae;g__Hannaella;s__sinensis","Fungi","Basidiomycota","Tremellomycetes","Tremellales","Bulleribasidiaceae","Hannaella","sinensis",0,0,0,0,0,0,0,0,0,0
"k__Fungi;p__Basidiomycota;c__Tremellomycetes;o__Tremellales;f__Bulleribasidiaceae;g__NA;s__NA","Fungi","Basidiomycota","Tremellomycetes","Tremellales","Bulleribasidiaceae",NA,NA,0,0,0,0,0,0,0,0,0,0
"k__Fungi;p__Basidiomycota;c__Tremellomycetes;o__Tremellales;f__Bulleribasidiaceae;g__Vishniacozyma;s__dimennae","Fungi","Basidiomycota","Tremellomycetes","Tremellales","Bulleribasidiaceae","Vishniacozyma","dimennae",0,0,0,0,0,0,0,0,0,18
"k__Fungi;p__Basidiomycota;c__Tremellomycetes;o__Tremellales;f__Bulleribasidiaceae;g__Vishniacozyma;s__foliicola","Fungi","Basidiomycota","Tremellomycetes","Tremellales","Bulleribasidiaceae","Vishniacozyma","foliicola",0,0,0,0,0,0,0,0,0,0
"k__Fungi;p__Basidiomycota;c__Tremellomycetes;o__Tremellales;f__Bulleribasidiaceae;g__Vishniacozyma;s__taibaiensis","Fungi","Basidiomycota","Tremellomycetes","Tremellales","Bulleribasidiaceae","Vishniacozyma","taibaiensis",0,0,0,0,0,0,0,0,0,0
"k__Fungi;p__Basidiomycota;c__Tremellomycetes;o__Tremellales;f__Bulleribasidiaceae;g__Vishniacozyma;s__tephrensis","Fungi","Basidiomycota","Tremellomycetes","Tremellales","Bulleribasidiaceae","Vishniacozyma","tephrensis",0,0,0,0,0,96,0,0,0,0
"k__Fungi;p__Basidiomycota;c__Tremellomycetes;o__Tremellales;f__Bulleribasidiaceae;g__Vishniacozyma;s__victoriae","Fungi","Basidiomycota","Tremellomycetes","Tremellales","Bulleribasidiaceae","Vishniacozyma","victoriae",0,0,0,0,0,387,0,0,0,266
"k__Fungi;p__Basidiomycota;c__Tremellomycetes;o__Tremellales;f__Carcinomycetaceae;g__Carcinomyces;s__NA","Fungi","Basidiomycota","Tremellomycetes","Tremellales","Carcinomycetaceae","Carcinomyces",NA,0,0,0,0,0,0,40,0,0,0
"k__Fungi;p__Basidiomycota;c__Tremellomycetes;o__Tremellales;f__Cryptococcaceae;g__Cryptococcus-Tsuchiyaea;s__amylolentus-wingfieldii","Fungi","Basidiomycota","Tremellomycetes","Tremellales","Cryptococcaceae","Cryptococcus-Tsuchiyaea","amylolentus-wingfieldii",0,0,0,0,0,14,0,0,0,0
"k__Fungi;p__Basidiomycota;c__Tremellomycetes;o__Tremellales;f__Cryptococcaceae;g__Kwoniella;s__heveanensis","Fungi","Basidiomycota","Tremellomycetes","Tremellales","Cryptococcaceae","Kwoniella","heveanensis",0,0,0,0,0,0,0,0,0,0
"k__Fungi;p__Basidiomycota;c__Tremellomycetes;o__Tremellales;f__Cryptococcaceae;g__Kwoniella;s__mangrovensis","Fungi","Basidiomycota","Tremellomycetes","Tremellales","Cryptococcaceae","Kwoniella","mangrovensis",0,0,0,0,0,0,0,0,0,0
"k__Fungi;p__Basidiomycota;c__Tremellomycetes;o__Tremellales;f__Cryptococcaceae;g__Kwoniella;s__pini","Fungi","Basidiomycota","Tremellomycetes","Tremellales","Cryptococcaceae","Kwoniella","pini",0,0,0,0,0,0,0,0,0,0
"k__Fungi;p__Basidiomycota;c__Tremellomycetes;o__Tremellales;f__Cuniculitremaceae;g__Fellomyces;s__NA","Fungi","Basidiomycota","Tremellomycetes","Tremellales","Cuniculitremaceae","Fellomyces",NA,0,0,0,0,0,0,38,0,0,0
"k__Fungi;p__Basidiomycota;c__Tremellomycetes;o__Tremellales;f__Cuniculitremaceae;g__Fellomyces;s__polyborus","Fungi","Basidiomycota","Tremellomycetes","Tremellales","Cuniculitremaceae","Fellomyces","polyborus",0,0,0,0,0,0,0,0,0,0
"k__Fungi;p__Basidiomycota;c__Tremellomycetes;o__Tremellales;f__Cuniculitremaceae;g__Kockovaella;s__fuzhouensis","Fungi","Basidiomycota","Tremellomycetes","Tremellales","Cuniculitremaceae","Kockovaella","fuzhouensis",0,0,0,0,0,0,0,0,0,0
"k__Fungi;p__Basidiomycota;c__Tremellomycetes;o__Tremellales;f__Cuniculitremaceae;g__Kockovaella;s__lichenicola","Fungi","Basidiomycota","Tremellomycetes","Tremellales","Cuniculitremaceae","Kockovaella","lichenicola",0,0,0,0,0,0,0,0,0,0
"k__Fungi;p__Basidiomycota;c__Tremellomycetes;o__Tremellales;f__Cuniculitremaceae;g__Kockovaella;s__machilophila","Fungi","Basidiomycota","Tremellomycetes","Tremellales","Cuniculitremaceae","Kockovaella","machilophila",0,0,0,0,0,0,0,0,0,0
"k__Fungi;p__Basidiomycota;c__Tremellomycetes;o__Tremellales;f__Cuniculitremaceae;g__Kockovaella;s__schimae","Fungi","Basidiomycota","Tremellomycetes","Tremellales","Cuniculitremaceae","Kockovaella","schimae",0,0,0,0,0,0,0,0,0,0
"k__Fungi;p__Basidiomycota;c__Tremellomycetes;o__Tremellales;f__Cuniculitremaceae;g__Kockovaella;s__thailandica","Fungi","Basidiomycota","Tremellomycetes","Tremellales","Cuniculitremaceae","Kockovaella","thailandica",0,0,0,0,0,0,0,0,0,0
"k__Fungi;p__Basidiomycota;c__Tremellomycetes;o__Tremellales;f__Cuniculitremaceae;g__NA;s__NA","Fungi","Basidiomycota","Tremellomycetes","Tremellales","Cuniculitremaceae",NA,NA,0,0,0,0,0,0,0,0,0,0
"k__Fungi;p__Basidiomycota;c__Tremellomycetes;o__Tremellales;f__Cuniculitremaceae;g__Sterigmatosporidium;s__polymorphum","Fungi","Basidiomycota","Tremellomycetes","Tremellales","Cuniculitremaceae","Sterigmatosporidium","polymorphum",0,0,0,0,0,0,0,0,0,0
"k__Fungi;p__Basidiomycota;c__Tremellomycetes;o__Tremellales;f__NA;g__NA;s__NA","Fungi","Basidiomycota","Tremellomycetes","Tremellales",NA,NA,NA,0,0,0,0,0,24,0,0,0,0
"k__Fungi;p__Basidiomycota;c__Tremellomycetes;o__Tremellales;f__Phaeotremellaceae;g__Phaeotremella;s__NA","Fungi","Basidiomycota","Tremellomycetes","Tremellales","Phaeotremellaceae","Phaeotremella",NA,0,0,0,0,0,0,0,0,0,0
"k__Fungi;p__Basidiomycota;c__Tremellomycetes;o__Tremellales;f__Rhynchogastremataceae;g__Papiliotrema;s__aspenensis","Fungi","Basidiomycota","Tremellomycetes","Tremellales","Rhynchogastremataceae","Papiliotrema","aspenensis",0,0,15,0,0,0,0,0,0,0
"k__Fungi;p__Basidiomycota;c__Tremellomycetes;o__Tremellales;f__Rhynchogastremataceae;g__Papiliotrema;s__aurea","Fungi","Basidiomycota","Tremellomycetes","Tremellales","Rhynchogastremataceae","Papiliotrema","aurea",0,0,0,0,0,0,0,0,0,0
"k__Fungi;p__Basidiomycota;c__Tremellomycetes;o__Tremellales;f__Rhynchogastremataceae;g__Papiliotrema;s__flavescens","Fungi","Basidiomycota","Tremellomycetes","Tremellales","Rhynchogastremataceae","Papiliotrema","flavescens",0,0,0,0,0,18,0,0,0,0
"k__Fungi;p__Basidiomycota;c__Tremellomycetes;o__Tremellales;f__Rhynchogastremataceae;g__Papiliotrema;s__fonsecae","Fungi","Basidiomycota","Tremellomycetes","Tremellales","Rhynchogastremataceae","Papiliotrema","fonsecae",0,0,0,0,0,0,0,0,0,0
"k__Fungi;p__Basidiomycota;c__Tremellomycetes;o__Tremellales;f__Rhynchogastremataceae;g__Papiliotrema;s__fuscus","Fungi","Basidiomycota","Tremellomycetes","Tremellales","Rhynchogastremataceae","Papiliotrema","fuscus",0,0,20,0,0,0,0,0,0,0
"k__Fungi;p__Basidiomycota;c__Tremellomycetes;o__Tremellales;f__Rhynchogastremataceae;g__Papiliotrema;s__laurentii","Fungi","Basidiomycota","Tremellomycetes","Tremellales","Rhynchogastremataceae","Papiliotrema","laurentii",0,0,2495,0,0,0,0,145,0,0
"k__Fungi;p__Basidiomycota;c__Tremellomycetes;o__Tremellales;f__Rhynchogastremataceae;g__Papiliotrema;s__laurentii-rajasthanensis","Fungi","Basidiomycota","Tremellomycetes","Tremellales","Rhynchogastremataceae","Papiliotrema","laurentii-rajasthanensis",0,0,0,0,0,0,0,0,0,0
"k__Fungi;p__Basidiomycota;c__Tremellomycetes;o__Tremellales;f__Rhynchogastremataceae;g__Papiliotrema;s__mangalensis","Fungi","Basidiomycota","Tremellomycetes","Tremellales","Rhynchogastremataceae","Papiliotrema","mangalensis",0,0,0,0,0,0,0,0,0,0
"k__Fungi;p__Basidiomycota;c__Tremellomycetes;o__Tremellales;f__Rhynchogastremataceae;g__Papiliotrema;s__rajasthanensis","Fungi","Basidiomycota","Tremellomycetes","Tremellales","Rhynchogastremataceae","Papiliotrema","rajasthanensis",0,0,0,0,0,28,0,0,0,0
"k__Fungi;p__Basidiomycota;c__Tremellomycetes;o__Tremellales;f__Rhynchogastremataceae;g__Papiliotrema;s__siamensis","Fungi","Basidiomycota","Tremellomycetes","Tremellales","Rhynchogastremataceae","Papiliotrema","siamensis",0,0,0,0,16,0,0,0,0,0
"k__Fungi;p__Basidiomycota;c__Tremellomycetes;o__Tremellales;f__Rhynchogastremataceae;g__Papiliotrema;s__terrestris","Fungi","Basidiomycota","Tremellomycetes","Tremellales","Rhynchogastremataceae","Papiliotrema","terrestris",0,0,0,0,0,0,0,0,0,0
"k__Fungi;p__Basidiomycota;c__Tremellomycetes;o__Tremellales;f__Tremellaceae;g__Bulleromyces;s__NA","Fungi","Basidiomycota","Tremellomycetes","Tremellales","Tremellaceae","Bulleromyces",NA,0,0,0,0,0,0,0,0,0,0
"k__Fungi;p__Basidiomycota;c__Tremellomycetes;o__Tremellales;f__Tremellaceae;g__Tremella;s__NA","Fungi","Basidiomycota","Tremellomycetes","Tremellales","Tremellaceae","Tremella",NA,0,0,20,50,0,75,0,0,98,0
"k__Fungi;p__Basidiomycota;c__Tremellomycetes;o__Tremellales;f__Tremellaceae;g__Tremella;s__mesenterica","Fungi","Basidiomycota","Tremellomycetes","Tremellales","Tremellaceae","Tremella","mesenterica",0,0,0,0,0,0,0,0,0,0
"k__Fungi;p__Basidiomycota;c__Tremellomycetes;o__Tremellales;f__Tremellaceae;g__Tremella;s__yokohamensis","Fungi","Basidiomycota","Tremellomycetes","Tremellales","Tremellaceae","Tremella","yokohamensis",0,0,16,0,0,0,0,0,0,0
"k__Fungi;p__Basidiomycota;c__Tremellomycetes;o__Tremellales;f__Trimorphomycetaceae;g__Saitozyma;s__NA","Fungi","Basidiomycota","Tremellomycetes","Tremellales","Trimorphomycetaceae","Saitozyma",NA,0,0,0,0,0,0,0,0,0,0
"k__Fungi;p__Basidiomycota;c__Tremellomycetes;o__Tremellales;f__Trimorphomycetaceae;g__Saitozyma;s__flava","Fungi","Basidiomycota","Tremellomycetes","Tremellales","Trimorphomycetaceae","Saitozyma","flava",0,0,32,0,0,0,20,231,0,0
"k__Fungi;p__Basidiomycota;c__Tremellomycetes;o__Tremellales;f__Trimorphomycetaceae;g__Saitozyma;s__paraflava","Fungi","Basidiomycota","Tremellomycetes","Tremellales","Trimorphomycetaceae","Saitozyma","paraflava",0,0,0,0,0,0,0,0,0,0
"k__Fungi;p__Basidiomycota;c__Tremellomycetes;o__Tremellales;f__Trimorphomycetaceae;g__Saitozyma;s__podzolica","Fungi","Basidiomycota","Tremellomycetes","Tremellales","Trimorphomycetaceae","Saitozyma","podzolica",0,18,0,0,0,0,0,0,0,0
"k__Fungi;p__Basidiomycota;c__Tremellomycetes;o__Trichosporonales;f__Tetragoniomycetaceae;g__Cryptotrichosporon;s__NA","Fungi","Basidiomycota","Tremellomycetes","Trichosporonales","Tetragoniomycetaceae","Cryptotrichosporon",NA,0,0,0,0,0,111,0,0,0,0
"k__Fungi;p__Basidiomycota;c__Tremellomycetes;o__Trichosporonales;f__Tetragoniomycetaceae;g__Cryptotrichosporon;s__tibetense","Fungi","Basidiomycota","Tremellomycetes","Trichosporonales","Tetragoniomycetaceae","Cryptotrichosporon","tibetense",0,0,0,0,0,42,0,0,0,0
"k__Fungi;p__Basidiomycota;c__Tremellomycetes;o__Trichosporonales;f__Trichosporonaceae;g__Apiotrichum-Trichosporon;s__akiyoshidainum-laibachii","Fungi","Basidiomycota","Tremellomycetes","Trichosporonales","Trichosporonaceae","Apiotrichum-Trichosporon","akiyoshidainum-laibachii",0,0,0,0,0,0,0,0,0,0
"k__Fungi;p__Basidiomycota;c__Tremellomycetes;o__Trichosporonales;f__Trichosporonaceae;g__Apiotrichum;s__loubieri","Fungi","Basidiomycota","Tremellomycetes","Trichosporonales","Trichosporonaceae","Apiotrichum","loubieri",0,0,0,0,0,0,0,0,0,0
"k__Fungi;p__Basidiomycota;c__Tremellomycetes;o__Trichosporonales;f__Trichosporonaceae;g__Apiotrichum;s__mycotoxinivorans-mycotoxinovorans","Fungi","Basidiomycota","Tremellomycetes","Trichosporonales","Trichosporonaceae","Apiotrichum","mycotoxinivorans-mycotoxinovorans",0,0,0,52,0,0,0,0,0,0
"k__Fungi;p__Basidiomycota;c__Tremellomycetes;o__Trichosporonales;f__Trichosporonaceae;g__Cutaneotrichosporon;s__guehoae","Fungi","Basidiomycota","Tremellomycetes","Trichosporonales","Trichosporonaceae","Cutaneotrichosporon","guehoae",0,0,0,0,0,0,0,0,0,0
"k__Fungi;p__Basidiomycota;c__Tremellomycetes;o__Trichosporonales;f__Trichosporonaceae;g__Cutaneotrichosporon;s__moniliiforme","Fungi","Basidiomycota","Tremellomycetes","Trichosporonales","Trichosporonaceae","Cutaneotrichosporon","moniliiforme",0,0,0,0,0,0,0,0,0,0
"k__Fungi;p__Basidiomycota;c__Tremellomycetes;o__Trichosporonales;f__Trichosporonaceae;g__Cutaneotrichosporon;s__terricola","Fungi","Basidiomycota","Tremellomycetes","Trichosporonales","Trichosporonaceae","Cutaneotrichosporon","terricola",0,0,0,0,0,0,0,0,0,0
"k__Fungi;p__Basidiomycota;c__Tremellomycetes;o__Trichosporonales;f__Trichosporonaceae;g__Trichosporon;s__NA","Fungi","Basidiomycota","Tremellomycetes","Trichosporonales","Trichosporonaceae","Trichosporon",NA,0,16,0,0,0,0,0,0,0,0
"k__Fungi;p__Basidiomycota;c__Tremellomycetes;o__Trichosporonales;f__Trichosporonaceae;g__Trichosporon;s__asahii","Fungi","Basidiomycota","Tremellomycetes","Trichosporonales","Trichosporonaceae","Trichosporon","asahii",0,0,0,0,0,0,0,0,0,0
"k__Fungi;p__Basidiomycota;c__Tremellomycetes;o__Trichosporonales;f__Trichosporonaceae;g__Trichosporon;s__insectorum","Fungi","Basidiomycota","Tremellomycetes","Trichosporonales","Trichosporonaceae","Trichosporon","insectorum",0,0,0,0,0,0,0,0,0,0
"k__Fungi;p__Basidiomycota;c__Tremellomycetes;o__Trichosporonales;f__Trichosporonaceae;g__Vanrija;s__humicola","Fungi","Basidiomycota","Tremellomycetes","Trichosporonales","Trichosporonaceae","Vanrija","humicola",0,0,0,0,0,0,0,0,0,0
"k__Fungi;p__Basidiomycota;c__Tremellomycetes;o__Trichosporonales;f__Trichosporonaceae;g__Vanrija;s__humicola-meifongana","Fungi","Basidiomycota","Tremellomycetes","Trichosporonales","Trichosporonaceae","Vanrija","humicola-meifongana",0,18,0,0,0,0,0,0,0,0
"k__Fungi;p__Basidiomycota;c__Tremellomycetes;o__Trichosporonales;f__Trichosporonaceae;g__Vanrija;s__musci","Fungi","Basidiomycota","Tremellomycetes","Trichosporonales","Trichosporonaceae","Vanrija","musci",0,0,0,0,0,0,0,0,0,0
"k__Fungi;p__Basidiomycota;c__Ustilaginomycetes;o__Ustilaginales;f__Ustilaginaceae;g__Anthracocystis;s__NA","Fungi","Basidiomycota","Ustilaginomycetes","Ustilaginales","Ustilaginaceae","Anthracocystis",NA,0,0,101,78,0,0,0,117,0,31
"k__Fungi;p__Basidiomycota;c__Ustilaginomycetes;o__Ustilaginales;f__Ustilaginaceae;g__Anthracocystis;s__everhartii","Fungi","Basidiomycota","Ustilaginomycetes","Ustilaginales","Ustilaginaceae","Anthracocystis","everhartii",0,0,0,0,0,0,0,52,0,0
"k__Fungi;p__Basidiomycota;c__Ustilaginomycetes;o__Ustilaginales;f__Ustilaginaceae;g__Farysia;s__NA","Fungi","Basidiomycota","Ustilaginomycetes","Ustilaginales","Ustilaginaceae","Farysia",NA,0,0,0,0,0,0,20,0,0,0
"k__Fungi;p__Basidiomycota;c__Ustilaginomycetes;o__Ustilaginales;f__Ustilaginaceae;g__Melanopsichium;s__NA","Fungi","Basidiomycota","Ustilaginomycetes","Ustilaginales","Ustilaginaceae","Melanopsichium",NA,53,0,672,160,0,428,0,913,156,84
"k__Fungi;p__Basidiomycota;c__Ustilaginomycetes;o__Ustilaginales;f__Ustilaginaceae;g__Moesziomyces;s__aphidis","Fungi","Basidiomycota","Ustilaginomycetes","Ustilaginales","Ustilaginaceae","Moesziomyces","aphidis",0,0,0,0,0,0,0,0,0,0
"k__Fungi;p__Basidiomycota;c__Ustilaginomycetes;o__Ustilaginales;f__Ustilaginaceae;g__Moesziomyces;s__parantarcticus","Fungi","Basidiomycota","Ustilaginomycetes","Ustilaginales","Ustilaginaceae","Moesziomyces","parantarcticus",0,0,0,0,0,0,0,0,0,0
"k__Fungi;p__Basidiomycota;c__Ustilaginomycetes;o__Ustilaginales;f__Ustilaginaceae;g__Moesziomyces;s__rugulosus","Fungi","Basidiomycota","Ustilaginomycetes","Ustilaginales","Ustilaginaceae","Moesziomyces","rugulosus",0,0,29,0,0,0,0,0,0,0
"k__Fungi;p__Basidiomycota;c__Ustilaginomycetes;o__Ustilaginales;f__Ustilaginaceae;g__NA;s__NA","Fungi","Basidiomycota","Ustilaginomycetes","Ustilaginales","Ustilaginaceae",NA,NA,0,0,0,0,0,0,0,224,83,17
"k__Fungi;p__Basidiomycota;c__Ustilaginomycetes;o__Ustilaginales;f__Ustilaginaceae;g__Pseudozyma;s__NA","Fungi","Basidiomycota","Ustilaginomycetes","Ustilaginales","Ustilaginaceae","Pseudozyma",NA,0,0,31,0,0,22,0,0,0,0
"k__Fungi;p__Basidiomycota;c__Ustilaginomycetes;o__Ustilaginales;f__Ustilaginaceae;g__Pseudozyma;s__thailandica","Fungi","Basidiomycota","Ustilaginomycetes","Ustilaginales","Ustilaginaceae","Pseudozyma","thailandica",0,0,0,0,0,47,0,157,0,0
"k__Fungi;p__Basidiomycota;c__Ustilaginomycetes;o__Ustilaginales;f__Ustilaginaceae;g__Sporisorium;s__consanguineum","Fungi","Basidiomycota","Ustilaginomycetes","Ustilaginales","Ustilaginaceae","Sporisorium","consanguineum",0,0,0,0,0,0,0,0,0,0
"k__Fungi;p__Basidiomycota;c__Ustilaginomycetes;o__Ustilaginales;f__Ustilaginaceae;g__Sporisorium;s__occidentale","Fungi","Basidiomycota","Ustilaginomycetes","Ustilaginales","Ustilaginaceae","Sporisorium","occidentale",0,0,0,0,0,0,0,0,0,0
"k__Fungi;p__Basidiomycota;c__Ustilaginomycetes;o__Ustilaginales;f__Ustilaginaceae;g__Sporisorium;s__pseudechinolaenae","Fungi","Basidiomycota","Ustilaginomycetes","Ustilaginales","Ustilaginaceae","Sporisorium","pseudechinolaenae",0,0,14,0,0,0,0,0,0,0
"k__Fungi;p__Basidiomycota;c__Ustilaginomycetes;o__Ustilaginales;f__Ustilaginaceae;g__Ustilago;s__NA","Fungi","Basidiomycota","Ustilaginomycetes","Ustilaginales","Ustilaginaceae","Ustilago",NA,0,0,0,0,0,0,0,0,0,0
"k__Fungi;p__Basidiomycota;c__Ustilaginomycetes;o__Ustilaginales;f__Ustilaginaceae;g__Ustilago;s__hordei","Fungi","Basidiomycota","Ustilaginomycetes","Ustilaginales","Ustilaginaceae","Ustilago","hordei",0,0,0,0,0,0,0,0,0,0
"k__Fungi;p__Basidiomycota;c__Ustilaginomycetes;o__Ustilaginales;f__Ustilaginaceae;g__Ustilago;s__maydis","Fungi","Basidiomycota","Ustilaginomycetes","Ustilaginales","Ustilaginaceae","Ustilago","maydis",0,0,0,0,0,0,0,0,0,0
"k__Fungi;p__Basidiomycota;c__Ustilaginomycetes;o__Ustilaginales;f__Ustilaginaceae;g__Ustilago;s__nunavutica","Fungi","Basidiomycota","Ustilaginomycetes","Ustilaginales","Ustilaginaceae","Ustilago","nunavutica",0,0,0,0,0,0,0,0,0,0
"k__Fungi;p__Basidiomycota;c__Wallemiomycetes;o__Wallemiales;f__Wallemiaceae;g__Wallemia;s__canadensis","Fungi","Basidiomycota","Wallemiomycetes","Wallemiales","Wallemiaceae","Wallemia","canadensis",0,0,0,0,0,75,0,0,71,58
"k__Fungi;p__Basidiomycota;c__Wallemiomycetes;o__Wallemiales;f__Wallemiaceae;g__Wallemia;s__canadensis-mellicola","Fungi","Basidiomycota","Wallemiomycetes","Wallemiales","Wallemiaceae","Wallemia","canadensis-mellicola",0,0,0,0,0,0,0,0,0,0
"k__Fungi;p__Basidiomycota;c__Wallemiomycetes;o__Wallemiales;f__Wallemiaceae;g__Wallemia;s__canadensis-tropicalis","Fungi","Basidiomycota","Wallemiomycetes","Wallemiales","Wallemiaceae","Wallemia","canadensis-tropicalis",0,0,0,0,0,0,0,0,0,0
"k__Fungi;p__Basidiomycota;c__Wallemiomycetes;o__Wallemiales;f__Wallemiaceae;g__Wallemia;s__mellicola","Fungi","Basidiomycota","Wallemiomycetes","Wallemiales","Wallemiaceae","Wallemia","mellicola",0,0,0,0,0,11,0,0,0,0
"k__Fungi;p__Basidiomycota;c__Wallemiomycetes;o__Wallemiales;f__Wallemiaceae;g__Wallemia;s__mellicola-sebi","Fungi","Basidiomycota","Wallemiomycetes","Wallemiales","Wallemiaceae","Wallemia","mellicola-sebi",0,0,0,0,0,0,0,0,0,0
"k__Fungi;p__Basidiomycota;c__Wallemiomycetes;o__Wallemiales;f__Wallemiaceae;g__Wallemia;s__muriae","Fungi","Basidiomycota","Wallemiomycetes","Wallemiales","Wallemiaceae","Wallemia","muriae",0,0,0,0,0,0,0,0,0,0
"k__Fungi;p__Basidiomycota;c__Wallemiomycetes;o__Wallemiales;f__Wallemiaceae;g__Wallemia;s__sebi","Fungi","Basidiomycota","Wallemiomycetes","Wallemiales","Wallemiaceae","Wallemia","sebi",0,0,0,55,0,85,0,0,101,106
"k__Fungi;p__Basidiomycota;c__Wallemiomycetes;o__Wallemiales;f__Wallemiaceae;g__Wallemia;s__tropicalis","Fungi","Basidiomycota","Wallemiomycetes","Wallemiales","Wallemiaceae","Wallemia","tropicalis",0,0,0,0,0,0,0,0,0,0
"k__Fungi;p__Chytridiomycota;c__Chytridiomycetes;o__Rhizophlyctidales;f__Rhizophlyctidaceae;g__Rhizophlyctis;s__NA","Fungi","Chytridiomycota","Chytridiomycetes","Rhizophlyctidales","Rhizophlyctidaceae","Rhizophlyctis",NA,0,0,0,0,0,0,0,0,0,0
"k__Fungi;p__Chytridiomycota;c__Chytridiomycetes;o__Spizellomycetales;f__NA;g__NA;s__NA","Fungi","Chytridiomycota","Chytridiomycetes","Spizellomycetales",NA,NA,NA,0,0,0,0,0,0,0,0,0,0
"k__Fungi;p__Chytridiomycota;c__Chytridiomycetes;o__Spizellomycetales;f__Powellomycetaceae;g__Powellomyces;s__NA","Fungi","Chytridiomycota","Chytridiomycetes","Spizellomycetales","Powellomycetaceae","Powellomyces",NA,0,0,0,0,0,0,0,0,0,0
"k__Fungi;p__Chytridiomycota;c__GS13;o__NA;f__NA;g__NA;s__NA","Fungi","Chytridiomycota","GS13",NA,NA,NA,NA,0,0,0,0,0,0,0,0,115,0
"k__Fungi;p__Chytridiomycota;c__NA;o__NA;f__NA;g__NA;s__NA","Fungi","Chytridiomycota",NA,NA,NA,NA,NA,0,0,32,0,0,0,0,0,0,0
"k__Fungi;p__Mortierellomycota;c__NA;o__NA;f__NA;g__NA;s__NA","Fungi","Mortierellomycota",NA,NA,NA,NA,NA,0,0,0,0,0,0,0,0,0,0
"k__Fungi;p__Mucoromycota;c__Endogonomycetes;o__Endogonales;f__NA;g__Bifiguratus;s__NA","Fungi","Mucoromycota","Endogonomycetes","Endogonales",NA,"Bifiguratus",NA,0,0,32,0,0,0,0,0,0,0
"k__Fungi;p__Mucoromycota;c__Mortierellomycetes;o__Mortierellales;f__Mortierellaceae;g__Mortierella;s__alpina","Fungi","Mucoromycota","Mortierellomycetes","Mortierellales","Mortierellaceae","Mortierella","alpina",0,0,0,0,0,0,0,0,0,0
"k__Fungi;p__Mucoromycota;c__Mortierellomycetes;o__Mortierellales;f__Mortierellaceae;g__Mortierella;s__ambigua","Fungi","Mucoromycota","Mortierellomycetes","Mortierellales","Mortierellaceae","Mortierella","ambigua",0,0,0,0,0,0,0,0,0,0
"k__Fungi;p__Mucoromycota;c__Mortierellomycetes;o__Mortierellales;f__Mortierellaceae;g__Mortierella;s__elongata-rishikesha","Fungi","Mucoromycota","Mortierellomycetes","Mortierellales","Mortierellaceae","Mortierella","elongata-rishikesha",0,0,0,0,0,0,0,0,0,0
"k__Fungi;p__Mucoromycota;c__Mortierellomycetes;o__Mortierellales;f__Mortierellaceae;g__Mortierella;s__elongatula","Fungi","Mucoromycota","Mortierellomycetes","Mortierellales","Mortierellaceae","Mortierella","elongatula",0,0,0,0,0,0,0,0,0,0
"k__Fungi;p__Mucoromycota;c__Mortierellomycetes;o__Mortierellales;f__Mortierellaceae;g__Mortierella;s__exigua","Fungi","Mucoromycota","Mortierellomycetes","Mortierellales","Mortierellaceae","Mortierella","exigua",0,0,0,0,0,0,0,0,0,0
"k__Fungi;p__Mucoromycota;c__Mortierellomycetes;o__Mortierellales;f__Mortierellaceae;g__Mortierella;s__fimbricystis","Fungi","Mucoromycota","Mortierellomycetes","Mortierellales","Mortierellaceae","Mortierella","fimbricystis",0,0,0,0,0,0,0,0,0,0
"k__Fungi;p__Mucoromycota;c__Mortierellomycetes;o__Mortierellales;f__Mortierellaceae;g__Mortierella;s__gamsii","Fungi","Mucoromycota","Mortierellomycetes","Mortierellales","Mortierellaceae","Mortierella","gamsii",0,0,0,0,0,0,0,0,0,0
"k__Fungi;p__Mucoromycota;c__Mortierellomycetes;o__Mortierellales;f__Mortierellaceae;g__Mortierella;s__globulifera","Fungi","Mucoromycota","Mortierellomycetes","Mortierellales","Mortierellaceae","Mortierella","globulifera",0,0,0,0,0,0,0,0,0,0
"k__Fungi;p__Mucoromycota;c__Mortierellomycetes;o__Mortierellales;f__Mortierellaceae;g__Mortierella;s__minutissima","Fungi","Mucoromycota","Mortierellomycetes","Mortierellales","Mortierellaceae","Mortierella","minutissima",0,0,0,0,0,0,0,0,0,0
"k__Fungi;p__Mucoromycota;c__Mortierellomycetes;o__Mortierellales;f__Mortierellaceae;g__Mortierella;s__parvispora","Fungi","Mucoromycota","Mortierellomycetes","Mortierellales","Mortierellaceae","Mortierella","parvispora",0,0,0,0,0,0,0,0,0,0
"k__Fungi;p__Mucoromycota;c__Mortierellomycetes;o__Mortierellales;f__Mortierellaceae;g__Mortierella;s__pulchella","Fungi","Mucoromycota","Mortierellomycetes","Mortierellales","Mortierellaceae","Mortierella","pulchella",0,0,0,0,0,0,0,0,0,0
"k__Fungi;p__Mucoromycota;c__Mortierellomycetes;o__Mortierellales;f__Mortierellaceae;g__Mortierella;s__reticulata","Fungi","Mucoromycota","Mortierellomycetes","Mortierellales","Mortierellaceae","Mortierella","reticulata",0,0,0,0,0,0,0,0,0,0
"k__Fungi;p__Mucoromycota;c__Mortierellomycetes;o__Mortierellales;f__NA;g__NA;s__NA","Fungi","Mucoromycota","Mortierellomycetes","Mortierellales",NA,NA,NA,0,0,0,0,0,0,0,0,0,0
"k__Fungi;p__Mucoromycota;c__Mucoromycetes;o__Mucorales;f__Backusellaceae;g__Backusella;s__NA","Fungi","Mucoromycota","Mucoromycetes","Mucorales","Backusellaceae","Backusella",NA,0,0,0,0,0,0,0,0,0,0
"k__Fungi;p__Mucoromycota;c__Mucoromycetes;o__Mucorales;f__Backusellaceae;g__Backusella;s__recurva","Fungi","Mucoromycota","Mucoromycetes","Mucorales","Backusellaceae","Backusella","recurva",0,0,0,0,0,0,0,0,0,0
"k__Fungi;p__Mucoromycota;c__Mucoromycetes;o__Mucorales;f__Choanephoraceae;g__Blakeslea;s__trispora","Fungi","Mucoromycota","Mucoromycetes","Mucorales","Choanephoraceae","Blakeslea","trispora",0,0,20,35,0,0,0,0,0,0
"k__Fungi;p__Mucoromycota;c__Mucoromycetes;o__Mucorales;f__Choanephoraceae;g__Choanephora;s__cucurbitarum","Fungi","Mucoromycota","Mucoromycetes","Mucorales","Choanephoraceae","Choanephora","cucurbitarum",0,0,0,0,0,0,0,0,0,0
"k__Fungi;p__Mucoromycota;c__Mucoromycetes;o__Mucorales;f__Choanephoraceae;g__Poitrasia;s__circinans","Fungi","Mucoromycota","Mucoromycetes","Mucorales","Choanephoraceae","Poitrasia","circinans",0,0,0,0,0,0,0,0,0,0
"k__Fungi;p__Mucoromycota;c__Mucoromycetes;o__Mucorales;f__Cunninghamellaceae;g__Absidia;s__repens","Fungi","Mucoromycota","Mucoromycetes","Mucorales","Cunninghamellaceae","Absidia","repens",0,0,0,0,0,0,0,0,0,0
"k__Fungi;p__Mucoromycota;c__Mucoromycetes;o__Mucorales;f__Cunninghamellaceae;g__Cunninghamella;s__binariae","Fungi","Mucoromycota","Mucoromycetes","Mucorales","Cunninghamellaceae","Cunninghamella","binariae",0,0,0,0,0,0,0,0,0,0
"k__Fungi;p__Mucoromycota;c__Mucoromycetes;o__Mucorales;f__Cunninghamellaceae;g__Cunninghamella;s__elegans","Fungi","Mucoromycota","Mucoromycetes","Mucorales","Cunninghamellaceae","Cunninghamella","elegans",0,0,0,0,0,0,124,0,0,0
"k__Fungi;p__Mucoromycota;c__Mucoromycetes;o__Mucorales;f__Cunninghamellaceae;g__Cunninghamella;s__multiverticillata","Fungi","Mucoromycota","Mucoromycetes","Mucorales","Cunninghamellaceae","Cunninghamella","multiverticillata",0,0,0,32,0,0,0,0,0,0
"k__Fungi;p__Mucoromycota;c__Mucoromycetes;o__Mucorales;f__Cunninghamellaceae;g__Gongronella;s__butleri","Fungi","Mucoromycota","Mucoromycetes","Mucorales","Cunninghamellaceae","Gongronella","butleri",0,14,0,0,0,0,576,0,0,0
"k__Fungi;p__Mucoromycota;c__Mucoromycetes;o__Mucorales;f__Lichtheimiaceae;g__Lichtheimia;s__ramosa","Fungi","Mucoromycota","Mucoromycetes","Mucorales","Lichtheimiaceae","Lichtheimia","ramosa",0,0,0,0,0,0,0,0,0,0
"k__Fungi;p__Mucoromycota;c__Mucoromycetes;o__Mucorales;f__Mucoraceae;g__Mucor;s__ardhlaengiktus-ellipsoideus","Fungi","Mucoromycota","Mucoromycetes","Mucorales","Mucoraceae","Mucor","ardhlaengiktus-ellipsoideus",0,0,0,0,0,0,0,0,0,0
"k__Fungi;p__Mucoromycota;c__Mucoromycetes;o__Mucorales;f__Mucoraceae;g__Mucor;s__azygosporus","Fungi","Mucoromycota","Mucoromycetes","Mucorales","Mucoraceae","Mucor","azygosporus",0,0,344,0,0,0,0,0,0,0
"k__Fungi;p__Mucoromycota;c__Mucoromycetes;o__Mucorales;f__Mucoraceae;g__Mucor;s__circinelloides","Fungi","Mucoromycota","Mucoromycetes","Mucorales","Mucoraceae","Mucor","circinelloides",0,0,0,0,0,0,0,0,0,0
"k__Fungi;p__Mucoromycota;c__Mucoromycetes;o__Mucorales;f__Mucoraceae;g__Mucor;s__corticola-hiemalis","Fungi","Mucoromycota","Mucoromycetes","Mucorales","Mucoraceae","Mucor","corticola-hiemalis",0,0,0,0,0,0,0,0,0,0
"k__Fungi;p__Mucoromycota;c__Mucoromycetes;o__Mucorales;f__Mucoraceae;g__Mucor;s__flavus","Fungi","Mucoromycota","Mucoromycetes","Mucorales","Mucoraceae","Mucor","flavus",0,0,0,0,0,0,0,0,0,0
"k__Fungi;p__Mucoromycota;c__Mucoromycetes;o__Mucorales;f__Mucoraceae;g__Mucor;s__fragilis","Fungi","Mucoromycota","Mucoromycetes","Mucorales","Mucoraceae","Mucor","fragilis",0,0,0,0,0,0,28,0,0,0
"k__Fungi;p__Mucoromycota;c__Mucoromycetes;o__Mucorales;f__Mucoraceae;g__Mucor;s__fragilis-ramosissimus-velutinosus","Fungi","Mucoromycota","Mucoromycetes","Mucorales","Mucoraceae","Mucor","fragilis-ramosissimus-velutinosus",0,0,0,0,0,0,0,0,0,0
"k__Fungi;p__Mucoromycota;c__Mucoromycetes;o__Mucorales;f__Mucoraceae;g__Mucor;s__genevensis","Fungi","Mucoromycota","Mucoromycetes","Mucorales","Mucoraceae","Mucor","genevensis",0,0,0,0,0,0,0,0,0,0
"k__Fungi;p__Mucoromycota;c__Mucoromycetes;o__Mucorales;f__Mucoraceae;g__Mucor;s__gigasporus","Fungi","Mucoromycota","Mucoromycetes","Mucorales","Mucoraceae","Mucor","gigasporus",0,0,0,0,0,0,0,0,0,0
"k__Fungi;p__Mucoromycota;c__Mucoromycetes;o__Mucorales;f__Mucoraceae;g__Mucor;s__hiemalis","Fungi","Mucoromycota","Mucoromycetes","Mucorales","Mucoraceae","Mucor","hiemalis",0,0,0,0,0,0,0,0,0,0
"k__Fungi;p__Mucoromycota;c__Mucoromycetes;o__Mucorales;f__Mucoraceae;g__Mucor;s__irregularis","Fungi","Mucoromycota","Mucoromycetes","Mucorales","Mucoraceae","Mucor","irregularis",0,0,0,0,0,0,0,0,0,0
"k__Fungi;p__Mucoromycota;c__Mucoromycetes;o__Mucorales;f__Mucoraceae;g__Mucor;s__luteus","Fungi","Mucoromycota","Mucoromycetes","Mucorales","Mucoraceae","Mucor","luteus",0,0,0,0,0,0,0,0,0,0
"k__Fungi;p__Mucoromycota;c__Mucoromycetes;o__Mucorales;f__Mucoraceae;g__Mucor;s__mousanensis","Fungi","Mucoromycota","Mucoromycetes","Mucorales","Mucoraceae","Mucor","mousanensis",0,0,53,1357,0,0,0,0,0,0
"k__Fungi;p__Mucoromycota;c__Mucoromycetes;o__Mucorales;f__Mucoraceae;g__Mucor;s__mucedo","Fungi","Mucoromycota","Mucoromycetes","Mucorales","Mucoraceae","Mucor","mucedo",0,0,0,0,0,0,0,0,0,0
"k__Fungi;p__Mucoromycota;c__Mucoromycetes;o__Mucorales;f__Mucoraceae;g__Mucor;s__nanus-racemosus","Fungi","Mucoromycota","Mucoromycetes","Mucorales","Mucoraceae","Mucor","nanus-racemosus",0,0,0,0,0,0,0,0,0,0
"k__Fungi;p__Mucoromycota;c__Mucoromycetes;o__Mucorales;f__Mucoraceae;g__Mucor;s__nidicola","Fungi","Mucoromycota","Mucoromycetes","Mucorales","Mucoraceae","Mucor","nidicola",0,0,0,0,0,0,46,0,0,0
"k__Fungi;p__Mucoromycota;c__Mucoromycetes;o__Mucorales;f__Mucoraceae;g__Mucor;s__plumbeus","Fungi","Mucoromycota","Mucoromycetes","Mucorales","Mucoraceae","Mucor","plumbeus",0,0,0,0,0,0,0,0,0,0
"k__Fungi;p__Mucoromycota;c__Mucoromycetes;o__Mucorales;f__Mucoraceae;g__Mucor;s__racemosus","Fungi","Mucoromycota","Mucoromycetes","Mucorales","Mucoraceae","Mucor","racemosus",0,0,0,0,0,0,0,0,0,0
"k__Fungi;p__Mucoromycota;c__Mucoromycetes;o__Mucorales;f__Mucoraceae;g__Mucor;s__ramosissimus-velutinosus","Fungi","Mucoromycota","Mucoromycetes","Mucorales","Mucoraceae","Mucor","ramosissimus-velutinosus",0,0,0,0,0,0,0,0,0,0
"k__Fungi;p__Mucoromycota;c__Mucoromycetes;o__Mucorales;f__Mucoraceae;g__Mucor;s__saturninus","Fungi","Mucoromycota","Mucoromycetes","Mucorales","Mucoraceae","Mucor","saturninus",0,0,0,0,0,0,0,0,0,0
"k__Fungi;p__Mucoromycota;c__Mucoromycetes;o__Mucorales;f__Mycotyphaceae;g__Mycotypha;s__microspora","Fungi","Mucoromycota","Mucoromycetes","Mucorales","Mycotyphaceae","Mycotypha","microspora",0,0,0,0,0,0,0,0,0,0
"k__Fungi;p__Mucoromycota;c__Mucoromycetes;o__Mucorales;f__NA;g__NA;s__NA","Fungi","Mucoromycota","Mucoromycetes","Mucorales",NA,NA,NA,0,0,0,0,0,0,22,0,0,0
"k__Fungi;p__Mucoromycota;c__Mucoromycetes;o__Mucorales;f__Phycomycetaceae;g__Phycomyces;s__blakesleeanus","Fungi","Mucoromycota","Mucoromycetes","Mucorales","Phycomycetaceae","Phycomyces","blakesleeanus",0,44,0,0,0,0,0,0,0,0
"k__Fungi;p__Mucoromycota;c__Mucoromycetes;o__Mucorales;f__Rhizopodaceae;g__Rhizopus;s__delemar","Fungi","Mucoromycota","Mucoromycetes","Mucorales","Rhizopodaceae","Rhizopus","delemar",0,0,0,0,0,0,0,0,0,0
"k__Fungi;p__Mucoromycota;c__Mucoromycetes;o__Mucorales;f__Rhizopodaceae;g__Rhizopus;s__microsporus","Fungi","Mucoromycota","Mucoromycetes","Mucorales","Rhizopodaceae","Rhizopus","microsporus",0,0,0,0,0,0,0,0,0,11
"k__Fungi;p__Mucoromycota;c__Mucoromycetes;o__Mucorales;f__Rhizopodaceae;g__Rhizopus;s__oryzae","Fungi","Mucoromycota","Mucoromycetes","Mucorales","Rhizopodaceae","Rhizopus","oryzae",0,0,0,0,0,28,0,685,0,206
"k__Fungi;p__Mucoromycota;c__Mucoromycetes;o__Mucorales;f__Saksenaeaceae;g__Saksenaea;s__trapezispora","Fungi","Mucoromycota","Mucoromycetes","Mucorales","Saksenaeaceae","Saksenaea","trapezispora",0,0,16,22,0,0,0,0,0,0
"k__Fungi;p__Mucoromycota;c__NA;o__Calcarisporiellales;f__Calcarisporiellaceae;g__Calcarisporiella;s__NA","Fungi","Mucoromycota",NA,"Calcarisporiellales","Calcarisporiellaceae","Calcarisporiella",NA,0,0,0,0,0,0,0,0,0,0
"k__Fungi;p__Mucoromycota;c__Umbelopsidomycetes;o__GS23;f__NA;g__NA;s__NA","Fungi","Mucoromycota","Umbelopsidomycetes","GS23",NA,NA,NA,0,0,0,68,0,0,0,0,0,0
"k__Fungi;p__Mucoromycota;c__Umbelopsidomycetes;o__Umbelopsidales;f__Umbelopsidaceae;g__Umbelopsis;s__NA","Fungi","Mucoromycota","Umbelopsidomycetes","Umbelopsidales","Umbelopsidaceae","Umbelopsis",NA,0,0,0,13,0,0,0,0,0,0
"k__Fungi;p__Mucoromycota;c__Umbelopsidomycetes;o__Umbelopsidales;f__Umbelopsidaceae;g__Umbelopsis;s__angularis","Fungi","Mucoromycota","Umbelopsidomycetes","Umbelopsidales","Umbelopsidaceae","Umbelopsis","angularis",0,0,0,0,0,0,0,0,0,0
"k__Fungi;p__Mucoromycota;c__Umbelopsidomycetes;o__Umbelopsidales;f__Umbelopsidaceae;g__Umbelopsis;s__angularis-isabellina","Fungi","Mucoromycota","Umbelopsidomycetes","Umbelopsidales","Umbelopsidaceae","Umbelopsis","angularis-isabellina",0,0,0,0,0,0,0,0,0,0
"k__Fungi;p__Mucoromycota;c__Umbelopsidomycetes;o__Umbelopsidales;f__Umbelopsidaceae;g__Umbelopsis;s__dimorpha","Fungi","Mucoromycota","Umbelopsidomycetes","Umbelopsidales","Umbelopsidaceae","Umbelopsis","dimorpha",0,0,47,59,0,0,0,0,0,0
"k__Fungi;p__Mucoromycota;c__Umbelopsidomycetes;o__Umbelopsidales;f__Umbelopsidaceae;g__Umbelopsis;s__isabellina","Fungi","Mucoromycota","Umbelopsidomycetes","Umbelopsidales","Umbelopsidaceae","Umbelopsis","isabellina",0,19,0,0,0,0,78,0,0,0
"k__Fungi;p__Mucoromycota;c__Umbelopsidomycetes;o__Umbelopsidales;f__Umbelopsidaceae;g__Umbelopsis;s__ramanniana","Fungi","Mucoromycota","Umbelopsidomycetes","Umbelopsidales","Umbelopsidaceae","Umbelopsis","ramanniana",0,0,0,0,0,0,26,0,0,0
"k__Fungi;p__NA;c__Entorrhizomycetes;o__Entorrhizales;f__Entorrhizaceae;g__Entorrhiza;s__cypericola","Fungi",NA,"Entorrhizomycetes","Entorrhizales","Entorrhizaceae","Entorrhiza","cypericola",0,0,0,0,0,0,0,0,0,0
"k__Fungi;p__NA;c__NA;o__NA;f__NA;g__NA;s__NA","Fungi",NA,NA,NA,NA,NA,NA,44,21,637,126,0,301,2131,13472,651,2075
"k__Fungi;p__Rozellomycota;c__Rozellomycotina_cls_Incertae_sedis;o__GS11;f__NA;g__NA;s__NA","Fungi","Rozellomycota","Rozellomycotina_cls_Incertae_sedis","GS11",NA,NA,NA,0,0,0,75,0,0,0,0,0,0
"k__Fungi;p__Zoopagomycota;c__Basidiobolomycetes;o__Basidiobolales;f__Basidiobolaceae;g__Basidiobolus;s__magnus","Fungi","Zoopagomycota","Basidiobolomycetes","Basidiobolales","Basidiobolaceae","Basidiobolus","magnus",0,0,0,0,0,0,0,0,0,0
